   1               /MARK SENSE BATCH AND PIP
   2               /
   3               /
   4               /
   5               /
   6               /
   7               /
   8               /
   9               //
  10               /
  11               /
  12               /
  13               /
  14               /COPYRIGHT (C) 1974, 1975, 1977
  15               /DIGITAL EQUIPMENT CORPORATION, MAYNARD, MASS.
  16               /
  17               /
  18               /
  19               /THIS SOFTWARE IS FURNISHED UNDER A LICENSE FOR USE ONLY ON A
  20               /SINGLE COMPUTER SYSTEM AND MAY BE COPIED ONLY WITH THE INCLU-
  21               /SION OF THE ABOVE COPYRIGHT NOTICE.  THIS SOFTWARE, OR ANT OTHER
  22               /COPIES THEREOF, MAY NOT BR PROVIDED OR OTHERWISE MADE AVAILABLE
  23               /TO ANY OTHER PERSON EXCEPT FOR USE ON SUCH SYSTEM AND TO ONE WHO
  24               /AGREES TO THESE LICENSE TERMS.  TITLE TO AND OWNERSHIP OF THE
  25               /SOFTWARE SHALL AT ALL TIMES REMAIN IN DEC.
  26               /
  27               /
  28               /THE INFORMATION IN THIS SOFTWARE IS SUBJECT TO CHANGE WITHOUT
  29               /NOTICE AND SHOULD NOT BE CONSTRUED AS A COMMITMENT BY DIGITAL
  30               /EQUIPMRNT COROPATION.
  31               /
  32               /DEC ASSUMES NO RESPONSIBILITY FOR THE USE OR RELIABILITY OF ITS
  33               /SOFTWARE ON EQUIPMENT WHICH IS NOT SUPPLIED BY DEC.
  34               /
  35               /
  36               /
  37               /
  38               /
  39               /
  40               /MARK SENSE BATCH AND PIP              JANUARY 9, 1974
  41               /
  42               /
  43               /
  44               /                       AUTHOR: 
  45               /                       MARK B. ROSENTHAL
  46               /                       DIGITAL EQUIPMENT CORPORATION
  47               /
  48               / VERSION 3A    M.H.    28-APR-77
  49               /
  50               /
  51               /
  52               /
  53               /
  54               /
  55               /
  56               /
  57               /
  58               /
  59               /
  60               /
  61               /
  62               /
  63               
  64               
  65               
  66               
  67               L7775=CLA CLL CMA RTL
  68               L7776=CLA CLL CMA RAL
  69               L7777=CLA CLL CMA
  70               L0002=CLA CLL CML RTL
  71               L0001=CLA CLL IAC
  72               CONTCH=3        /CONTINUATION CHARACTER
  73               RUBOUT=7        /RUBOUT BITS
  74               JOBBIT=0200     /BIT POSITION OF $JOB IN COLUMN 1
  75               EOFCHR=6004     /END OF FILE CARD CHARACTER IS _
  76               TABCHR=6010     /TAB CHARACTER
  77               FFCHR=3010      /FORM FEED CHARACTER
  78               NOCHR=6400      /# CHARACTER
  79               RCSE=6672       /CARD READER SELECT AND SKIP IF READY
  80               RCSD=6671       /CARD READER SKIP IF CARD DONE
  81               RCRD=6674       /CARD READER CLEAR CARD DONE FLAG
  82               RCSF=6631       /CARD READER SKIP IF DATA READY
  83               RCRB=6634       /CARD READER READ BINARY
  84               KCF=6030        /CLEAR KEYBOARD FLAG
  85               SYSNO=CLA CLL IAC       /OS8 DEVICE NUMBER FOR SYS:
  86               DSKNO=CLA CLL CML RTL   /OS8 DEVICE NUMBER FOR DSK:
  87               FETCH=1
  88               LOOKUP=2
  89               ENTER=3
  90               CLOSE=4
  91               DECODE=5
  92               CHAIN=6
  93               USRIN=10
  94               USROUT=11
  95               F0=0
  96               F1=10
  97               JSBITS=7746             /JOB STATUS WORD
  98               
  99               
 100               
 101               *10
 102 000010  0000  XR1,    0
 103 000011  0000  XR2,    0
 104 000012  0000  XRCDR,  0
 105 000013  0000  XROPT,  0
 106               
 107               
 108               *20
 109 000020  1000  ERROR=JMS I .;  XERR
 110 000021  1652  CONVRT=JMS I .; XCONVR
 111 000022  2053  OUT=JMS I .;OUTAD,      XOUT
 112 000023  0663  SAVFLD=JMS I .;XSAVDF
 113 000024  0200  USR=JMS I .;    200
 114 000025  0000  KEYWD,  0;0;0;0
     000026  0000  
     000027  0000  
     000030  0000  
 115 000031  0000  TEMP1,  0
 116 000032  0000  TEMP2,  0
 117 000033  0000  TEMP3,  0
 118 000034  0000  TEMP4,  0
 119 000035  0000  TEMP5,  0
 120 000036  0000  OPTCNT, 0       /OUTPUT BUFFER COUNT
 121 000037  0000  OPTSW,  0       /OUTPUT BUFFER THREE WAY SWITCH
 122 000040  0000  KEYADR, 0
 123 000041  0000  KEYVAL, 0
 124 000042  0000  ERRFLG, 0
 125 000043  0000  ERRCNT, 0
 126 000044  0000  CONFLG, 0
 127 000045  0000  LNCNT,  0
 128 000046  0000  USRFLG, 0
 129 000047  0000  OFILE,  ZBLOCK 5        /OUTPUT FILE DEVICE, LENGTH, AND NAME
     000050  0000  
     000051  0000  
     000052  0000  
     000053  0000  
 130 000054  7777  CDRFLG, -1      /CDRIN TO PASSES LAST CARD IF 0
 131 000055  0000  BCLSW,  0
 132 000056  7777  CDREOF, -1
 133 000057  0000  DEVENT, 0       /ENTRY ADDRESS OF OUTPUT DEVICE HANDLER
 134 000060  0000  IOERR,  0       /ERROR NUMBER
 135 000061  2060  VERNO9, ISZ IOERR
 136 000062  2060  IOER8,  ISZ IOERR
 137 000063  2060  CDRER7, ISZ IOERR
 138 000064  2060  OPTER6, ISZ IOERR
 139 000065  2060  OPTER5, ISZ IOERR
 140 000066  2060  OPTER4, ISZ IOERR
 141 000067  2060  OPTER3, ISZ IOERR
 142 000070  2060  OPTER2, ISZ IOERR
 143 000071  5472  OPTER1, JMP I .+1
 144 000072  2310          IOERR1
 145               
 146               
 147               *200
 148 000200  2046  START,  ISZ USRFLG;SKP  /IS THE USR IN CORE?
     000201  7410  
 149 000202  5206          JMP CD          /YES
 150 000203  6212          CIF 10;JMS I (7700;USRIN  /LOCK USR IN CORE
     000204  4777  
     000205  0010  
 151 000206  7340  CD,     L7777           /SET FLAG FOR USR IN CORE
 152 000207  3046          DCA USRFLG
 153 000210  6212          CIF 10;USR;DECODE;0     /DELETE TENTATIVE FILES
     000211  4424  
     000212  0005  
     000213  0000  
 154 000214  1376          TAD (7577       /COPY OUTPUT FILE #1 (NAME AND DEVICE)
 155 000215  3010          DCA XR1
 156 000216  6211          CDF F1
 157 000217  1775          TAD I (7644     /TEST /V SWITCH
 158 000220  0374          AND (4
 159 000221  7640          SZA CLA
 160 000222  5061          JMP VERNO9      /YES - PRINT VERSION NUMBER
 161 000223  1410          TAD I XR1
 162 000224  7450          SNA             /IF NOT SPECIFIED,
 163 000225  7326          DSKNO           /USE DEVICE DSK:
 164 000226  3047          DCA OFILE
 165 000227  1410          TAD I XR1
 166 000230  7450          SNA             /WAS A NAME GIVEN?
 167 000231  5071          JMP OPTER1      /NO
 168 000232  3050  INIT1,  DCA OFILE+1
 169 000233  1410          TAD I XR1
 170 000234  3051          DCA OFILE+2
 171 000235  1410          TAD I XR1
 172 000236  3052          DCA OFILE+3
 173 000237  1410          TAD I XR1
 174 000240  3053          DCA OFILE+4
 175 000241  1373          TAD (OFILE+1
 176 000242  3266          DCA BLOKNO      /SET FILE NAME ADDRESS
 177 000243  1772          TAD I (7605     /GET SECOND OUTPUT DEVICE SPECIFICATION
 178 000244  3771          DCA I (7600     /MOVE TO FIRST FOR SPOOLING IN BATCH
 179 000245  6201          CDF
 180 000246  1266          TAD BLOKNO      /GET ADDRESS OF FILE NAME
 181 000247  3770          DCA I (CLOSNM   /AND SAVE FOR CALL TO CLOSE
 182 000250  1367          TAD (OPTDEV&7600+1      /SET DEVICE HANDLER SPACE
 183 000251  3256          DCA DEVHDL
 184 000252  1047          TAD OFILE
 185 000253  6212          CIF 10;USR;FETCH        /FETCH DEVICE HANDLER
     000254  4424  
     000255  0001  
 186 000256  2401  DEVHDL,         OPTDEV&7600+1   /2 PAGES
 187 000257  5070                  JMP OPTER2      /ERROR - CANNOT FETCH HANDLER
 188 000260  1256          TAD DEVHDL      /MOVE ENTRY ADDRESS
 189 000261  3057          DCA DEVENT      /TO PAGE ZERO
 190 000262  1047          TAD OFILE       /ENTER THE FILE NAME AS TENTATIVE
 191 000263  6212          CIF 10;USR;ENTER
     000264  4424  
     000265  0003  
 192 000266  0050  BLOKNO,         OFILE+1         /FILE NAME, STARTING BLOCK RETURNED HERE
 193 000267  0000  FILLEN,         0               /RETURNS FILE LENGTH HERE
 194 000270  5067                  JMP OPTER3      /CANNOT ENTER FILE
 195 000271  6212          CIF 10;USR;USROUT       /DISMISS THE USR
     000272  4424  
     000273  0011  
 196 000274  3046          DCA USRFLG      /CLEAR USR IN CORE FLAG 
 197 000275  6211          CDF 10
 198 000276  1266          TAD BLOKNO      /SAVE STARTING BLOCK NO. FOR BATCH
 199 000277  3766          DCA I (7620
 200 000300  1047          TAD OFILE       /SAVE DEVICE NO. FOR BATCH
 201 000301  0365          AND (17
 202 000302  3764          DCA I (7617
 203 000303  1763          TAD I (7643     /GET OPTIONS
 204 000304  6201          CDF F0
 205 000305  0362          AND (2100       /      /B OR /F
 206 000306  7450          SNA
 207 000307  3761          DCA I (EOFJMP   /IF NEITHER, THEN WE CHAIN TO BATCH
 208 000310  7106          CLL RTL         /GET /B OUT OF AC
 209 000311  7640          SZA CLA         /IF AC=0 START WITH BASIC KEYWORDS
 210 000312  1360          TAD (FORKEY-BASKEY
 211 000313  1357          TAD (BASKEY-15
 212 000314  3040          DCA KEYADR
 213 000315  5756          JMP I (INIT5
 214               
 215               
 216 000356  0400  PAGE
     000357  4373  
     000360  0042  
     000361  2224  
     000362  2100  
     000363  7643  
     000364  7617  
     000365  0017  
     000366  7620  
     000367  2401  
     000370  2125  
     000371  7600  
     000372  7605  
     000373  0050  
     000374  0004  
     000375  7644  
     000376  7577  
     000377  7700  
 217 000400  1377  INIT5, TAD (BPRI2      /TAILOR IT FOR BATCH PROCESSING
 218 000401  3776          DCA I (BPRKEY   /"PRINT #4,"
 219 000402  1375          TAD (BINP2
 220 000403  3774          DCA I (BINKEY   /"INPUT #3,"
 221 000404  1373          TAD (BSTO2
 222 000405  3772          DCA I (BSTKEY   /"CLOSE# 4\STOP"
 223 000406  1371          TAD (BEND2
 224 000407  3770          DCA I (BENKEY   /"CLOSE #4\END"
 225 000410  6211          CDF F1
 226 000411  3767          DCA I (CBAS5    /NO JUMP
 227 000412  3766          DCA I (DATL48   /NO JUMP
 228 000413  1365          TAD (CL2M1A     /".R LOADER_*GENIOX"
 229 000414  3764          DCA I (CL2SX
 230 000415  1763          TAD I (7643     /TEST /I OPTION (INTERACTIVE)
 231 000416  0362          AND (10
 232 000417  7650          SNA CLA
 233 000420  5240          JMP INIT6
 234 000421  1313          TAD BASJMP      /SET UP FOR FILES 0 & 1
 235 000422  3767          DCA I (CBAS5    /SET UP THE JMP
 236 000423  1314          TAD BASJM1      /SET UP JUMP
 237 000424  3766          DCA I (DATL48
 238 000425  1361          TAD (CL2M1      /".R LOADER_*"
 239 000426  3764          DCA I (CL2SX
 240 000427  6201          CDF F0
 241 000430  1360          TAD (BPRI
 242 000431  3776          DCA I (BPRKEY
 243 000432  1357          TAD (BINP
 244 000433  3774          DCA I (BINKEY
 245 000434  1356          TAD (BSTO
 246 000435  3772          DCA I (BSTKEY
 247 000436  1355          TAD (BEND
 248 000437  3770          DCA I (BENKEY
 249 000440  6211  INIT6,  CDF 10
 250 000441  1754          TAD I (7644     /TEST /T OPTION
 251 000442  0353          AND (20
 252 000443  7650          SNA CLA
 253 000444  1352          TAD (BATLPT-BATTTY
 254 000445  1351          TAD (BATTTY
 255 000446  6213          CIF CDF F1
 256 000447  4750          JMS I (MOVODV
 257 000450  1747          TAD I (7645     /TEST /2 OPTION
 258 000451  0346          AND (200
 259 000452  7650          SNA CLA
 260 000453  5262          JMP INIT3
 261 000454  1345          TAD (CF2        /FORTRAN 2
 262 000455  3744          DCA I (FORADR
 263 000456  1343          TAD (CL2
 264 000457  3742          DCA I (LOAADR
 265 000460  1341          TAD (DATX2
 266 000461  5267          JMP INIT4
 267 000462  1340  INIT3,  TAD (CF4        /FORTRAN 4
 268 000463  3744          DCA I (FORADR
 269 000464  1337          TAD (CL4
 270 000465  3742          DCA I (LOAADR
 271 000466  1336          TAD (DATX4      /INITIALIZE $DATA
 272 000467  3735  INIT4,  DCA I (DATFTN
 273 000470  1735          TAD I (DATFTN
 274 000471  3734          DCA I (DATADR
 275 000472  1333          TAD (SAVARA
 276 000473  3732          DCA I (SAVPNT
 277 000474  3731          DCA I (NAMCNT
 278 000475  6201          CDF F0
 279 000476  3055          DCA BCLSW       /NO BCL CARDS YET
 280 000477  7340          L7777
 281 000500  3056          DCA CDREOF      /RESET EOF SWITCH
 282 000501  1730          TAD I (BLOKNO   /SET STARTING BLOCK NUMBER
 283 000502  3727          DCA I (OPTBLK
 284 000503  1326          TAD (OPTBUF-1
 285 000504  3013          DCA XROPT
 286 000505  1325          TAD (-200
 287 000506  3036          DCA OPTCNT
 288 000507  7346          L7775
 289 000510  3037          DCA OPTSW
 290 000511  3043          DCA ERRCNT      /CLEAR COUNT OF CARDS IN ERROR
 291 000512  5724          JMP I (READY
 292               
 293 000513  5311  BASJMP, JMP CBAS7&177+INIT5
 294 000514  5230  BASJM1, JMP DATL49&177+INIT5
 295               
 296               
 297 000524  0600  PAGE
     000525  7600  
     000526  2777  
     000527  2032  
     000530  0266  
     000531  1672  
     000532  1724  
     000533  4200  
     000534  5316  
     000535  0024  
     000536  3007  
     000537  2540  
     000540  2200  
     000541  2312  
     000542  5317  
     000543  3533  
     000544  5315  
     000545  3200  
     000546  0200  
     000547  7645  
     000550  0302  
     000551  5057  
     000552  0006  
     000553  0020  
     000554  7644  
     000555  4025  
     000556  4165  
     000557  4046  
     000560  4066  
     000561  5640  
     000562  0010  
     000563  7643  
     000564  3404  
     000565  5646  
     000566  3020  
     000567  2100  
     000570  4441  
     000571  4027  
     000572  4423  
     000573  4170  
     000574  4425  
     000575  4051  
     000576  4432  
     000577  4071  
 298 000600  4777  READY, JMS I (CDRIN    /READ A CARD
 299 000601  5776          JMP I (EOF      /END OF FILE SENSED
 300 000602  1412          TAD I XRCDR     /GET COLUMN 1
 301 000603  3025          DCA KEYWD       /SAVE AS KEYWORD BITS
 302 000604  1012          TAD XRCDR
 303 000605  3011          DCA XR2
 304               
 305               
 306               /TRANSLATE LINE NUMBER
 307 000606  1375          TAD (-5
 308 000607  3031          DCA TEMP1
 309 000610  3045          DCA LNCNT       /CLEAR COUNT
 310 000611  3030          DCA KEYWD+3     /CLEAR COLUMN 2-6 KEYWORD BITS
 311 000612  1412  LNLP,   TAD I XRCDR     /GET LINE NO. COLUMN
 312 000613  3032          DCA TEMP2       /SAVE CHAR
 313 000614  1374          TAD (6000
 314 000615  0032          AND TEMP2       /GET KEYWORD BITS
 315 000616  7104          CLL RAL
 316 000617  7006          RTL
 317 000620  1030          TAD KEYWD+3
 318 000621  7106          CLL RTL
 319 000622  3030          DCA KEYWD+3
 320 000623  1373          TAD (1777
 321 000624  0032          AND TEMP2       /GET CHAR
 322 000625  7450          SNA
 323 000626  5242          JMP LNLPEN      /IGNORE BLANKS
 324 000627  4421          CONVRT          /TRANSLATE
 325 000630  5242          JMP LNLPEN      /IGNORE RUBOUTS
 326 000631  1372          TAD (-"9
 327 000632  7540          SMA SZA
 328 000633  5245          JMP LNERR       /NOT A NUMBER
 329 000634  1371          TAD ("9-"0
 330 000635  7510          SPA
 331 000636  5245          JMP LNERR       /NOT A NUMBER
 332 000637  1370          TAD ("0
 333 000640  3411  LNLP1,  DCA I XR2       /INSERT CHARACTER IN OUTPUT BUFFER
 334 000641  2045          ISZ LNCNT       /COUNT THIS CHARACTER
 335 000642  2031  LNLPEN, ISZ TEMP1       /GOT ALL LINE NUMBER COLUMNS?
 336 000643  5212          JMP LNLP        /NO - LOOP.
 337 000644  5767          JMP I (KEYTRA   /GO TRANSLATE KEYWORD
 338               
 339               
 340 000645  4420  LNERR,  ERROR
 341 000646  5240          JMP LNLP1
 342               
 343               
 344 000647  0000  MAKNA2, 0               /FIELD 1 OUTPUT ROUTINE FOR MAKNAM
 345 000650  6213          CIF CDF F1
 346 000651  4766          JMS I (MAKNA3
 347 000652  5647          JMP I MAKNA2
 348               
 349 000653  0000  OOUT2,  0
 350 000654  4422          OUT
 351 000655  6213          CIF CDF F1
 352 000656  5653          JMP I OOUT2
 353               
 354 000657  0000  GETCD1, 0
 355 000660  1412          TAD I XRCDR
 356 000661  6213          CIF CDF F1
 357 000662  5657          JMP I GETCD1
 358               
 359               /FOR RETURN TO CALLING FIELD
 360               /PRESERVES AC AND LINK WHILE PUTTING
 361               /CIF CDF TO DATA FIELD AT ADDRESS
 362               /SPECIFIED AS FIRST WORD AFTER CALL
 363 000663  0000  XSAVDF, 0
 364 000664  3300          DCA XSAVD1
 365 000665  6214          RDF
 366 000666  1365          TAD (CIF CDF
 367 000667  3301          DCA XSAVD2
 368 000670  6201          CDF
 369 000671  1663          TAD I XSAVDF
 370 000672  2263          ISZ XSAVDF
 371 000673  3302          DCA XSAVD3
 372 000674  1301          TAD XSAVD2
 373 000675  3702          DCA I XSAVD3
 374 000676  1300          TAD XSAVD1
 375 000677  5663          JMP I XSAVDF
 376 000700  0000  XSAVD1, 0
 377 000701  0000  XSAVD2, 0
 378 000702  0000  XSAVD3, 0
 379               
 380 000765  6203  PAGE
     000766  1665  
     000767  1200  
     000770  0260  
     000771  0011  
     000772  7507  
     000773  1777  
     000774  6000  
     000775  7773  
     000776  2067  
     000777  1005  
 381 001000  0000  XERR,  0
 382 001001  7600  K7600,  7600
 383 001002  1377          TAD ("?         /OUTPUT A "?"
 384 001003  2042          ISZ ERRFLG      /FLAG ERROR ON THIS CARD
 385 001004  5600          JMP I XERR
 386               
 387               TIME=12
 388               
 389 001005  0000  CDRIN,  0               /READ A CARD INTO THE BUFFER
 390 001006  4423          SAVFLD;CDRCIF   /SAVE DATA FIELD FOR RETURN
     001007  1067  
 391 001010  3042          DCA ERRFLG      /CLEAR ERROR FLAG FOR THIS CARD
 392 001011  2056          ISZ CDREOF      /HAVE WE SEEN EOF?
 393 001012  5267          JMP CDRCIF      /YES - STILL EOF
 394 001013  2054          ISZ CDRFLG      /SHOULD WE PASS LAST CARD?
 395 001014  5263          JMP REINIT      /YES
 396 001015  4276  CDRIN6, JMS CDRIN5      /RESET TIME OUT COUNTERS
 397 001016  1376          TAD (-50        /YES - READ IT INTO THE CDR BUFFER
 398 001017  3031          DCA TEMP1       /40 COLUMNS (DECIMAL)
 399 001020  1375          TAD (CDRBUF-1
 400 001021  3012          DCA XRCDR
 401 001022  6672  CDRIN3, RCSE            /CARD READY?
 402 001023  5274          JMP CDRIN4      /TEST TIME OUT
 403 001024  4276          JMS CDRIN5      /RESET TIME OUT COUNT
 404 001025  4303  CDRIN1, JMS KBRD        /TEST KEYBOARD (AFTER TIME OUT LOOP)
 405 001026  6671          RCSD            /CARD DONE?
 406 001027  7410          SKP
 407 001030  5244          JMP CDRIN7      /YES - TOO FEW COLUMNS
 408 001031  6631          RCSF            /CHARACTER READY?
 409 001032  5225          JMP CDRIN1      /NO - TRY CARD DONE
 410 001033  4276          JMS CDRIN5      /RESET TIME OUT COUNT
 411 001034  6634          RCRB            /YES - READ BINARY
 412 001035  3412  CDRIN2, DCA I XRCDR     /AND STORE IT
 413 001036  2031          ISZ TEMP1       /DON'T READ MORE THAN BUFFER CAN HOLD
 414 001037  5225          JMP CDRIN1      /TRY CARD DONE AGAIN
 415 001040  6671          RCSD            /WAIT FOR END OF CARD - OR ELSE!
 416 001041  5240          JMP .-1
 417 001042  6674          RCRD    /IF THIS ISN'T CLEARED, 
 418                               /FORTRAN IV BECOMES VERY UNHAPPY!
 419 001043  5250          JMP CDRIN8
 420 001044  6674  CDRIN7, RCRD    /FORTRAN IV AGAIN
 421 001045  2031          ISZ TEMP1       /ALLOW ONE COLUMN TOO FEW (EDU30 - 39 COL)
 422 001046  5063          JMP CDRER7      /ERROR!
 423 001047  3412          DCA I XRCDR
 424 001050  1375  CDRIN8, TAD (CDRBUF-1   /INIT BUFFER POINTERS AGAIN
 425 001051  3012          DCA XRCDR
 426 001052  1376          TAD (-50
 427 001053  3031          DCA TEMP1
 428 001054  1374          TAD (-EOFCHR    /TEST FOR FIRST COLUMN=EOFCHR AND REST =0
 429 001055  1412  EOFLP,  TAD I XRCDR     /GET NEXT COLUMN
 430 001056  7640          SZA CLA
 431 001057  5263          JMP REINIT      /NON-ZERO - NOT EOF
 432 001060  2031          ISZ TEMP1
 433 001061  5255          JMP EOFLP       /LOOP
 434 001062  5267          JMP CDRCIF      /END OF FILE CARD
 435 001063  1375  REINIT, TAD (CDRBUF-1
 436 001064  3012          DCA XRCDR
 437 001065  2205          ISZ CDRIN       /SKIP RETURN IF NOT EOF
 438 001066  7340          L7777           /RESET EOF SWITCH
 439 001067  0000  CDRCIF, 0
 440 001070  3056          DCA CDREOF
 441 001071  7340          L7777           /SET TO READ A NEW CARD NEXT TIME
 442 001072  3054          DCA CDRFLG
 443 001073  5605          JMP I CDRIN
 444               
 445 001074  4303  CDRIN4, JMS KBRD        /TEST TIME OUT
 446 001075  5222          JMP CDRIN3      /TRY SELECTING CARD AGAIN
 447               
 448 001076  0000  CDRIN5, 0       /RESET TIME OUT
 449 001077  3353          DCA TIMOUT
 450 001100  1373          TAD (-TIME
 451 001101  3354          DCA TIMOU2
 452 001102  5676          JMP I CDRIN5
 453               
 454 001103  0000  KBRD,   0
 455 001104  6031          KSF             /KEYBOARD?
 456 001105  5313          JMP KBRDTM      /NO - TIME
 457 001106  6034          KRS             /IS IT ^C?
 458 001107  0372          AND (177
 459 001110  1371          TAD (-3
 460 001111  7650          SNA CLA
 461 001112  5601          JMP I K7600     /YES - RETURN TO OS-8
 462 001113  2353  KBRDTM, ISZ TIMOUT      /TIMED OUT YET?
 463 001114  5703          JMP I KBRD      /NO
 464 001115  2354          ISZ TIMOU2
 465 001116  5703          JMP I KBRD      /LIKEWISE
 466 001117  6030          KCF             /IGNORE ANYTHING TYPED BEFORE THIS
 467 001120  1370          TAD (207        /NOTHING - WAKE HIM UP
 468 001121  4767          JMS I (TOUT
 469 001122  1366          TAD (MSGJAM     /IT COULD BE JAMMED
 470 001123  3031          DCA TEMP1
 471 001124  4765          JMS I (TTYOUT
 472 001125  6031  KBRD1,  KSF             /WAIT FOR A CHARACTER OR READER
 473 001126  5341          JMP KBRD3
 474 001127  6034  KBRD2,  KRS             /GET THE CHAR
 475 001130  0372          AND (177        /WITHOUT PARITY
 476 001131  1371          TAD (-3         /IS IT ^C?
 477 001132  7450          SNA
 478 001133  5601          JMP I K7600     /YES - TO MONITOR
 479 001134  6030          KCF     /IF ^C - LEAVE FLAG SO OS-8 WILL SEE IT.  ELSE CLEAR IT
 480 001135  1364          TAD (3-32       /IS IT ^Z?
 481 001136  7650          SNA CLA
 482 001137  5267          JMP CDRCIF      /YES - EOF
 483 001140  5215          JMP CDRIN6      /GO BACK AND TIME OUT AGAIN
 484 001141  6672  KBRD3,  RCSE            /SELECT A CARD?
 485 001142  5325          JMP KBRD1       /NO - TRY KEYBOARD
 486 001143  1376          TAD (-50        /RESET COUNT
 487 001144  3031          DCA TEMP1
 488 001145  1375          TAD (CDRBUF-1   /AND POINTER
 489 001146  3012          DCA XRCDR
 490 001147  5224          JMP CDRIN3+2    /YES - RE-ENTER ROUTINE WITH SUCCESSFUL SELECT
 491               
 492 001150  6031  CDRJA1, KSF
 493 001151  5350          JMP .-1
 494 001152  5327          JMP KBRD2
 495               
 496 001153  0000  TIMOUT, 0
 497 001154  0000  TIMOU2, 0
 498               
 499 001164  7751  PAGE
     001165  1435  
     001166  3473  
     001167  2277  
     001170  0207  
     001171  7775  
     001172  0177  
     001173  7766  
     001174  1774  
     001175  3377  
     001176  7730  
     001177  0277  
 500 001200  1412  KEYTRA,        TAD I XRCDR     /GET KEYWORD COLUMN
 501 001201  3026          DCA KEYWD+1
 502 001202  1412          TAD I XRCDR     /DITTO
 503 001203  3027          DCA KEYWD+2
 504               /CONVERT KEYWORD BITS TO NUMBER
 505 001204  1377          TAD (KEYWD-1    /POINT INDEX REGISTER TO KEYWORD BUFFER
 506 001205  3010          DCA XR1
 507 001206  1376          TAD (-4         /SET COUNT OF WORDS
 508 001207  3031          DCA TEMP1
 509 001210  3041          DCA KEYVAL      /ZERO KEYWORD VALUE
 510 001211  1375  WRDLP,  TAD (-14        /SET BIT COUNT
 511 001212  3032          DCA TEMP2
 512 001213  1410          TAD I XR1       /GET WORD
 513 001214  2041  BITLP,  ISZ KEYVAL      /BUMP BIT VALUE
 514 001215  7104          CLL RAL         /SHIFT INTO LINK
 515 001216  7430          SZL             /IS THIS ONE ON?
 516 001217  5232          JMP KEYFND      /YES - KEYWORD FOUND
 517 001220  2032          ISZ TEMP2       /COUNT BITS
 518 001221  5214          JMP BITLP
 519 001222  2031          ISZ TEMP1       /COUNT WORDS
 520 001223  5211          JMP WRDLP
 521 001224  4774          JMS I (LNOUT    /SEND THE LINE NO.
 522 001225  5773          JMP I (TEXTRA   /ALL BITS OFF - NO KEYWORD
 523               
 524               
 525 001226  4420  KEYBAD, ERROR
 526 001227  4422          OUT
 527 001230  5311          JMP KEYBLK
 528               
 529               
 530 001231  1410          TAD I XR1       /GET NEXT WORD
 531 001232  7640  KEYFND, SZA CLA         /TEST THIS WORD
 532 001233  5226          JMP KEYBAD      /ERROR - MORE THAN ONE KEYWORD MARKED
 533 001234  2031          ISZ TEMP1       /COUNT WORDS
 534 001235  5231          JMP KEYFND-1    /AND LOOP
 535               
 536               /OUTPUT THE KEYWORD
 537 001236  1041          TAD KEYVAL      /IS IT A BATCH CONTROL LANGUAGE COMMAND?
 538 001237  1375          TAD (-14
 539 001240  7740          SMA SZA CLA
 540 001241  5246          JMP KEYOUT
 541 001242  7340          L7777           /FOUND A BCL CARD
 542 001243  3055          DCA BCLSW       /GENERATE "$END" BEFORE CLOSING FILE
 543 001244  6213          CIF CDF F1
 544 001245  5772          JMP I (BCLTRA   /YES - HANDLE THAT SPECIALLY
 545               
 546               
 547 001246  4774  KEYOUT, JMS I (LNOUT    /SEND LINE NUMBER
 548 001247  1040          TAD KEYADR
 549 001250  1041          TAD KEYVAL
 550 001251  3031          DCA TEMP1
 551 001252  1431          TAD I TEMP1     /GET ADDRESS OF KEYWORD
 552 001253  7450          SNA
 553 001254  5226          JMP KEYBAD      /IF ZERO - UNUSED KEYWORD
 554 001255  3031          DCA TEMP1       /ELSE SAVE IT
 555 001256  1031          TAD TEMP1       /IS THIS "INPUT" OR "PRINT
 556 001257  1371          TAD (-BPRI2     /BEING FUDGED UNDER BASIC?
 557 001260  7450          SNA
 558 001261  5265          JMP NOSGN       /PRINT - CHECK FOR NUMBER SIGN
 559 001262  1370          TAD (BPRI2-BINP2
 560 001263  7640          SZA CLA
 561 001264  5310          JMP KEYOU5      /NONE - ALL'S WELL
 562 001265  1367  NOSGN,  TAD (-40        /SET COUNT
 563 001266  3033          DCA TEMP3
 564 001267  1412  NOSGN1, TAD I XRCDR     /IS NEXT CHAR BLANK?
 565 001270  7440          SZA
 566 001271  5275          JMP NOSGN2      /NO - IS IT #
 567 001272  2033          ISZ TEMP3
 568 001273  5267          JMP NOSGN1
 569 001274  5306          JMP NOSGN3      /REST IS BLANK
 570 001275  1372  NOSGN2, TAD (-NOCHR     /IS IT "#"?
 571 001276  7640          SZA CLA
 572 001277  5306          JMP NOSGN3      /NO
 573 001300  1031          TAD TEMP1       /YES - USE "INPUT" OR "PRINT"
 574 001301  1371          TAD (-BPRI2
 575 001302  7640          SZA CLA
 576 001303  1366          TAD (BINP-BPRI
 577 001304  1365          TAD (BPRI
 578 001305  3031          DCA TEMP1
 579 001306  1364  NOSGN3, TAD (CDRBUF+7
 580 001307  3012          DCA XRCDR
 581 001310  4772  KEYOU5, JMS I (UNPACK   /AND OUTPUT KEYWORD
 582 001311  1363  KEYBLK, TAD ("          /INSERT BLANK AFTER KEYWORD
 583 001312  4422          OUT
 584 001313  5773          JMP I (TEXTRA
 585               
 586               
 587 001363  0240  PAGE
     001364  3407  
     001365  4066  
     001366  7760  
     001367  7740  
     001370  0020  
     001371  3707  
     001372  1400  
     001373  1600  
     001374  1444  
     001375  7764  
     001376  7774  
     001377  0024  
 588 001400  0000  UNPACK,        0       /OUTPUT PACKED 6-BIT ASCII TEXT
 589 001401  1431          TAD I TEMP1     /IS FIRST CHAR = 00?
 590 001402  0377          AND (7700
 591 001403  7640          SZA CLA
 592 001404  5210          JMP KEYOU1      /NO - NORMAL 6-BIT TRANSLATE
 593 001405  1376          TAD (211        /YES - THIS IS TAB RATHER THAN END
 594 001406  4422          OUT             /OUTPUT IT
 595 001407  5215          JMP KEYOU3      /AND GET SECOND CHARACTER
 596 001410  1431  KEYOU1, TAD I TEMP1     /GET FIRST CHARACTER
 597 001411  7112          CLL RTR
 598 001412  7012          RTR
 599 001413  7012          RTR
 600 001414  4221          JMS KEYOU2      /AND OUTPUT IT
 601 001415  1431  KEYOU3, TAD I TEMP1     /GET SECOND CHARACTER
 602 001416  4221          JMS KEYOU2      /AND OUTPUT IT
 603 001417  2031          ISZ TEMP1       /POINT TO NEXT TWO CHARACTERS
 604 001420  5210          JMP KEYOU1      /ETC.
 605               
 606 001421  0000  KEYOU2, 0
 607 001422  0375          AND (77         /MASK FOR THE LOW ORDER BITS
 608 001423  7450          SNA
 609 001424  5600          JMP I UNPACK    /CHARACTER IS 00 - END OF KEYWORD
 610 001425  1374          TAD (-37        /<CR>?
 611 001426  7450          SNA
 612 001427  1373          TAD (215-337    /THIS WILL BE 215 WHEN WE'RE DONE
 613 001430  7510          SPA
 614 001431  1372          TAD (100
 615 001432  1371          TAD (237
 616 001433  4422          OUT             /OUTPUT THE CHARACTER
 617 001434  5621          JMP I KEYOU2
 618               
 619 001435  0000  TTYOUT, 0       /USE UNPACK ROUTINE TO PRINT MESSAGE ON TTY
 620 001436  1370          TAD (TOUT       /SWITCH OUTPUT ROUTINES
 621 001437  3022          DCA OUTAD
 622 001440  4200          JMS UNPACK
 623 001441  1367          TAD (XOUT       /RESET OUTPUT ROUTINES
 624 001442  3022          DCA OUTAD
 625 001443  5635          JMP I TTYOUT    /RETURN
 626               
 627               
 628 001444  0000  LNOUT,  0               /OUTPUT THE LINE NUMBER
 629 001445  4423          SAVFLD;LNCIF
     001446  1467  
 630 001447  1045          TAD LNCNT       /GET NUMBER OF CHARS
 631 001450  7040          CMA
 632 001451  3031          DCA TEMP1
 633 001452  1366          TAD (CDRBUF     /START WITH COLUMN 2
 634 001453  3011          DCA XR2
 635 001454  2031  LNOUT1, ISZ TEMP1;SKP   /MORE DIGITS?
     001455  7410  
 636 001456  5262          JMP LNOUT2      /NO
 637 001457  1411          TAD I XR2;OUT
     001460  4422  
 638 001461  5254          JMP LNOUT1
 639 001462  1045  LNOUT2, TAD LNCNT       /ANY DIGITS?
 640 001463  7650          SNA CLA
 641 001464  5267          JMP LNCIF
 642 001465  1365          TAD (" ;OUT     /YES - SUFFIX A BLANK
     001466  4422  
 643 001467  0000  LNCIF,  0
 644 001470  5644          JMP I LNOUT
 645               
 646               
 647 001565  0240  PAGE
     001566  3400  
     001567  2053  
     001570  2277  
     001571  0237  
     001572  0100  
     001573  7656  
     001574  7741  
     001575  0077  
     001576  0211  
     001577  7700  
 648               /TRANSLATE TEXT
 649 001600  3044  TEXTRA, DCA CONFLG      /CLEAR CONTINUATION FLAG
 650 001601  3031          DCA TEMP1       /CLEAR COUNT OF BLANK CHARACTERS
 651 001602  1377          TAD (-40        /32 COLUMNS OF TEXT (DECIMAL)
 652 001603  3033          DCA TEMP3
 653 001604  1412  TEXLP1, TAD I XRCDR
 654 001605  7450          SNA             /BLANK?
 655 001606  5232          JMP TEXBLK      /YES - COUNT A BLANK
 656 001607  1376          TAD (-CONTCH    /CONTINUATION CHARACTER?
 657 001610  7450          SNA
 658 001611  5226          JMP TEXCON      /YES - ENOUGH OF THIS CARD
 659 001612  1375          TAD (CONTCH
 660 001613  4421          CONVRT          /TRANSLATE THE CHARACTER
 661 001614  5221          JMP TEXLP2      /RUBOUT? - GET THE NEXT CHARACTER
 662 001615  3032          DCA TEMP2       /SAVE THE CHARACTER
 663 001616  4234          JMS TEXBOU      /OUTPUT THE COUNTED BLANKS
 664 001617  1032          TAD TEMP2
 665 001620  4422          OUT             /OUTPUT THE CHARACTER
 666 001621  2033  TEXLP2, ISZ TEMP3       /COUNT COLUMNS
 667 001622  5204          JMP TEXLP1
 668 001623  1374          TAD (215        /OUTPUT A <CR>
 669 001624  4422          OUT
 670 001625  5246          JMP TEXFIN
 671               
 672               
 673 001626  4234  TEXCON, JMS TEXBOU
 674 001627  7240          CLA CMA
 675 001630  3044          DCA CONFLG      /SET THE CONTINUATION FLAG
 676 001631  5246          JMP TEXFIN
 677               
 678               
 679 001632  2031  TEXBLK, ISZ TEMP1       /COUNT THE BLANKS
 680 001633  5221          JMP TEXLP2      /GET THE NEXT CHARACTER
 681               
 682               
 683 001634  0000  TEXBOU, 0               /OUTPUT BLANKS
 684 001635  1031          TAD TEMP1
 685 001636  7040          CMA
 686 001637  3031          DCA TEMP1
 687 001640  2031  TEXBO1, ISZ TEMP1       /MORE BLANKS
 688 001641  7410          SKP
 689 001642  5634          JMP I TEXBOU    /NO - RETURN
 690 001643  1373          TAD ("          /YES - OUTPUT A BLANK
 691 001644  4422          OUT
 692 001645  5240          JMP TEXBO1
 693               
 694               
 695 001646  1042  TEXFIN, TAD ERRFLG      /DID THIS CARD HAVE AN ERROR?
 696 001647  7640          SZA CLA
 697 001650  2043          ISZ ERRCNT      /YES - COUNT IT
 698 001651  5772          JMP I (READY    /PROCESS NEXT CARD
 699               
 700               
 701               /CARD CODE TO ASCII CONVERSION ROUTINE
 702 001652  0000  XCONVR, 0               /INPUT 12 BIT CARD CODE - OUTPUT 8 BIT ASCII
 703 001653  4423          SAVFLD;XCOCIF   /SAVE DATA FIELD FOR RETURN
     001654  1744  
 704 001655  3346          DCA CONVR1      /SAVE 12 BIT CARD CODE
 705 001656  1371          TAD (RUBOUT
 706 001657  0346          AND CONVR1
 707 001660  1370          TAD (-RUBOUT
 708 001661  7650          SNA CLA         /WAS CHARACTER RUBBED OUT?
 709 001662  5344          JMP XCOCIF      /YES - RETURN 0 IN AC
 710 001663  2252          ISZ XCONVR      /NOT RUBBED OUT - SKIP RETURN
 711 001664  1346          TAD CONVR1
 712 001665  7006          RTL
 713 001666  7006          RTL
 714 001667  0371          AND (7          /GET ZONE BITS
 715 001670  7104          CLL RAL
 716 001671  3347          DCA CONVR2      /2*ZONE BITS
 717 001672  1347          TAD CONVR2
 718 001673  7006          RTL
 719 001674  1347          TAD CONVR2      /10*ZONE BITS
 720 001675  3347          DCA CONVR2
 721 001676  1346          TAD CONVR1
 722 001677  7006          RTL
 723 001700  7004          RAL
 724 001701  0367          AND (7770       /1-9 "PUNCHES"
 725 001702  7450          SNA
 726 001703  5312          JMP CONVR3      /IF ALL OFF DON'T INCREMENT COUNT
 727 001704  7104          CLL RAL         /SHIFT NEXT BIT INTO LINK
 728 001705  2347          ISZ CONVR2      /COUNT THE BIT
 729 001706  7420          SNL
 730 001707  5304          JMP .-3         /LOOP IF OFF
 731 001710  7640          SZA CLA
 732 001711  5343          JMP CONILL      /IF REST OF AC IS NOT ZERO - ILLEGAL CHARACTER
 733 001712  1347  CONVR3, TAD CONVR2      /GET DISPLACEMENT OF CHAR IN TABLE
 734 001713  7110          CLL RAR         /GET WORD DISPLACEMENT IN AC
 735 001714  1366          TAD (TRTAB      /ADDRESS OF WORD
 736 001715  3347          DCA CONVR2
 737 001716  1747          TAD I CONVR2    /GET WORD
 738 001717  7430          SZL
 739 001720  5324          JMP .+4         /IF DISPLACEMENT WAS ODD, USE LOW ORDER HALF OF WORD
 740 001721  7012          RTR
 741 001722  7012          RTR
 742 001723  7012          RTR
 743 001724  0365          AND (77         /MASK FOR LOW PART OF WORD
 744 001725  7450          SNA
 745 001726  5331          JMP CONVR4      /ZERO IN TABLE IS ILLEGAL CODE (MAYBE)
 746 001727  1373          TAD (240
 747 001730  5344          JMP XCOCIF      /RETURN WITH 8 BIT ASCII IN AC
 748 001731  1346  CONVR4, TAD CONVR1      /GET 12-BIT CARD CODE
 749 001732  1364          TAD (-TABCHR    /IS IT A TAB CHAR?
 750 001733  7450          SNA
 751 001734  5341          JMP CONVR5      /YUP!
 752 001735  1363          TAD (TABCHR-FFCHR       /HOW ABOUT A FORM FEED?
 753 001736  7640          SZA CLA
 754 001737  5343          JMP CONILL      /NOPE - IT'S REALLY BAD
 755 001740  1375          TAD (214-211    /IT'S FORM FEED
 756 001741  1362  CONVR5, TAD (211        /IT'S TAB
 757 001742  5344          JMP XCOCIF
 758 001743  4420  CONILL, ERROR           /SET ERROR FLAG; RETURN "?" IN AC
 759 001744  0000  XCOCIF, 0
 760 001745  5652          JMP I XCONVR
 761               
 762 001746  0000  CONVR1, 0
 763 001747  0000  CONVR2, 0
 764               
 765               
 766 001762  0211  PAGE
     001763  3000  
     001764  1770  
     001765  0077  
     001766  3724  
     001767  7770  
     001770  7771  
     001771  0007  
     001772  0600  
     001773  0240  
     001774  0215  
     001775  0003  
     001776  7775  
     001777  7740  
 767               /OUTPUT A CHARACTER.  RETURNS .+1 IF CHARACTER IS
 768               /JUST STORED IN BUFFER.  RETURNS .+2 IF NO MORE SPACE IN
 769               /EMPTY.  RETURNS .+3 IF BLOCK WAS WRITTEN AND THERE ARE
 770               /MORE BLOCKS IN THE EMPTY.
 771 002000  0000  XOUTP,  0               /OUTPUT ROUTINE
 772 002001  2037          ISZ OPTSW       /THREE WAY SWITCH
 773 002002  5247          JMP XOUT1
 774 002003  3251          DCA XOUT2       /SAVE CHAR IN TEMP
 775 002004  7340          L7777
 776 002005  1013          TAD XROPT       /BACK UP 2 WORDS
 777 002006  3252          DCA XOUT3
 778 002007  1251          TAD XOUT2       /GET FIRST HALF OF CHARACTER
 779 002010  7006          RTL
 780 002011  7006          RTL
 781 002012  0304          AND K7400
 782 002013  1652          TAD I XOUT3     /ADD IN FIRST CHARACTER
 783 002014  3652          DCA I XOUT3
 784 002015  2252          ISZ XOUT3
 785 002016  1251          TAD XOUT2       /GET SECOND HALF OF CHARACTER
 786 002017  7012          RTR
 787 002020  7012          RTR
 788 002021  7010          RAR
 789 002022  0304          AND K7400
 790 002023  1652          TAD I XOUT3     /ADD IN SECOND CHARACTER
 791 002024  3652          DCA I XOUT3
 792 002025  2036          ISZ OPTCNT      /IS BUFFER FULL?
 793 002026  5244          JMP XOUT6       /NO - RETURN NORMALLY
 794 002027  4457          JMS I DEVENT    /CALL DEVICE HANDLER
 795 002030  4200                  4200    /TWO PAGES OF OUTPUT FROM FIELD 0
 796 002031  3000                  OPTBUF  /BUFFER ADDRESS
 797 002032  0000  OPTBLK,         0       /BLOCK NUMBER
 798 002033  5066                  JMP OPTER4      /ERROR DOING OUTPUT
 799 002034  2232          ISZ OPTBLK      /INCREMENT BLOCK NUMBER
 800 002035  1377          TAD (OPTBUF-1   /RESET BUFFER POINTER
 801 002036  3013          DCA XROPT
 802 002037  1376          TAD (-200       /AND BUFFER LENGTH /2
 803 002040  3036          DCA OPTCNT
 804 002041  2200          ISZ XOUTP       /SKIP RETURN IF BLOCK WRITTEN
 805 002042  2775          ISZ I (FILLEN   /MORE BLOCKS IN EMPTY?
 806 002043  2200          ISZ XOUTP       /YES - SKIP AGAIN
 807 002044  7346  XOUT6,  L7775           /RESET 3-WAY SWITCH
 808 002045  3037          DCA OPTSW
 809 002046  5600          JMP I XOUTP     /RETURN
 810               
 811 002047  3413  XOUT1,  DCA I XROPT     /SAVE CHARACTER IN BUFFER
 812 002050  5600          JMP I XOUTP
 813               
 814 002051  0000  XOUT2,  0
 815 002052  0000  XOUT3,  0
 816               
 817               
 818 002053  0000  XOUT,   0
 819 002054  3326          DCA CLOSLN      /SAVE CHAR IN A CONVENIENT TEMP
 820 002055  1326          TAD CLOSLN
 821 002056  4200          JMS XOUTP       /OUTPUT THE CHARACTER
 822 002057  7410          SKP
 823 002060  5065          JMP OPTER5      /FILLED UP AVAILABLE SPACE BEFORE ^Z
 824 002061  1326          TAD CLOSLN      /WAS IT <CR>?
 825 002062  1374          TAD (-215
 826 002063  7640          SZA CLA
 827 002064  5653          JMP I XOUT      /RETURN
 828 002065  1373          TAD (212
 829 002066  5254          JMP XOUT+1
 830               
 831               
 832 002067  3041  EOF,    DCA KEYVAL      /FINISH UP ANY BCL CARD IN PROGRESS
 833 002070  3044          DCA CONFLG      /ZERO THESE TO GET US AROUND
 834 002071  3045          DCA LNCNT       /THE TESTS IN BCLHUH
 835 002072  6213          CIF CDF F1
 836 002073  5772          JMP I (BCLTRA
 837 002074  2055  EOF2,   ISZ BCLSW       /WERE THERE ANY BCL CARDS?
 838 002075  5301          JMP EOF1        /NO
 839 002076  1371          TAD (MEND       /YES - SEND "$END"
 840 002077  3031          DCA TEMP1
 841 002100  4772          JMS I (UNPACK
 842 002101  1370  EOF1,   TAD (32         /^Z
 843 002102  4200          JMS XOUTP       /OUTPUT CHAR
 844 002103  5302          JMP .-1         /BLOCK NOT YET FULL
 845 002104  7400  K7400,  7400            /BLOCK WRITTEN
 846 002105  1767          TAD I (BLOKNO   /BLOCK WRITTEN
 847 002106  7041          CIA
 848 002107  1232          TAD OPTBLK      /GET LENGTH OF FILE WRITTEN
 849 002110  3326          DCA CLOSLN      /SET LENGTH FOR CLOSE
 850 002111  2046          ISZ USRFLG;SKP  /IS USR IN CORE?
     002112  7410  
 851 002113  5317          JMP EOF3        /YES
 852 002114  6212          CIF 10;JMS I (7700;USRIN        /BRING IN THE USR
     002115  4766  
     002116  0010  
 853 002117  7340  EOF3,   L7777           /SET USR IN CORE FLAG
 854 002120  3046          DCA USRFLG
 855 002121  1047          TAD OFILE       /GET DEVICE NUMBER
 856 002122  6212          CIF 10;USR;CLOSE
     002123  4424  
     002124  0004  
 857 002125  0000  CLOSNM,         0       /POINTER TO NAME
 858 002126  0000  CLOSLN,         0       /LENGTH OF FILE
 859 002127  5064                  JMP OPTER6
 860 002130  1326          TAD CLOSLN
 861 002131  7041          CIA
 862 002132  7006          RTL
 863 002133  7006          RTL
 864 002134  0365          AND (7760       /GET MINUS LENGTH IN BITS 0-7
 865 002135  6211          CDF 10
 866 002136  1764          TAD I (7617
 867 002137  3764          DCA I (7617     /SET LENGTH AND DEVICE NO. FOR BATCH
 868 002140  6201          CDF
 869 002141  5763          JMP I (ERRDEC   /CONVERT NUMBER OF ERRORS TO DECIMAL
 870               
 871               
 872 002163  2200  PAGE
     002164  7617  
     002165  7760  
     002166  7700  
     002167  0266  
     002170  0032  
     002171  3454  
     002172  1400  
     002173  0212  
     002174  7563  
     002175  0267  
     002176  7600  
     002177  2777  
 873               /CONVERT NUMBER OF CARDS IN ERROR TO DECIMAL AND TYPE MESSAGE
 874 002200  1377  ERRDEC, TAD (DECN-1     /START POWERS OF 10 AT 1000
 875 002201  3010          DCA XR1
 876 002202  1376          TAD (-4
 877 002203  3031          DCA TEMP1       /FOUR POWERS OF 10
 878 002204  3035          DCA TEMP5       /CLEAR LEADING ZEROES FLAG
 879 002205  1043          TAD ERRCNT      /SET VALUE
 880 002206  3034          DCA TEMP4
 881 002207  1375          TAD (TOUT       /FUDGE OUTPUT CALL
 882 002210  3022          DCA OUTAD
 883 002211  4244          JMS CONDEC      /CONVERT TO DECIMAL
 884 002212  1374          TAD (XOUT       /RESTORE OUTPUT CALL
 885 002213  3022          DCA OUTAD
 886 002214  1373          TAD (NOMES      /SET UP TO PRINT "NO"
 887 002215  3031          DCA TEMP1
 888 002216  1035          TAD TEMP5       /DID WE PRINT A NUMBER?
 889 002217  7650          SNA CLA
 890 002220  4772          JMS I (TTYOUT   /NO - PRINT "NO"
 891 002221  1371          TAD (CDMES      /PRINT "CARDS IN ERROR"
 892 002222  3031          DCA TEMP1
 893 002223  4772          JMS I (TTYOUT
 894 002224  5770  EOFJMP, JMP I (CD       /DONE WITH THIS ONE - CALL COMMAND DECODER
 895 002225  7301          SYSNO           /LOAD SYS: NUMBER FOR LOOKUP
 896 002226  6212          CIF 10;USR;LOOKUP
     002227  4424  
     002230  0002  
 897 002231  3450  BATBLK,         BATNAM
 898 002232  0000                  0
 899 002233  5062                  JMP IOER8
 900 002234  1231          TAD BATBLK
 901 002235  3243          DCA CHNBLK
 902 002236  7301          L0001
 903 002237  3767          DCA I (JSBITS   /KEEP USR ACROSS CHAIN
 904 002240  6212          CIF 10;USR;CHAIN        /NOW CHAIN TO BATCH
     002241  4424  
     002242  0006  
 905 002243  0000  CHNBLK,         0
 906               
 907               
 908 002244  0000  CONDEC, 0               /CONVERT A NUMBER TO DECIMAL
 909 002245  4423          SAVFLD;CONCIF   /SAVE DATA FIELD FOR RETURN
     002246  2275  
 910 002247  1410  DIGLP,  TAD I XR1       /GET THIS POWER OF 10
 911 002250  3032          DCA TEMP2       /AND SAVE IT
 912 002251  3033          DCA TEMP3       /CLEAR THIS DIGIT
 913 002252  1034  DIGLP1, TAD TEMP4       /GET NUMBER TO BE CONVERTED
 914 002253  1032          TAD TEMP2       /DIVIDE BY SUBTRACTING
 915 002254  7510          SPA
 916 002255  5261          JMP DIGLP2      /WENT NEGATIVE - DONE
 917 002256  2033          ISZ TEMP3       /BUMP COUNT
 918 002257  3034          DCA TEMP4       /SAVE REDUCED VALUE
 919 002260  5252          JMP DIGLP1
 920 002261  7200  DIGLP2, CLA
 921 002262  1033          TAD TEMP3       /GET VALUE OF THIS DIGIT
 922 002263  7440          SZA
 923 002264  5270          JMP DIGOUT      /NOT A ZERO - PRINT IT
 924 002265  1035          TAD TEMP5       /IF ZERO - IS IT LEADING?
 925 002266  7650          SNA CLA
 926 002267  5273          JMP DIGLPE      /YES - DON'T PRINT IT
 927 002270  2035  DIGOUT, ISZ TEMP5       /IF PRINTING, THEN ZEROES ARE NOT LEADING
 928 002271  1366          TAD (260        /CONVERT TO ASCII
 929 002272  4422          OUT
 930 002273  2031  DIGLPE, ISZ TEMP1       /LAST DIGIT?
 931 002274  5247          JMP DIGLP       /NO - LOOP
 932 002275  0000  CONCIF, 0
 933 002276  5644          JMP I CONDEC    /RETURN
 934               
 935               
 936 002277  0000  TOUT,   0               /SEND A CHARACTER TO THE TTY
 937 002300  6046          TLS
 938 002301  6041          TSF
 939 002302  5301          JMP .-1
 940 002303  1365          TAD (-215       /WAS THE CHARACTER <CR>?
 941 002304  7640          SZA CLA
 942 002305  5677          JMP I TOUT      /NO - RETURN
 943 002306  1364          TAD (212        /YES - TYPE A LINE FEED
 944 002307  5300          JMP TOUT+1
 945               
 946               
 947 002310  6201  IOERR1, CDF F0
 948 002311  7200          CLA             /TYPE ERROR MESSAGE
 949 002312  1060          TAD IOERR       /GET NUMBER
 950 002313  7104          CLL RAL
 951 002314  1363          TAD (IOETAB-1
 952 002315  3010          DCA XR1
 953 002316  1410          TAD I XR1       /GET ADDRESS OF MESSAGE
 954 002317  3031          DCA TEMP1
 955 002320  3060          DCA IOERR       /CLEAR ERROR NUMBER
 956 002321  4772          JMS I (TTYOUT   /PRINT IT
 957 002322  1410          TAD I XR1       /GO TO RESTART ADDRESS
 958 002323  3031          DCA TEMP1
 959 002324  5431          JMP I TEMP1
 960               
 961               
 962 002363  3675  PAGE
     002364  0212  
     002365  7563  
     002366  0260  
     002367  7746  
     002370  0206  
     002371  3462  
     002372  1435  
     002373  3460  
     002374  2053  
     002375  2277  
     002376  7774  
     002377  3717  
 963 002400  0000  OPTDEV,        ZBLOCK 400      /TWO PAGES FOR DEVICE HANDLER
     002401  0000  
     002402  0000  
     002403  0000  
     002404  0000  
     002405  0000  
     002406  0000  
     002407  0000  
     002410  0000  
     002411  0000  
     002412  0000  
     002413  0000  
     002414  0000  
     002415  0000  
     002416  0000  
     002417  0000  
     002420  0000  
     002421  0000  
     002422  0000  
     002423  0000  
     002424  0000  
     002425  0000  
     002426  0000  
     002427  0000  
     002430  0000  
     002431  0000  
     002432  0000  
     002433  0000  
     002434  0000  
     002435  0000  
     002436  0000  
     002437  0000  
     002440  0000  
     002441  0000  
     002442  0000  
     002443  0000  
     002444  0000  
     002445  0000  
     002446  0000  
     002447  0000  
     002450  0000  
     002451  0000  
     002452  0000  
     002453  0000  
     002454  0000  
     002455  0000  
     002456  0000  
     002457  0000  
     002460  0000  
     002461  0000  
     002462  0000  
     002463  0000  
     002464  0000  
     002465  0000  
     002466  0000  
     002467  0000  
     002470  0000  
     002471  0000  
     002472  0000  
     002473  0000  
     002474  0000  
     002475  0000  
     002476  0000  
     002477  0000  
     002500  0000  
     002501  0000  
     002502  0000  
     002503  0000  
     002504  0000  
     002505  0000  
     002506  0000  
     002507  0000  
     002510  0000  
     002511  0000  
     002512  0000  
     002513  0000  
     002514  0000  
     002515  0000  
     002516  0000  
     002517  0000  
     002520  0000  
     002521  0000  
     002522  0000  
     002523  0000  
     002524  0000  
     002525  0000  
     002526  0000  
     002527  0000  
     002530  0000  
     002531  0000  
     002532  0000  
     002533  0000  
     002534  0000  
     002535  0000  
     002536  0000  
     002537  0000  
     002540  0000  
     002541  0000  
     002542  0000  
     002543  0000  
     002544  0000  
     002545  0000  
     002546  0000  
     002547  0000  
     002550  0000  
     002551  0000  
     002552  0000  
     002553  0000  
     002554  0000  
     002555  0000  
     002556  0000  
     002557  0000  
     002560  0000  
     002561  0000  
     002562  0000  
     002563  0000  
     002564  0000  
     002565  0000  
     002566  0000  
     002567  0000  
     002570  0000  
     002571  0000  
     002572  0000  
     002573  0000  
     002574  0000  
     002575  0000  
     002576  0000  
     002577  0000  
     002600  0000  
     002601  0000  
     002602  0000  
     002603  0000  
     002604  0000  
     002605  0000  
     002606  0000  
     002607  0000  
     002610  0000  
     002611  0000  
     002612  0000  
     002613  0000  
     002614  0000  
     002615  0000  
     002616  0000  
     002617  0000  
     002620  0000  
     002621  0000  
     002622  0000  
     002623  0000  
     002624  0000  
     002625  0000  
     002626  0000  
     002627  0000  
     002630  0000  
     002631  0000  
     002632  0000  
     002633  0000  
     002634  0000  
     002635  0000  
     002636  0000  
     002637  0000  
     002640  0000  
     002641  0000  
     002642  0000  
     002643  0000  
     002644  0000  
     002645  0000  
     002646  0000  
     002647  0000  
     002650  0000  
     002651  0000  
     002652  0000  
     002653  0000  
     002654  0000  
     002655  0000  
     002656  0000  
     002657  0000  
     002660  0000  
     002661  0000  
     002662  0000  
     002663  0000  
     002664  0000  
     002665  0000  
     002666  0000  
     002667  0000  
     002670  0000  
     002671  0000  
     002672  0000  
     002673  0000  
     002674  0000  
     002675  0000  
     002676  0000  
     002677  0000  
     002700  0000  
     002701  0000  
     002702  0000  
     002703  0000  
     002704  0000  
     002705  0000  
     002706  0000  
     002707  0000  
     002710  0000  
     002711  0000  
     002712  0000  
     002713  0000  
     002714  0000  
     002715  0000  
     002716  0000  
     002717  0000  
     002720  0000  
     002721  0000  
     002722  0000  
     002723  0000  
     002724  0000  
     002725  0000  
     002726  0000  
     002727  0000  
     002730  0000  
     002731  0000  
     002732  0000  
     002733  0000  
     002734  0000  
     002735  0000  
     002736  0000  
     002737  0000  
     002740  0000  
     002741  0000  
     002742  0000  
     002743  0000  
     002744  0000  
     002745  0000  
     002746  0000  
     002747  0000  
     002750  0000  
     002751  0000  
     002752  0000  
     002753  0000  
     002754  0000  
     002755  0000  
     002756  0000  
     002757  0000  
     002760  0000  
     002761  0000  
     002762  0000  
     002763  0000  
     002764  0000  
     002765  0000  
     002766  0000  
     002767  0000  
     002770  0000  
     002771  0000  
     002772  0000  
     002773  0000  
     002774  0000  
     002775  0000  
     002776  0000  
     002777  0000  
 964 003000  0000  OPTBUF, ZBLOCK 400      /TWO PAGES FOR OUTPUT BUFFER
     003001  0000  
     003002  0000  
     003003  0000  
     003004  0000  
     003005  0000  
     003006  0000  
     003007  0000  
     003010  0000  
     003011  0000  
     003012  0000  
     003013  0000  
     003014  0000  
     003015  0000  
     003016  0000  
     003017  0000  
     003020  0000  
     003021  0000  
     003022  0000  
     003023  0000  
     003024  0000  
     003025  0000  
     003026  0000  
     003027  0000  
     003030  0000  
     003031  0000  
     003032  0000  
     003033  0000  
     003034  0000  
     003035  0000  
     003036  0000  
     003037  0000  
     003040  0000  
     003041  0000  
     003042  0000  
     003043  0000  
     003044  0000  
     003045  0000  
     003046  0000  
     003047  0000  
     003050  0000  
     003051  0000  
     003052  0000  
     003053  0000  
     003054  0000  
     003055  0000  
     003056  0000  
     003057  0000  
     003060  0000  
     003061  0000  
     003062  0000  
     003063  0000  
     003064  0000  
     003065  0000  
     003066  0000  
     003067  0000  
     003070  0000  
     003071  0000  
     003072  0000  
     003073  0000  
     003074  0000  
     003075  0000  
     003076  0000  
     003077  0000  
     003100  0000  
     003101  0000  
     003102  0000  
     003103  0000  
     003104  0000  
     003105  0000  
     003106  0000  
     003107  0000  
     003110  0000  
     003111  0000  
     003112  0000  
     003113  0000  
     003114  0000  
     003115  0000  
     003116  0000  
     003117  0000  
     003120  0000  
     003121  0000  
     003122  0000  
     003123  0000  
     003124  0000  
     003125  0000  
     003126  0000  
     003127  0000  
     003130  0000  
     003131  0000  
     003132  0000  
     003133  0000  
     003134  0000  
     003135  0000  
     003136  0000  
     003137  0000  
     003140  0000  
     003141  0000  
     003142  0000  
     003143  0000  
     003144  0000  
     003145  0000  
     003146  0000  
     003147  0000  
     003150  0000  
     003151  0000  
     003152  0000  
     003153  0000  
     003154  0000  
     003155  0000  
     003156  0000  
     003157  0000  
     003160  0000  
     003161  0000  
     003162  0000  
     003163  0000  
     003164  0000  
     003165  0000  
     003166  0000  
     003167  0000  
     003170  0000  
     003171  0000  
     003172  0000  
     003173  0000  
     003174  0000  
     003175  0000  
     003176  0000  
     003177  0000  
     003200  0000  
     003201  0000  
     003202  0000  
     003203  0000  
     003204  0000  
     003205  0000  
     003206  0000  
     003207  0000  
     003210  0000  
     003211  0000  
     003212  0000  
     003213  0000  
     003214  0000  
     003215  0000  
     003216  0000  
     003217  0000  
     003220  0000  
     003221  0000  
     003222  0000  
     003223  0000  
     003224  0000  
     003225  0000  
     003226  0000  
     003227  0000  
     003230  0000  
     003231  0000  
     003232  0000  
     003233  0000  
     003234  0000  
     003235  0000  
     003236  0000  
     003237  0000  
     003240  0000  
     003241  0000  
     003242  0000  
     003243  0000  
     003244  0000  
     003245  0000  
     003246  0000  
     003247  0000  
     003250  0000  
     003251  0000  
     003252  0000  
     003253  0000  
     003254  0000  
     003255  0000  
     003256  0000  
     003257  0000  
     003260  0000  
     003261  0000  
     003262  0000  
     003263  0000  
     003264  0000  
     003265  0000  
     003266  0000  
     003267  0000  
     003270  0000  
     003271  0000  
     003272  0000  
     003273  0000  
     003274  0000  
     003275  0000  
     003276  0000  
     003277  0000  
     003300  0000  
     003301  0000  
     003302  0000  
     003303  0000  
     003304  0000  
     003305  0000  
     003306  0000  
     003307  0000  
     003310  0000  
     003311  0000  
     003312  0000  
     003313  0000  
     003314  0000  
     003315  0000  
     003316  0000  
     003317  0000  
     003320  0000  
     003321  0000  
     003322  0000  
     003323  0000  
     003324  0000  
     003325  0000  
     003326  0000  
     003327  0000  
     003330  0000  
     003331  0000  
     003332  0000  
     003333  0000  
     003334  0000  
     003335  0000  
     003336  0000  
     003337  0000  
     003340  0000  
     003341  0000  
     003342  0000  
     003343  0000  
     003344  0000  
     003345  0000  
     003346  0000  
     003347  0000  
     003350  0000  
     003351  0000  
     003352  0000  
     003353  0000  
     003354  0000  
     003355  0000  
     003356  0000  
     003357  0000  
     003360  0000  
     003361  0000  
     003362  0000  
     003363  0000  
     003364  0000  
     003365  0000  
     003366  0000  
     003367  0000  
     003370  0000  
     003371  0000  
     003372  0000  
     003373  0000  
     003374  0000  
     003375  0000  
     003376  0000  
     003377  0000  
 965 003400  0000  CDRBUF, DECIMAL;ZBLOCK 40;OCTAL
     003401  0000  
     003402  0000  
     003403  0000  
     003404  0000  
     003405  0000  
     003406  0000  
     003407  0000  
     003410  0000  
     003411  0000  
     003412  0000  
     003413  0000  
     003414  0000  
     003415  0000  
     003416  0000  
     003417  0000  
     003420  0000  
     003421  0000  
     003422  0000  
     003423  0000  
     003424  0000  
     003425  0000  
     003426  0000  
     003427  0000  
     003430  0000  
     003431  0000  
     003432  0000  
     003433  0000  
     003434  0000  
     003435  0000  
     003436  0000  
     003437  0000  
     003440  0000  
     003441  0000  
     003442  0000  
     003443  0000  
     003444  0000  
     003445  0000  
     003446  0000  
     003447  0000  
 966 003450  0201  BATNAM, TEXT "BATCH@SV";*.-1
     003451  2403  
     003452  1000  
     003453  2326  
     003454  0000  
 967 003454  3744  MEND,   TEXT "_$END_"
     003455  0516  
     003456  0437  
     003457  0000  
 968 003460  1617  NOMES,  TEXT "NO"
     003461  0000  
 969 003462  4003  CDMES,  TEXT " CARDS IN ERROR_"
     003463  0122  
     003464  0423  
     003465  4011  
     003466  1640  
     003467  0522  
     003470  2217  
     003471  2237  
     003472  0000  
 970 003473  1417  MSGJAM, TEXT "LOAD MORE CARDS OR TYPE ^Z_"
     003474  0104  
     003475  4015  
     003476  1722  
     003477  0540  
     003500  0301  
     003501  2204  
     003502  2340  
     003503  1722  
     003504  4024  
     003505  3120  
     003506  0540  
     003507  3632  
     003510  3700  
 971 003511  1617  IOEM1,  TEXT "NO OUTPUT FILE SPECIFIED_"
     003512  4017  
     003513  2524  
     003514  2025  
     003515  2440  
     003516  0611  
     003517  1405  
     003520  4023  
     003521  2005  
     003522  0311  
     003523  0611  
     003524  0504  
     003525  3700  
 972 003526  0301  IOEM2,  TEXT "CAN'T FETCH DEVICE HANDLER_"
     003527  1647  
     003530  2440  
     003531  0605  
     003532  2403  
     003533  1040  
     003534  0405  
     003535  2611  
     003536  0305  
     003537  4010  
     003540  0116  
     003541  0414  
     003542  0522  
     003543  3700  
 973 003544  0301  IOEM3,  TEXT "CAN'T ENTER FILE_"
     003545  1647  
     003546  2440  
     003547  0516  
     003550  2405  
     003551  2240  
     003552  0611  
     003553  1405  
     003554  3700  
 974 003555  1725  IOEM4,  TEXT "OUTPUT ERROR_"
     003556  2420  
     003557  2524  
     003560  4005  
     003561  2222  
     003562  1722  
     003563  3700  
 975 003564  0611  IOEM5,  TEXT "FILE TOO BIG_"
     003565  1405  
     003566  4024  
     003567  1717  
     003570  4002  
     003571  1107  
     003572  3700  
 976 003573  0301  IOEM6,  TEXT "CAN'T CLOSE FILE_"
     003574  1647  
     003575  2440  
     003576  0314  
     003577  1723  
     003600  0540  
     003601  0611  
     003602  1405  
     003603  3700  
 977 003604  0301  IOEM7,  TEXT "CARD IN READER BACKWARDS.  TYPE SPACE TO CONTINUE._"
     003605  2204  
     003606  4011  
     003607  1640  
     003610  2205  
     003611  0104  
     003612  0522  
     003613  4002  
     003614  0103  
     003615  1327  
     003616  0122  
     003617  0423  
     003620  5640  
     003621  4024  
     003622  3120  
     003623  0540  
     003624  2320  
     003625  0103  
     003626  0540  
     003627  2417  
     003630  4003  
     003631  1716  
     003632  2411  
     003633  1625  
     003634  0556  
     003635  3700  
 978 003636  4202  IOEM8,  TEXT /"BATCH.SV" NOT ON SYS: - CAN'T CHAIN_/
     003637  0124  
     003640  0310  
     003641  5623  
     003642  2642  
     003643  4016  
     003644  1724  
     003645  4017  
     003646  1640  
     003647  2331  
     003650  2372  
     003651  4055  
     003652  4003  
     003653  0116  
     003654  4724  
     003655  4003  
     003656  1001  
     003657  1116  
     003660  3700  
 979 003661  1523  VERM9,  TEXT "MSBAT - VERSION 3A_@@@@@@"
     003662  0201  
     003663  2440  
     003664  5540  
     003665  2605  
     003666  2223  
     003667  1117  
     003670  1640  
     003671  6301  
     003672  3700  
     003673  0000  
     003674  0000  
     003675  0000  
 980               
 981 003676  3511  IOETAB, IOEM1;START
     003677  0200  
 982 003700  3526          IOEM2;START
     003701  0200  
 983 003702  3544          IOEM3;START
     003703  0200  
 984 003704  3555          IOEM4;START
     003705  0200  
 985 003706  3564          IOEM5;START
     003707  0200  
 986 003710  3573          IOEM6;START
     003711  0200  
 987 003712  3604          IOEM7;CDRJA1
     003713  1150  
 988 003714  3636          IOEM8;7600
     003715  7600  
 989 003716  3661          VERM9;START
     003717  0200  
 990               
 991                       DECIMAL
 992 003720  6030  DECN,   -1000
 993 003721  7634          -100
 994 003722  7766          -10
 995 003723  7777          -1
 996                       OCTAL
 997               
 998               /CHARACTER CODE TRANSLATION TABLE
 999               TRTAB,
1000               /0 IN ROWS 12-0
1001 003724  0021          0021 /?1
1002 003725  2223          2223 /23
1003 003726  2425          2425 /45
1004 003727  2627          2627 /67
1005 003730  3031          3031 /89
1006               /1
1007 003731  2043          2043 /0C
1008 003732  4651          4651 /FI
1009 003733  5457          5457 /LO
1010 003734  6265          6265 /RU
1011 003735  7004          7004 /X$
1012               /2
1013 003736  1442          1442 /,B
1014 003737  4550          4550 /EH
1015 003740  5356          5356 /KN
1016 003741  6164          6164 /QT
1017 003742  6772          6772 /WZ
1018               /3
1019 003743  3632          3632    />:
1020 003744  0106          0106    /!&
1021 003745  7540          7540    /]@
1022 003746  0000          0000    /<FORM FEED>  ?
1023 003747  0000          0000    /??
1024               /4
1025 003750  1641          1641 /.A
1026 003751  4447          4447 /DG
1027 003752  5255          5255 /JM
1028 003753  6063          6063 /PS
1029 003754  6671          6671 /VY
1030               /5
1031 003755  3400          3400 /<?
1032 003756  0000          0000 /??
1033 003757  0000          0000 /??
1034 003760  0000          0000 /??
1035 003761  0000          0000 /??
1036               /6
1037 003762  3303          3303    /;#
1038 003763  0705          0705    /'%
1039 003764  7337          7337    /[?     THE REAL ?
1040 003765  0077          0077    /<TAB>  _
1041 003766  0000          0000    /??
1042               /7
1043 003767  7435          7435    /\=
1044 003770  1315          1315    /+-
1045 003771  1217          1217    /*/
1046 003772  7610          7610    /^(
1047 003773  1102          1102    /)"
1048               
1049               
1050               /BASIC KEYWORDS
1051 003774  0401  BDAT,   TEXT "DATA"
     003775  2401  
     003776  0000  
1052 003777  0301  BCAL,   TEXT "CALL"
     004000  1414  
     004001  0000  
1053 004002  0314  BCLO,   TEXT "CLOSE"
     004003  1723  
     004004  0500  
1054 004005  0405  BDEF,   TEXT "DEFINE"
     004006  0611  
     004007  1605  
     004010  0000  
1055 004011  0310  BCHN,   TEXT "CHAIN"
     004012  0111  
     004013  1600  
1056 004014  0411  BDIM,   TEXT "DIMENSION"
     004015  1505  
     004016  1623  
     004017  1117  
     004020  1600  
1057 004021  0310  BCHG,   TEXT "CHANGE"
     004022  0116  
     004023  0705  
     004024  0000  
1058 004025  0516  BEND,   TEXT "END"
     004026  0400  
1059 004027  0314  BEND2,  TEXT "CLOSE #4\END"
     004030  1723  
     004031  0540  
     004032  4364  
     004033  3405  
     004034  1604  
     004035  0000  
1060 004036  0611  BFIL,   TEXT "FILE"
     004037  1405  
     004040  0000  
1061 004041  0717  BGOS,   TEXT "GOSUB"
     004042  2325  
     004043  0200  
1062 004044  1106  BIF,    TEXT "IF"
     004045  0000  
1063 004046  1116  BINP,   TEXT "INPUT"
     004047  2025  
     004050  2400  
1064 004051  1116  BINP2,  TEXT "INPUT #3:"
     004052  2025  
     004053  2440  
     004054  4363  
     004055  7200  
1065 004056  1411  BLIS,   TEXT "LIST"
     004057  2324  
     004060  0000  
1066 004061  1605  BNEX,   TEXT "NEXT"
     004062  3024  
     004063  0000  
1067 004064  1714  BOLD,   TEXT "OLD"
     004065  0400  
1068 004066  2022  BPRI,   TEXT "PRINT"
     004067  1116  
     004070  2400  
1069 004071  2022  BPRI2,  TEXT "PRINT #4:"
     004072  1116  
     004073  2440  
     004074  4364  
     004075  7200  
1070 004076  2205  BREA,   TEXT "READ"
     004077  0104  
     004100  0000  
1071 004101  2205  BRES,   TEXT "RESTORE"
     004102  2324  
     004103  1722  
     004104  0500  
1072 004105  2225  BRUN,   TEXT "RUN"
     004106  1600  
1073 004107  0617  BFOR,   TEXT "FOR"
     004110  2200  
1074 004111  0717  BGOT,   TEXT "GOTO"
     004112  2417  
     004113  0000  
1075 004114  1106  BIFE,   TEXT "IF END"
     004115  4005  
     004116  1604  
     004117  0000  
1076 004120  1405  BLET,   TEXT "LET"
     004121  2400  
1077 004122  1411  BLIN,   TEXT "LINPUT"
     004123  1620  
     004124  2524  
     004125  0000  
1078 004126  1605  BNEW,   TEXT "NEW"
     004127  2700  
1079 004130  1716  BON,    TEXT "ON"
     004131  0000  
1080 004132  2201  BRND,   TEXT "RANDOM"
     004133  1604  
     004134  1715  
     004135  0000  
1081 004136  1726  BOV,    TEXT "OVERLAY"
     004137  0522  
     004140  1401  
     004141  3100  
1082 004142  2205  BREP,   TEXT "REPLACE"
     004143  2014  
     004144  0103  
     004145  0500  
1083 004146  2516  BUNS,   TEXT "UNSAVE"
     004147  2301  
     004150  2605  
     004151  0000  
1084 004152  2205  BREM,   TEXT "REMARK"
     004153  1501  
     004154  2213  
     004155  0000  
1085 004156  2205  BRET,   TEXT "RETURN"
     004157  2425  
     004160  2216  
     004161  0000  
1086 004162  2301  BSAV,   TEXT "SAVE"
     004163  2605  
     004164  0000  
1087 004165  2324  BSTO,   TEXT "STOP"
     004166  1720  
     004167  0000  
1088 004170  0314  BSTO2,  TEXT "CLOSE #4\STOP"
     004171  1723  
     004172  0540  
     004173  4364  
     004174  3423  
     004175  2417  
     004176  2000  
1089               
1090               /FORTRAN KEYWORDS
1091 004177  0003  FCMN,   TEXT "@COMMON"
     004200  1715  
     004201  1517  
     004202  1600  
1092 004203  0001  FASN,   TEXT "@ASSIGN"
     004204  2323  
     004205  1107  
     004206  1600  
1093 004207  0003  FCPX,   TEXT "@COMPLEX"
     004210  1715  
     004211  2014  
     004212  0530  
     004213  0000  
1094 004214  0002  FBKS,   TEXT "@BACKSPACE"
     004215  0103  
     004216  1323  
     004217  2001  
     004220  0305  
     004221  0000  
1095 004222  0003  FCNT,   TEXT "@CONTINUE"
     004223  1716  
     004224  2411  
     004225  1625  
     004226  0500  
1096 004227  0002  FBKD,   TEXT "@BLOCK DATA"
     004230  1417  
     004231  0313  
     004232  4004  
     004233  0124  
     004234  0100  
1097 004235  0004  FDTA,   TEXT "@DATA"
     004236  0124  
     004237  0100  
1098 004240  0003  FCAL,   TEXT "@CALL"
     004241  0114  
     004242  1400  
1099 004243  0004  FDEF,   TEXT "@DEFINE FILE"
     004244  0506  
     004245  1116  
     004246  0540  
     004247  0611  
     004250  1405  
     004251  0000  
1100 004252  0004  FDO,    TEXT "@DO"
     004253  1700  
1101 004254  0005  FEND,   TEXT "@END"
     004255  1604  
     004256  0000  
1102 004257  0005  FEQU,   TEXT "@EQUIVALENCE"
     004260  2125  
     004261  1126  
     004262  0114  
     004263  0516  
     004264  0305  
     004265  0000  
1103 004266  0006  FFOR,   TEXT "@FORMAT"
     004267  1722  
     004270  1501  
     004271  2400  
1104 004272  0007  FGOT,   TEXT "@GO TO"
     004273  1740  
     004274  2417  
     004275  0000  
1105 004276  0011  FINT,   TEXT "@INTEGER"
     004277  1624  
     004300  0507  
     004301  0522  
     004302  0000  
1106 004303  0020  FPAU,   TEXT "@PAUSE"
     004304  0125  
     004305  2305  
     004306  0000  
1107 004307  0022  FREAL,  TEXT "@REAL"
     004310  0501  
     004311  1400  
1108 004312  0022  FREW,   TEXT "@REWIND"
     004313  0527  
     004314  1116  
     004315  0400  
1109 004316  0023  FSBR,   TEXT "@SUBROUTINE"
     004317  2502  
     004320  2217  
     004321  2524  
     004322  1116  
     004323  0500  
1110 004324  0300  FCMT,   TEXT "C"        /COMMENT
1111 004325  0004  FDIM,   TEXT "@DIMENSION"
     004326  1115  
     004327  0516  
     004330  2311  
     004331  1716  
     004332  0000  
1112 004333  0004  FDBP,   TEXT "@DOUBLE PRECISION"
     004334  1725  
     004335  0214  
     004336  0540  
     004337  2022  
     004340  0503  
     004341  1123  
     004342  1117  
     004343  1600  
1113 004344  0005  FEF,    TEXT "@END FILE"
     004345  1604  
     004346  4006  
     004347  1114  
     004350  0500  
1114 004351  0005  FEXT,   TEXT "@EXTERNAL"
     004352  3024  
     004353  0522  
     004354  1601  
     004355  1400  
1115 004356  0006  FFUN,   TEXT "@FUNCTION"
     004357  2516  
     004360  0324  
     004361  1117  
     004362  1600  
1116 004363  0011  FIF,    TEXT "@IF"
     004364  0600  
1117 004365  0014  FLOG,   TEXT "@LOGICAL"
     004366  1707  
     004367  1103  
     004370  0114  
     004371  0000  
1118 004372  0022  FREAD,  TEXT "@READ"
     004373  0501  
     004374  0400  
1119 004375  0022  FRET,   TEXT "@RETURN"
     004376  0524  
     004377  2522  
     004400  1600  
1120 004401  0023  FSTO,   TEXT "@STOP"
     004402  2417  
     004403  2000  
1121 004404  0027  FWRI,   TEXT "@WRITE"
     004405  2211  
     004406  2405  
     004407  0000  
1122               BASKEY,
1123               /COLUMN 7               ROW
1124 004410  4005          BDEF            /12
1125 004411  4114          BIFE            /11
1126 004412  4120          BLET            /0
1127 004413  4056          BLIS            /1
1128 004414  4126          BNEW            /2
1129 004415  4130          BON             /3
1130 004416  4136          BOV             /4
1131 004417  4132          BRND            /5
1132 004420  4152          BREM            /6
1133 004421  4101          BRES            /7
1134 004422  4105          BRUN            /8
1135 004423  4165  BSTKEY, BSTO            /9
1136               /COLUMN 8               ROW
1137 004424  4014          BDIM            /12
1138 004425  4046  BINKEY, BINP            /11
1139 004426  4122          BLIN            /0
1140 004427  4061          BNEX            /1
1141 004430  4064          BOLD            /2
1142 004431  4036          BFIL            /3
1143 004432  4066  BPRKEY, BPRI            /4
1144 004433  4076          BREA            /5
1145 004434  4142          BREP            /6
1146 004435  4156          BRET            /7
1147 004436  4162          BSAV            /8
1148 004437  4146          BUNS            /9
1149               /COLUMNS 2-6    COLUMN  ROW
1150 004440  3777          BCAL    /2      12
1151 004441  4025  BENKEY, BEND    /2      11
1152 004442  4002          BCLO    /3      12
1153 004443  4107          BFOR    /3      11
1154 004444  4011          BCHN    /4      12
1155 004445  4041          BGOS    /4      11
1156 004446  4021          BCHG    /5      12
1157 004447  4111          BGOT    /5      11
1158 004450  3774          BDAT    /6      12
1159 004451  4044          BIF     /6      11
1160               
1161               
1162               FORKEY,
1163               /COLUMN 7               /ROW
1164 004452  4240          FCAL            /12
1165 004453  4243          FDEF            /11
1166 004454  4252          FDO             /0
1167 004455  4254          FEND            /1
1168 004456  4257          FEQU            /2
1169 004457  4266          FFOR            /3
1170 004460  4272          FGOT            /4
1171 004461  4276          FINT            /5
1172 004462  4303          FPAU            /6
1173 004463  4307          FREAL           /7
1174 004464  4312          FREW            /8
1175 004465  4316          FSBR            /9
1176               /COLUMN 8               ROW
1177 004466  4324          FCMT            /12
1178 004467  4325          FDIM            /11
1179 004470  4333          FDBP            /0
1180 004471  4344          FEF             /1
1181 004472  4351          FEXT            /2
1182 004473  4356          FFUN            /3
1183 004474  4363          FIF             /4
1184 004475  4365          FLOG            /5
1185 004476  4372          FREAD           /6
1186 004477  4375          FRET            /7
1187 004500  4401          FSTO            /8
1188 004501  4404          FWRI            /9
1189               /COLUMN 2-6     COLUMN  ROW
1190 004502  0000          0       /2      12
1191 004503  0000          0       /2      11
1192 004504  0000          0       /3      12
1193 004505  4177          FCMN    /3      11
1194 004506  4203          FASN    /4      12
1195 004507  4207          FCPX    /4      11
1196 004510  4214          FBKS    /5      12
1197 004511  4222          FCNT    /5      11
1198 004512  4227          FBKD    /6      12
1199 004513  4235          FDTA    /6      11
1200               
1201               
1202                      FIELD 1
1203               
1204               
1205               
1206               
1207               
1208               *17
1209               
1210               
1211 010017  0000  OXR1,   0
1212 010020  0000  OTEMP1, 0
1213 010021  0000  CHAR,   0
1214 010022  0000  PUTPNT, 0
1215 010023  0000  GETPNT, 0
1216 010024  0000  DATFTN, 0               /ADDRESS OF FORTRAN $RUN
1217 010025  0234  GETCHR=JMS I .;XGETCH
1218 010026  0200  PUTCHR=JMS I .;XPUTCH
1219 010027  1223  BCLIN=JMS I .;XBCLIN
1220 010030  0400  OPTION=JMS I .;XOPTIO
1221 010031  1200  MOV6=JMS I .;XMOV6
1222 010032  1000  COLNAM=JMS I .;XCOLNA
1223 010033  1453  OUTNAM=JMS I .;XOUTNA
1224 010034  0664  ISIT=JMS I .;XISIT
1225 010035  1600  SEND=JMS I .;XSEND
1226 010036  0311  TSTCR=JMS I .;XTSTCR
1227 010037  1401  CDRTRA=JMS I .;BCLTRA+1
1228 010040  1673  ISNUM=JMS I .;XISNUM
1229 010041  0276  OUT1=JMS I .;OOUT1
1230               *200
1231               
1232               
1233               /PUT A CHARACTER INTO A 6-BIT BUFFER
1234               PUTCH1=XGETCH
1235               PUTCH4=CON628
1236 010200  0000  XPUTCH, 0
1237 010201  1377          TAD (-215       /IF <CR>, IT BECOMES 37
1238 010202  7440          SZA
1239 010203  1376          TAD (215-337
1240 010204  1375          TAD (337
1241 010205  0374          AND (77         /AND OFF 6 BITS
1242 010206  3234          DCA PUTCH1      /SAVE IT IN A TEMP
1243 010207  1022          TAD PUTPNT      /GET POINTER TO CHARACTER IN 6-BIT BUFFER
1244 010210  2022          ISZ PUTPNT      /AND BUMP POINTER
1245 010211  7110          CLL RAR         /GET WORD DISPLACEMENT
1246 010212  1600          TAD I XPUTCH    /ADD IN BASE ADDRESS
1247 010213  2200          ISZ XPUTCH      /BUMP RETURN ADDRESS
1248 010214  3242          DCA PUTCH4      /SAVE ADDRESS OF WORD CONTAINING CHAR
1249 010215  7430          SZL             /LINK HAS FIRST OR LAST HALF INDICATOR
1250 010216  5227          JMP PUTCH2
1251 010217  1234          TAD PUTCH1      /FIRST HALF - ROTATE CHAR INTO HIGH BITS
1252 010220  7106          CLL RTL;RTL;RTL
     010221  7006  
     010222  7006  
1253 010223  3234          DCA PUTCH1
1254 010224  1642          TAD I PUTCH4    /GET ANY CHARACTER ALREADY THERE
1255 010225  0374          AND (77
1256 010226  5231          JMP PUTCH3
1257 010227  1642  PUTCH2, TAD I PUTCH4
1258 010230  0373          AND (7700       /GET CHARACTER ALREADY THERE
1259 010231  1234  PUTCH3, TAD PUTCH1      /ADD IN NEW CHARACTER
1260 010232  3642          DCA I PUTCH4    /STORE THEM BOTH
1261 010233  5600          JMP I XPUTCH    /AND RETURN
1262               
1263               
1264               /GET A CHARACTER FROM A 6-BIT BUFFER
1265 010234  0000  XGETCH, 0
1266 010235  1234          TAD XGETCH      /MOVE RETURN ADDRESS TO CON628
1267 010236  3242          DCA CON628
1268 010237  1023          TAD GETPNT      /GET POINTER TO CHARACTER
1269 010240  2023          ISZ GETPNT      /BUMP IT FOR NEXT TIME
1270 010241  5243          JMP CON628+1    /ENTER CONVERSION ROUTINE
1271               
1272               
1273               /CONVERT 6-BIT ASCII TO 8-BIT
1274               /AC HAS POINTER TO CHARACTER
1275               /ARGUMENT IS BASE ADDRESS OF BUFFER
1276               CO628X=XGETCH
1277 010242  0000  CON628, 0
1278 010243  7110          CLL RAR /GET WORD DISPLACEMENT IN AC
1279 010244  1642          TAD I CON628    /ADD BASE ADDRESS OF BUFFER
1280 010245  2242          ISZ CON628      /BUMP RETURN ADDRESS
1281 010246  3234          DCA CO628X      /SAVE ADDRESS
1282 010247  1634          TAD I CO628X    /GET WORD CONTAINING CHARACTER
1283 010250  7430          SZL             /LINK HAS INDICATOR FOR FIRST OR LAST CHAR
1284 010251  5255          JMP .+4
1285 010252  7012          RTR;RTR;RTR     /FIRST CHAR - PUT IN LOW BITS
     010253  7012  
     010254  7012  
1286 010255  0374          AND (77
1287 010256  4262          JMS XSEND3   /GET PROPER 8-BIT REPRESENTATION
1288 010257  3021          DCA CHAR        /SAVE IT
1289 010260  1021          TAD CHAR        /RETURN WITH IT IN AC
1290 010261  5642          JMP I CON628    /RETURN
1291               
1292               
1293 010262  0000  XSEND3, 0
1294 010263  1372          TAD (-37
1295 010264  7450          SNA
1296 010265  1376          TAD (215-337
1297 010266  7510          SPA
1298 010267  1371          TAD (100
1299 010270  1370          TAD (237
1300 010271  5662          JMP I XSEND3
1301               
1302               
1303 010272  0000  GETCDR, 0
1304 010273  6203          CIF CDF F0
1305 010274  4767          JMS I (GETCD1   /GET A CHAR FROM THE CDR BUFFER
1306 010275  5672          JMP I GETCDR
1307               
1308               
1309 010276  0000  OOUT1,  0
1310 010277  6203          CIF CDF F0
1311 010300  4766          JMS I (OOUT2
1312 010301  5676          JMP I OOUT1
1313               
1314               
1315 010302  0000  MOVODV, 0
1316 010303  3305          DCA .+2
1317 010304  4431          MOV6;0;BATOUT
     010305  0000  
     010306  5043  
1318 010307  6202          CIF F0  /RETURN DF=1
1319 010310  5702          JMP I MOVODV
1320               
1321               
1322 010311  0000  XTSTCR, 0
1323 010312  4425          GETCHR;BCLBUF
     010313  3600  
1324 010314  1377          TAD (-215
1325 010315  7650          SNA CLA
1326 010316  2311          ISZ XTSTCR
1327 010317  7340          L7777
1328 010320  1023          TAD GETPNT
1329 010321  3023          DCA GETPNT
1330 010322  5711          JMP I XTSTCR
1331               
1332               
1333 010366  0653  PAGE
     010367  0657  
     010370  0237  
     010371  0100  
     010372  7741  
     010373  7700  
     010374  0077  
     010375  0337  
     010376  7656  
     010377  7563  
1334               /SUBROUTINE OPTION WILL SCAN THE BATCH CONTROL LANGUAGE
1335               /BUFFER FOR OPTIONS SPECIFIED IN IT'S CALL.  AN OPTION IS
1336               /RECOGNIZED AS ANY ITEM WHICH FOLLOWS A "/".  IT'S NAME
1337               /IS COMPOSED OF ANY CHARACTERS OTHER THAN "/" , "," ,
1338               /"=",OR <CR>.  THE NAME IS TERMINATED BY ANY ONE OF THE
1339               /PREVIOUS DELIMITERS.  IF IT IS TERMINATED BY A "=" AND
1340               /THE SUBROUTINE CALL INDICATES THAT IT EXPECTS A FILE NAME,
1341               /THEN THE FILE NAME FOLLOWS THE "=" AND IS TERMINATED BY A
1342               /"/" , "," , OR <CR>.  THE SUBROUTINE CALL IS FOLLOWED BY A
1343               /POINTER TO A LIST OF ADDRESSES. THIS LIST IS TERMINATED BY
1344               /A ZERO ENTRY.  EACH ENTRY POINTS TO AN OPTION CONTROL
1345               /BLOCK IN THE FOLLOWING FORM:
1346               /               OPTION CONTROL WORD
1347               /               (FILE NAME SPACE IF NEEDED - 6 WORDS)
1348               /               TEXT "OPTION NAME"
1349               /
1350               /THE FORMAT OF THE OPTION CONTROL WORD IS AS FOLLOWS:
1351               /               BIT 0:  ON RETURN THIS BIT WILL BE SET IF
1352               /                       THE OPTION WAS FOUND, AND CLEARED
1353               /                       IF NOT
1354               /               BIT1:   ON RETURN THIS BIT IS SET IF A NAME
1355               /                       WAS GIVEN WITH THE OPTION
1356               /               BIT 2:  SET IF OPTION HAS ALLOCATED 6 WORDS
1357               /                       FOR A POSSIBLE FILE NAME.  CLEARED
1358               /                       IF NOT
1359               /               BITS 6-8:  NUMBER OF CHARACTERS -1 OF SHORT
1360               /                       FORM OF OPTION
1361               /               BITS 9-11: DIFFERENCE BETWEEN SIZES OF
1362               /                       SHORT AND LONG FORMS
1363               /                       THE SUM OF BITS 6-8 AND BITS 9-11
1364               /                       SHOULD TOTAL THE LENGTH OF THE
1365               /                       LONG FORM-1
1366               /
1367               /THE FILE NAME SPACE MAY BE INITIALIZED TO SOME DEFAULT
1368               /DEVICE, NAME, AND EXTENSION.
1369               /
1370 010400  0000  XOPTIO, 0
1371               
1372               /TURN OFF ALL OPTIONS
1373 010401  1600          TAD I XOPTIO    /GET ADDRESS OF LIST OF OPTION ADDRESSES
1374 010402  3316          DCA OPTLIS      /SAVE IT
1375 010403  1716  OPTIO1, TAD I OPTLIS    /GET OPTION ADDRESS
1376 010404  2316          ISZ OPTLIS      /POINT TO NEXT ONE
1377 010405  7450          SNA
1378 010406  5214          JMP OPTIO2      /DONE TURNING OFF ALL OPTIONS
1379 010407  3317          DCA OPTCTL
1380 010410  1717          TAD I OPTCTL    /GET OPTION CONTROL WORD
1381 010411  0377          AND (1777       /CLEAR FIRST BIT
1382 010412  3717          DCA I OPTCTL
1383 010413  5203          JMP OPTIO1      /LOOP
1384               
1385               /SEARCH BCL BUFFER FOR "/"
1386 010414  3023  OPTIO2, DCA GETPNT      /START AT BEGINNING OF BATCH CONTROL LINE
1387 010415  4425  OPTIO3, GETCHR;BCLBUF   /GET A CHARACTER FROM THE BUFFER
     010416  3600  
1388 010417  4434          ISIT            /IS IT "/" OR <CR>?
1389 010420  5270                  OPTIS3;OPTIS4-1
     010421  5263  
1390 010422  5215          JMP OPTIO3      /NO - KEEP LOOKING
1391 010423  1023  OPTI3A, TAD GETPNT      /YES - SAVE IT'S POSITION
1392 010424  3320          DCA OPTBEG
1393 010425  1600          TAD I XOPTIO    /GET ADDRESS OF LIST AGAIN
1394 010426  3316          DCA OPTLIS      /AND SAVE IT
1395               
1396               /FOUND A "/" - TRY ALL OPTIONS
1397 010427  1320  OPTIO4, TAD OPTBEG      /START COMPARISON OF OPTION WITH CHARACTER AFTER "/"
1398 010430  3023          DCA GETPNT
1399 010431  1716          TAD I OPTLIS    /GET ADDRESS OF OPTION CONTROL WORD
1400 010432  2316          ISZ OPTLIS      /AND BUMP POINTER FOR NEXT TIME
1401 010433  7450          SNA             /IS THE LIST ENDED?
1402 010434  5776          JMP I (OPTIER   /YES - OPTION WAS INVALID
1403 010435  3317          DCA OPTCTL      /NO - SAVE ADDRESS OF CONTROL WORD
1404 010436  1717          TAD I OPTCTL    /GET CONTROL WORD
1405 010437  7006          RTL
1406 010440  7710          SPA CLA         /DOES IT HAVE SPACE FOR A FILE NAME
1407 010441  1375          TAD (6          /YES - ADD SIZE OF THE SPACE
1408 010442  1317          TAD OPTCTL      /ADD ADDRESS OF OPTION
1409 010443  7001          IAC             /BUMP ONE FOR CONTROL WORD
1410 010444  3304          DCA OPTTEX      /SAVE ADDRESS OF OPTION TEXT
1411 010445  1717          TAD I OPTCTL    /GET LENGTH FOR UNIQUE OPTION FROM CONTROL WORD
1412 010446  7010          RAR;RTR
     010447  7012  
1413 010450  0374          AND (7
1414 010451  7040          CMA             /NEGATE IT (INCREMENTED BY ONE)
1415 010452  3321          DCA OPTCT1      /SAVE IN COUNTER
1416 010453  3322          DCA OPTCT2      /ZERO CHARACTER POSITION
1417               /COMPARE OPTION WITH CONTENTS OF BCL BUFFER
1418 010454  4300  OPTIO5, JMS OPTI6A
1419 010455  7640          SZA CLA         /ARE THEY THE SAME?
1420 010456  5227          JMP OPTIO4      /NO - TRY NEXT OPTION
1421 010457  2321          ISZ OPTCT1      /HAVE WE SUCCEEDED FAR ENOUGH FOR IT TO BE UNIQUE?
1422 010460  5254          JMP OPTIO5      /NO - KEEP COMPARING
1423               
1424 010461  1023          TAD GETPNT      /SAVE CURRENT BUFFER POSITION
1425 010462  3324          DCA OPTTM2
1426 010463  1717          TAD I OPTCTL    /GET REMAINING LENGTH FROM CONTROL WORD
1427 010464  0374          AND (7
1428 010465  7040          CMA
1429 010466  3321          DCA OPTCT1
1430 010467  2321  OPTIO6, ISZ OPTCT1      /DONE WITH REMAINING CHARACTERS?
1431 010470  7410          SKP
1432 010471  5325          JMP OPTIO7      /YES - SUCCESS
1433 010472  4300          JMS OPTI6A
1434 010473  7650          SNA CLA         /ARE THEY THE SAME?
1435 010474  5267          JMP OPTIO6      /YES - KEEP GOING
1436 010475  1324          TAD OPTTM2      /NO - MOVE POINTER BACK TO SHORT FORM
1437 010476  3023          DCA GETPNT
1438 010477  5325          JMP OPTIO7
1439               
1440 010500  0000  OPTI6A, 0
1441 010501  1322          TAD OPTCT2
1442 010502  2322          ISZ OPTCT2
1443 010503  4773          JMS I (CON628
1444 010504  0000  OPTTEX,         0
1445 010505  7041          CIA
1446 010506  3323          DCA OPTTM1
1447 010507  4425          GETCHR;BCLBUF
     010510  3600  
1448 010511  1323          TAD OPTTM1
1449 010512  5700          JMP I OPTI6A
1450               
1451               
1452 010513  2200  OPTRET, ISZ XOPTIO      /INCREMENT RETURN ADDRESS
1453 010514  3023          DCA GETPNT      /SET POINTER TO BEGINNING OF BUFFER
1454 010515  5600          JMP I XOPTIO
1455               
1456               
1457 010516  0000  OPTLIS, 0
1458 010517  0000  OPTCTL, 0
1459 010520  0000  OPTBEG, 0
1460 010521  0000  OPTCT1, 0
1461 010522  0000  OPTCT2, 0
1462 010523  0000  OPTTM1, 0
1463 010524  0000  OPTTM2, 0
1464               
1465               
1466               /TEST DELIMITER AFTER OPTION
1467 010525  4425  OPTIO7, GETCHR;BCLBUF   /GET NEXT BUFFER CHARACTER
     010526  3600  
1468 010527  4434          ISIT            /IS IT "=", "," ,"/", OR <CR>?
1469 010530  5266                  OPTIS1;OPTIS2-1
     010531  5257  
1470 010532  5776          JMP I (OPTIER   /NONE OF THESE
1471 010533  1717  OPTIO8, TAD I OPTCTL    /YES - GET CONTROL WORD
1472 010534  7006          RTL
1473 010535  7700          SMA CLA         /DOES IT TAKE A FILE NAME?
1474 010536  5776          JMP I (OPTIER      /NO - ERROR
1475 010537  1317          TAD OPTCTL      /GET ADDRESS OF FILE NAME SPACE
1476 010540  7001          IAC
1477 010541  3343          DCA .+2
1478 010542  4432          COLNAM          /AND COLLECT A NAME INTO IT
1479 010543  0000  OPTTM3,         0
1480 010544  5776                  JMP I (OPTIER      /ERROR RETURN
1481 010545  1717          TAD I OPTCTL    /TURN ON NAME BIT
1482 010546  0377          AND (1777
1483 010547  1372          TAD (2000
1484 010550  3717          DCA I OPTCTL
1485 010551  1717  OPTIO9, TAD I OPTCTL    /GET CONTROL WORD
1486 010552  0371          AND (3777
1487 010553  1370          TAD (4000       /TURN ON OPTION FOUND BIT
1488 010554  3717          DCA I OPTCTL
1489 010555  5767          JMP I (OPTI10
1490               
1491               
1492 010567  0603  PAGE
     010570  4000  
     010571  3777  
     010572  2000  
     010573  0242  
     010574  0007  
     010575  0006  
     010576  0600  
     010577  1777  
1493               /ON ERROR, REPORT IT
1494 010600  1777  OPTIER, TAD I (OPTBEG   /OPTION BEGINS AT THIS POSITION
1495 010601  4244          JMS OUTERR      /OUTPUT THE ERROR
1496 010602  5340                  OPTERM
1497               
1498               /SQUISH THE CURRENT OPTION OUT OF BCL BUFFER
1499 010603  7340  OPTI10, L7777           /BACK UP OVER "/"
1500 010604  1777          TAD I (OPTBEG   /POINT TO BEGINNING OF OPTION
1501 010605  4211          JMS BCLSQU      /SQUISH OUT THIS OPTION
1502 010606  7340          L7777
1503 010607  1777          TAD I (OPTBEG
1504 010610  5776          JMP I (OPTIO2   /GO LOOK FOR MORE OPTIONS
1505               
1506               
1507               /SQUISH OUT A PORTION OF THE BCL BUFFER
1508               /       TAD X   /POSITION OF FIRST CHAR OF SQUISH
1509               /       JMS BCLSQU
1510               /GETPNT POINTS TO FIRST CHAR SURE TO BE KEPT AFTER
1511               /SQUISH CHARS.  ONE CHAR PRECEDING IT IS TESTED,
1512               /AND IS KEPT IF IT IS A "/" OR <CR>
1513 010611  0000  BCLSQU, 0
1514 010612  3022          DCA PUTPNT      /AC POINTS TO BEGINNING OF AREA TO BE SQUISHED
1515 010613  1022          TAD PUTPNT      /SAVE THE POINTER
1516 010614  3244          DCA OUTERR
1517 010615  7340          L7777
1518 010616  1023          TAD GETPNT
1519 010617  3023          DCA GETPNT      /TEST LAST CHAR OF STUFF TO BE SQUISHED
1520 010620  4425          GETCHR;BCLBUF
     010621  3600  
1521 010622  4434          ISIT            /IS IT "/", OR <CR>?
1522 010623  5270                  BCLIS1;BCLIS2-1
     010624  5305  
1523 010625  4425  BCLSQ1, GETCHR;BCLBUF   /GET A CHAR
     010626  3600  
1524 010627  1375          TAD (-215       /IS IT <CR>?
1525 010630  7650          SNA CLA
1526 010631  5236          JMP BCLSQ3      /YES - DONE
1527 010632  1021  BCLSQ2, TAD CHAR        /RESTORE CHAR
1528 010633  4426          PUTCHR;BCLBUF   /PUT THE CHAR IN THE BUFFER
     010634  3600  
1529 010635  5225          JMP BCLSQ1      /GET ANOTHER CHAR
1530 010636  1374  BCLSQ3, TAD (215        /PUT A <CR>
1531 010637  4426          PUTCHR;BCLBUF
     010640  3600  
1532 010641  1244          TAD OUTERR      /RESTORE POINTER
1533 010642  3023          DCA GETPNT
1534 010643  5611          JMP I BCLSQU    /RETURN
1535               
1536               
1537               /SEND AN ERROR MESSAGE INCLUDING PART OF THE BCL BUFFER
1538               /TO THE OUTPUT BUFFER
1539               /       TAD X   /POSITION OF FIRST CHAR IN BUFFER TO BE SENT
1540               /       JMS OUTERR
1541               /       A       /ADDRESS OF ERROR MESSAGE TO PRECEDE IT
1542               /               /SIX-BIT ASCII
1543 010644  0000  OUTERR, 0
1544 010645  3023          DCA GETPNT      /SET BEGINNING OF BCL LINE TO OUTPUT
1545 010646  1644          TAD I OUTERR    /GET ERROR MESSAGE ADDRESS
1546 010647  2244          ISZ OUTERR
1547 010650  4435          SEND            /PRINT IT
1548 010651  4425  OUTER1, GETCHR;BCLBUF   /GET A CHARACTER
     010652  3600  
1549 010653  4434          ISIT            /IS IT "," ,"/", OR <CR>?
1550 010654  5267                  OUTIS1;OUTIS2-1
     010655  5307  
1551 010656  1021          TAD CHAR        /NO - SEND CHAR
1552 010657  4441          OUT1
1553 010660  5251          JMP OUTER1
1554 010661  1374  OUTER2, TAD (215
1555 010662  4441          OUT1
1556 010663  5644          JMP I OUTERR    /RETURN
1557               
1558               
1559               /TEST A CHAR AND JUMP IF IN LIST
1560               /       JMS XISIT
1561               /       A1      /ADDRESS OF LIST OF NEGATIVE OF CHARS
1562               /               /TERMINATED BY A POSITIVE OR ZERO
1563               /       A2-1    /ADDRESS -1 OF LIST OF
1564               /               /TRANSFER ADDRESSES
1565 010664  0000  XISIT,  0
1566 010665  3310          DCA ISIT1       /SAVE CHAR
1567 010666  1664          TAD I XISIT     /GET LIST OF CHARS
1568 010667  2264          ISZ XISIT
1569 010670  3311          DCA ISIT2
1570 010671  1664          TAD I XISIT     /GET LIST OF ADDRS - 1
1571 010672  2264          ISZ XISIT
1572 010673  3312          DCA ISIT3
1573 010674  1711  ISIT4,  TAD I ISIT2     /GET THE NEXT CHAR
1574 010675  2311          ISZ ISIT2
1575 010676  2312          ISZ ISIT3
1576 010677  7500          SMA
1577 010700  5306          JMP ISIT5       /END OF LIST SIGNALLED BY ENTRY>=0
1578 010701  1310          TAD ISIT1       /IS IT THE CHAR?
1579 010702  7640          SZA CLA
1580 010703  5274          JMP ISIT4       /NO - TRY THE NEXT
1581 010704  1712          TAD I ISIT3     /GET SEND ADDRESS
1582 010705  3264          DCA XISIT
1583 010706  7200  ISIT5,  CLA
1584 010707  5664          JMP I XISIT
1585               
1586 010710  0000  ISIT1,  0
1587 010711  0000  ISIT2,  0
1588 010712  0000  ISIT3,  0
1589               
1590               
1591 010774  0215  PAGE
     010775  7563  
     010776  0414  
     010777  0520  
1592               /COLLECT A NAME FROM THE BUFFER
1593               /       JMS XCOLNA
1594               /               X       /ADDRESS OF SPACE TO RECEIVE NAME
1595               /       JMP ERR         /INVALID NAME
1596 011000  0000  XCOLNA, 0
1597 011001  1600          TAD I XCOLNA
1598 011002  3205          DCA .+3
1599 011003  4431          MOV6;ZER6;0
     011004  5051  
     011005  0000  
1600 011006  1600          TAD I XCOLNA    /ARGUMENT IS ADDRESS TO PUT NAME
1601 011007  2200          ISZ XCOLNA
1602 011010  3342          DCA COLPU1+2    /SAVE IT FOR USE AS PUTCHR ARG
1603 011011  7344          L7776           /SET NAME - EXTENSION SWITCH FOR NAME
1604 011012  3344          DCA COLSW
1605 011013  1377          TAD (COLIS1     /SET TO COLLECT ANYTHING
1606 011014  3226          DCA COLIS3      /I.E. DEVICE, FILE, OR EXTENSION
1607 011015  1376          TAD (COLIS2-1
1608 011016  3227          DCA COLIS3+1
1609 011017  1023          TAD GETPNT      /SAVE POINTER TO BEGINNING OF NAME
1610 011020  3345          DCA COLNP1
1611 011021  1023  COLGE1, TAD GETPNT      /SAVE POINTER TO BEGINNING OF SECTION
1612 011022  3346          DCA COLNP2      /OF NAME
1613 011023  4425  COLGE2, GETCHR;BCLBUF   /GET A CHAR
     011024  3600  
1614 011025  4434          ISIT            /IS IT ":",".","/", "," , OR <CR>?
1615 011026  0000  COLIS3,         0;0
     011027  0000  
1616 011030  5223          JMP COLGE2
1617               
1618 011031  4272  COLDEV, JMS COLMOV;0;-4-1 /MOVE 4 CHARS TO POSITION 0
     011032  0000  
     011033  7773  
1619 011034  2226          ISZ COLIS3      /REMOVE ":" FROM LIST
1620 011035  2227          ISZ COLIS3+1
1621 011036  5221          JMP COLGE1      /COLLECT NEXT PART OF NAME
1622               
1623 011037  4272  COLFIL, JMS COLMOV;4;-6-1 /MOVE 6 CHARS TO POSITION 4
     011040  0004  
     011041  7771  
1624 011042  2344          ISZ COLSW       /NEXT TIME COLLECT EXTENSION
1625 011043  1375          TAD (COLIS1+2   /REMOVE "." FROM LIST
1626 011044  3226          DCA COLIS3
1627 011045  1374          TAD (COLIS2+1
1628 011046  3227          DCA COLIS3+1
1629 011047  5221          JMP COLGE1      /COLLECT NEXT PART OF NAME
1630               
1631 011050  2344  COLEXT, ISZ COLSW       /ARE WE COLLECTING NAME OR EXTENSION?
1632 011051  5256          JMP COLEX1      /NAME
1633 011052  4272          JMS COLMOV;12;-2-1 /MOVE 2 CHARS TO POSITION 12
     011053  0012  
     011054  7775  
1634 011055  5261          JMP COLEX2
1635 011056  4272  COLEX1, JMS COLMOV;4;-6-1 /MOVE 6 CHARS TO POSITION 4
     011057  0004  
     011060  7771  
1636 011061  2200  COLEX2, ISZ XCOLNA      /NO ERRORS
1637 011062  5267          JMP COLEX3
1638               
1639 011063  7200  COLERR, CLA
1640 011064  1345          TAD COLNP1      /POINT TO BEGINNING OF NAME
1641 011065  4773          JMS I (OUTERR   /SEND IT AS ERROR MESSAGE
1642 011066  5352                  COLERM
1643 011067  1345  COLEX3, TAD COLNP1      /POINT TO BEGINNING OF NAME
1644 011070  4772          JMS I (BCLSQU   /SQUISH IT OUT
1645 011071  5600          JMP I XCOLNA    /RETURN
1646               
1647 011072  0000  COLMOV, 0
1648 011073  1672          TAD I COLMOV    /FIRST ARG IS POSITION
1649 011074  2272          ISZ COLMOV
1650 011075  3022          DCA PUTPNT
1651 011076  1672          TAD I COLMOV    /SECOND ARG IS COUNT
1652 011077  2272          ISZ COLMOV
1653 011100  3351          DCA COLCT1
1654 011101  1021          TAD CHAR        /GET DELIMITER
1655 011102  7041          CIA
1656 011103  3347          DCA COLCH1      /SAVE FOR TEST
1657 011104  1021          TAD CHAR
1658 011105  1371          TAD (-"Z
1659 011106  3350          DCA COLCH2      /ANOTHER TEST
1660 011107  1346          TAD COLNP2      /POINT TO BEGINNING OF THIS PART
1661 011110  3023          DCA GETPNT
1662 011111  4425  COLMV1, GETCHR;BCLBUF   /GET NEXT CHAR
     011112  3600  
1663 011113  1347          TAD COLCH1      /SUBTRACT THE DELIMITER
1664 011114  7450          SNA
1665 011115  5672          JMP I COLMOV    /DELIMITER - WE'RE DONE
1666 011116  1350          TAD COLCH2      /CHAR-"Z"
1667 011117  7540          SMA SZA
1668 011120  5263          JMP COLERR      /NOT ALPHA-NUMERIC
1669 011121  1370          TAD ("Z-"A
1670 011122  7500          SMA
1671 011123  5332          JMP COLPUT      /ALPHABETIC
1672 011124  1367          TAD ("A-"9
1673 011125  7540          SMA SZA
1674 011126  5263          JMP COLERR      /NOT NUMERIC
1675 011127  1366          TAD ("9-"0
1676 011130  7510          SPA
1677 011131  5263          JMP COLERR      /NOT NUMERIC
1678 011132  7200  COLPUT, CLA
1679 011133  2351          ISZ COLCT1      /HAVE WE USED UP OUR COUNT?
1680 011134  5340          JMP COLPU1      /NO - PUT THE CHAR
1681 011135  7340          L7777           /YES - SET COUNTER TO SKIP
1682 011136  3351          DCA COLCT1
1683 011137  5311          JMP COLMV1      /GET NEXT CHAR
1684 011140  1021  COLPU1, TAD CHAR
1685 011141  4426          PUTCHR;0        /PUT THE CHAR IN THE USER SPACE
     011142  0000  
1686 011143  5311          JMP COLMV1      /GET THE NEXT CHAR
1687               
1688               
1689 011144  0000  COLSW,  0       /FILE NAME OR EXTENSION SWITCH
1690 011145  0000  COLNP1, 0       /POINTER TO BEGINNING OF NAME
1691 011146  0000  COLNP2, 0       /POINTER TO BEGINNING OF NAME PART
1692 011147  0000  COLCH1, 0       /TEMP LOC FOR COLMOV
1693 011150  0000  COLCH2, 0       /DITTO
1694 011151  0000  COLCT1, 0       /DITTO
1695               
1696 011166  0011  PAGE
     011167  0010  
     011170  0031  
     011171  7446  
     011172  0611  
     011173  0644  
     011174  5274  
     011175  5302  
     011176  5272  
     011177  5300  
1697 011200  0000  XMOV6, 0
1698 011201  1600          TAD I XMOV6     /GET "FROM" ADDRESS
1699 011202  2200          ISZ XMOV6
1700 011203  3220          DCA MOV61
1701 011204  1600          TAD I XMOV6     /GET "TO" ADDRESS
1702 011205  2200          ISZ XMOV6
1703 011206  3221          DCA MOV62
1704 011207  1377          TAD (-6
1705 011210  3222          DCA MOV63
1706 011211  1620  MOV64,  TAD I MOV61
1707 011212  3621          DCA I MOV62
1708 011213  2220          ISZ MOV61
1709 011214  2221          ISZ MOV62
1710 011215  2222          ISZ MOV63
1711 011216  5211          JMP MOV64
1712 011217  5600          JMP I XMOV6     /RETURN
1713 011220  0000  MOV61,  0
1714 011221  0000  MOV62,  0
1715 011222  0000  MOV63,  0
1716               
1717               
1718 011223  0000  XBCLIN, 0
1719 011224  3022          DCA PUTPNT      /START AT BEGINNING OF BCL BUFFER
1720 011225  4776          JMS I (SENDKY   /SEND THE KEYWORD
1721 011226  3220          DCA MOV61       /CLEAR THE BLANK COUNTER
1722 011227  4257  BCLIN5, JMS BCLIN3      /GET NEXT CARD AND PUT IT INTO BCL BUFFER
1723 011230  5246          JMP BCLIN7+2    /CARD NOT CONTINUED - DONE
1724 011231  6202          CIF F0
1725 011232  4775          JMS I (CDRIN    /READ ANOTHER CARD
1726 011233  5246          JMP BCLIN7+2    /EOF
1727 011234  1374          TAD (-10
1728 011235  3256          DCA BCLIN4
1729 011236  4773  BCLIN6, JMS I (GETCDR   /GET FIRST 8 CHARS
1730 011237  7640          SZA CLA         /TEST FOR ZERO
1731 011240  5244          JMP BCLIN7      /NON-ZERO - ERROR
1732 011241  2256          ISZ BCLIN4
1733 011242  5236          JMP BCLIN6
1734 011243  5227          JMP BCLIN5      /OK - PUT IT IN BUFFER
1735               
1736 011244  6201  BCLIN7, CDF F0
1737 011245  3772          DCA I (CDRFLG   /SET CDRIN TO RETURN THIS CARD AGAIN
1738 011246  6211          CDF F1
1739 011247  1371          TAD (215        /PUT A <CR>
1740 011250  4426          PUTCHR;BCLBUF
     011251  3600  
1741 011252  1371          TAD (215;OUT1
     011253  4441  
1742 011254  3023          DCA GETPNT      /SET POINTER TO BEGINNING
1743 011255  5623          JMP I XBCLIN    /RETURN
1744               
1745 011256  0000  BCLIN4, 0
1746 011257  0000  BCLIN3, 0
1747 011260  1370          TAD (-40
1748 011261  3256          DCA BCLIN4
1749 011262  4773  BCLIN9, JMS I (GETCDR   /GET NEXT CDR CHAR
1750 011263  7450          SNA
1751 011264  5341          JMP BCLI13      /BLANK
1752 011265  1367          TAD (-CONTCH
1753 011266  7450          SNA
1754 011267  5312          JMP BCLI10      /CONTINUATION
1755 011270  1366          TAD (CONTCH
1756 011271  6202          CIF F0
1757 011272  4765          JMS I (XCONVR
1758 011273  5307          JMP BCLIN8      /RUBOUT
1759 011274  3200          DCA XMOV6       /SAVE THE CHAR
1760 011275  4343          JMS BCLI14      /SEND THE BLANKS
1761 011276  1200          TAD XMOV6
1762 011277  4441          OUT1            /SEND IT
1763 011300  1200          TAD XMOV6
1764 011301  4426          PUTCHR;BCLBUF   /PUT IT
     011302  3600  
1765 011303  1022          TAD PUTPNT
1766 011304  1364          TAD (-BCLSIZ^2+2        /BCL BUFFER FULL?
1767 011305  7700          SMA CLA
1768 011306  5321          JMP BCLI11      /FULL - ERROR
1769 011307  2256  BCLIN8, ISZ BCLIN4      /COUNT COLUMNS
1770 011310  5262          JMP BCLIN9      /LOOP
1771 011311  5657          JMP I BCLIN3
1772 011312  2257  BCLI10, ISZ BCLIN3      /SKIP RETURN FOR CONTINUATION
1773 011313  3220          DCA MOV61       /CLEAR THE BLANK COUNTER
1774 011314  4435          SEND;BCL10E     /"_$"
     011315  5407  
1775 011316  1363          TAD (211;OUT1   /<TAB>
     011317  4441  
1776 011320  5657          JMP I BCLIN3    /RETURN
1777               
1778 011321  4435  BCLI11, SEND;BCL11E     /SEND ERROR
     011322  5372  
1779 011323  6202  BCLI12, CIF F0
1780 011324  4775          JMS I (CDRIN    /GET THE NEXT CARD
1781 011325  5246          JMP BCLIN7+2
1782 011326  4773          JMS I (GETCDR   /GET THE NEXT COLUMN
1783 011327  3256          DCA BCLIN4      /SAVE THIS COLUMN
1784 011330  1362          TAD (JOBBIT     /IS THIS A $JOB CARD?
1785 011331  0256          AND BCLIN4
1786 011332  7650          SNA CLA
1787 011333  5323          JMP BCLI12      /NO - FLUSH TO $JOB
1788 011334  1361          TAD (-JOBBIT-1
1789 011335  0256          AND BCLIN4
1790 011336  7640          SZA CLA
1791 011337  5323          JMP BCLI12
1792 011340  5244          JMP BCLIN7      /YES - DONE
1793               
1794 011341  2220  BCLI13, ISZ MOV61       /ANOTHER BLANK
1795 011342  5307          JMP BCLIN8
1796               
1797 011343  0000  BCLI14, 0
1798 011344  1220          TAD MOV61
1799 011345  7040          CMA
1800 011346  3220          DCA MOV61
1801 011347  2220  BCLI15, ISZ MOV61;SKP
     011350  7410  
1802 011351  5743          JMP I BCLI14
1803 011352  1360          TAD (" ;OUT1
     011353  4441  
1804 011354  5347          JMP BCLI15
1805               
1806               
1807               
1808               
1809 011360  0240  PAGE
     011361  7577  
     011362  0200  
     011363  0211  
     011364  7002  
     011365  1652  
     011366  0003  
     011367  7775  
     011370  7740  
     011371  0215  
     011372  0054  
     011373  0272  
     011374  7770  
     011375  1005  
     011376  3333  
     011377  7772  
1810 011400  5601  BCLTRA,        JMP I .+1       /GO FINISH UP LAST BCL COMMAND
1811 011401  1413          BCLHUH  /HUH? - I.E. WHICH COMMAND WAS IT?
1812 011402  6203          CIF CDF F0
1813 011403  5777          JMP I (TEXFIN   /TO COPY A DECK UNTIL THE NEXT BCL
1814                                       /COMMAND - JMS BCLTRA+1
1815               
1816 011404  0000  BCLHU1, 0               /JMS HERE WITH ARG = TRANSFER ADDRESS
1817 011405  1604          TAD I BCLHU1    /GET TRANSFER ADDRESS
1818 011406  3204          DCA BCLHU1
1819 011407  1376          TAD (BCLHUH     /ON NEXT BCL CARD - NOTHING TO FINISH
1820 011410  3201          DCA BCLTRA+1
1821 011411  6203          CIF CDF F0      /FIELD 0!
1822 011412  5604          JMP I BCLHU1    /GO GO GO
1823               
1824               
1825 011413  6201  BCLHUH, CDF F0
1826 011414  1775          TAD I (KEYVAL   /GET KEYWORD VALUE
1827 011415  6211          CDF F1
1828 011416  1374          TAD (BCLGO      /USE IT TO GET TRANSFER ADDRESS
1829 011417  3020          DCA OTEMP1
1830 011420  1420          TAD I OTEMP1
1831 011421  3020          DCA OTEMP1
1832 011422  6201          CDF F0
1833 011423  1773          TAD I (CONFLG   /WAS LAST CARD CONTINUED?
1834 011424  6211          CDF F1
1835 011425  7640          SZA CLA
1836 011426  4240          JMS BCLHU2      /YES - ERROR
1837 011427  6201          CDF F0
1838 011430  1772          TAD I (LNCNT    /DID THIS CARD HAVE A LINE NUMBER?
1839 011431  6211          CDF F1
1840 011432  7650          SNA CLA
1841 011433  5420          JMP I OTEMP1    /YES - GO TO IT!
1842 011434  6203          CIF CDF F0
1843 011435  4771          JMS I (LNOUT    /OUTPUT THE LINE NUMBER
1844 011436  4240          JMS BCLHU2      /WHAT'S IT DOING WITH A NUMBER ANYWAY?
1845 011437  5420          JMP I OTEMP1    /NOW WE GO.
1846               
1847 011440  0000  BCLHU2, 0
1848 011441  6201          CDF F0
1849 011442  2770          ISZ I (ERRFLG
1850 011443  6211          CDF F1
1851 011444  4435          SEND;BCLHM1     /"?_"
     011445  5405  
1852 011446  5640          JMP I BCLHU2
1853               
1854               
1855 011447  4204  BCLEOF, JMS BCLHU1;EOF2
     011450  2074  
1856               
1857               
1858 011451  4204  CERR,   JMS BCLHU1;KEYBAD
     011452  1226  
1859               
1860               
1861 011453  0000  XOUTNA,        0
1862 011454  1653          TAD I XOUTNA    /GET ADDRESS OF NAME
1863 011455  2253          ISZ XOUTNA
1864 011456  3314          DCA OUTNA2
1865 011457  1023          TAD GETPNT      /SAVE BUFFER INPUT POINTER
1866 011460  3343          DCA OUTNA6
1867 011461  3323          DCA OUTNA3      /SET FLAG FOR NO NAME
1868 011462  4324          JMS OUTNA4;0;-4 /SEND 4 CHARS FROM POSITION 0
     011463  0000  
     011464  7774  
1869 011465  1323          TAD OUTNA3
1870 011466  7650          SNA CLA
1871 011467  5272          JMP .+3         /NO DEVICE - NO ":"
1872 011470  1367          TAD (":
1873 011471  4441          OUT1
1874 011472  4324          JMS OUTNA4;4;-6 /SEND 6 CHARS FROM POSITION 4
     011473  0004  
     011474  7772  
1875 011475  1366          TAD (12         /SET UP TO GET EXTENSION
1876 011476  3023          DCA GETPNT
1877 011477  4312          JMS OUTNA1      /GET FIRST CHAR
1878 011500  5307          JMP OUTNA5      /NO EXTENSION
1879 011501  7200          CLA
1880 011502  1365          TAD (".
1881 011503  4441          OUT1
1882 011504  4324          JMS OUTNA4;12;-2 /SEND 2 CHARS FROM POSITION 12
     011505  0012  
     011506  7776  
1883 011507  1343  OUTNA5, TAD OUTNA6      /RESTORE BUFFER INPUT POINTER
1884 011510  3023          DCA GETPNT
1885 011511  5653          JMP I XOUTNA
1886               
1887 011512  0000  OUTNA1, 0
1888 011513  4425          GETCHR
1889 011514  0000  OUTNA2, 0
1890 011515  1364          TAD (-300       /IS IT NULL?
1891 011516  7450          SNA
1892 011517  5712          JMP I OUTNA1    /YES - DONE
1893 011520  2312          ISZ OUTNA1      /SKIP RETURN
1894 011521  1363          TAD (300
1895 011522  5712          JMP I OUTNA1
1896 011523  0000  OUTNA3, 0       /NAME PRESENT SWITCH
1897               
1898 011524  0000  OUTNA4, 0
1899 011525  1724          TAD I OUTNA4    /GET CHAR POSITION
1900 011526  2324          ISZ OUTNA4
1901 011527  3023          DCA GETPNT
1902 011530  1724          TAD I OUTNA4    /GET NO OF CHARS
1903 011531  2324          ISZ OUTNA4
1904 011532  3342          DCA OUTN41
1905 011533  4312  OUTN42, JMS OUTNA1      /GET A CHAR
1906 011534  5724          JMP I OUTNA4    /NULL - DONE
1907 011535  4441          OUT1
1908 011536  2323          ISZ OUTNA3      /SET NAME PRESENT
1909 011537  2342          ISZ OUTN41
1910 011540  5333          JMP OUTN42
1911 011541  5724          JMP I OUTNA4    /DONE - RETURN
1912 011542  0000  OUTN41, 0
1913 011543  0000  OUTNA6, 0
1914               
1915               
1916 011563  0300  PAGE
     011564  7500  
     011565  0256  
     011566  0012  
     011567  0272  
     011570  0042  
     011571  1444  
     011572  0045  
     011573  0044  
     011574  5313  
     011575  0041  
     011576  1413  
     011577  1646  
1917 011600  0000  XSEND, 0
1918 011601  7440          SZA             /IF AC =0, ADDRESS IS ARG OF CALL
1919 011602  5205          JMP XSEND4
1920 011603  1600          TAD I XSEND             /GET MESSAGE ADDRESS
1921 011604  2200          ISZ XSEND
1922 011605  3020  XSEND4, DCA OTEMP1
1923 011606  1420  XSEND1, TAD I OTEMP1
1924 011607  7112          CLL RTR;RTR;RTR
     011610  7012  
     011611  7012  
1925 011612  4217          JMS XSEND2
1926 011613  1420          TAD I OTEMP1
1927 011614  4217          JMS XSEND2
1928 011615  2020          ISZ OTEMP1
1929 011616  5206          JMP XSEND1
1930               
1931 011617  0000  XSEND2, 0
1932 011620  0377          AND (77
1933 011621  7450          SNA
1934 011622  5600          JMP I XSEND     /NULL ENDS MESSAGE
1935 011623  4776          JMS I (XSEND3   /GET 8-BIT REPRESENTATION
1936 011624  4441          OUT1
1937 011625  5617          JMP I XSEND2
1938               
1939               
1940 011626  0000  MAKNAM, 0
1941 011627  1375          TAD (DECN       /START CONVERSION AT 100
1942 011630  6201          CDF F0
1943 011631  3774          DCA I (XR1
1944 011632  7346          L7775           /CONVERT 3 DIGITS
1945 011633  3773          DCA I (TEMP1
1946 011634  2272          ISZ NAMCNT      /BUMP NAME COUNTER
1947 011635  1272          TAD NAMCNT
1948 011636  3772          DCA I (TEMP4
1949 011637  7301          L0001
1950 011640  3771          DCA I (TEMP5    /SAVE LEADING ZEROES
1951 011641  1370          TAD (MAKNA2
1952 011642  3767          DCA I (OUTAD
1953 011643  6211          CDF F1
1954 011644  1626          TAD I MAKNAM    /MOVE DEFAULT NAME TO OUTPUT AREA
1955 011645  3250          DCA .+3
1956 011646  4431          MOV6;FILNAM;0
     011647  5115  
     011650  0000  
1957 011651  1626          TAD I MAKNAM
1958 011652  2226          ISZ MAKNAM
1959 011653  3267          DCA MAKNA3+2
1960 011654  1366          TAD (7          /PUT NUMBER AT POSITION 7-9
1961 011655  3022          DCA PUTPNT
1962 011656  6202          CIF F0
1963 011657  4765          JMS I (CONDEC   /OUTPUT NUMBER
1964 011660  1364          TAD (XOUT       /RESTORE OUTPUT ROUTINE
1965 011661  6201          CDF F0
1966 011662  3767          DCA I (OUTAD
1967 011663  6211          CDF F1
1968 011664  5626          JMP I MAKNAM    /RETURN
1969               
1970 011665  0000  MAKNA3, 0
1971 011666  4426          PUTCHR;0
     011667  0000  
1972 011670  6203          CIF CDF F0
1973 011671  5665          JMP I MAKNA3
1974 011672  0000  NAMCNT, 0
1975               
1976               
1977 011673  0000  XISNUM, 0
1978 011674  1363          TAD (-"9
1979 011675  7540          SMA SZA
1980 011676  5302          JMP XISNU1
1981 011677  1362          TAD ("9-"0
1982 011700  7500          SMA
1983 011701  2273          ISZ XISNUM
1984 011702  7200  XISNU1, CLA
1985 011703  5673          JMP I XISNUM
1986               
1987               
1988 011704  0000  SAVNAM, 0
1989 011705  1324          TAD SAVPNT
1990 011706  3322          DCA SAV1+2      /PUT NAME IN LIST
1991 011707  1324          TAD SAVPNT
1992 011710  1361          TAD (-SAVTOP            /ARE WE AT TOP OF LIST?
1993 011711  7450          SNA
1994 011712  5704          JMP I SAVNAM    /YES - DON'T SAVE NAME
1995 011713  1360          TAD (SAVTOP+6
1996 011714  3324          DCA SAVPNT      /ADVANCE POINTER FOR NEXT TIME
1997 011715  1704          TAD I SAVNAM    /GET NAME TO SAVE
1998 011716  3321          DCA SAV1+1
1999 011717  2304          ISZ SAVNAM
2000 011720  4431  SAV1,   MOV6;0;0
     011721  0000  
     011722  0000  
2001 011723  5704          JMP I SAVNAM
2002               
2003 011724  4200  SAVPNT, SAVARA          /POINT TO SAVE AREA
2004               
2005               
2006 011725  0000  UNSNAM, 0
2007 011726  1725          TAD I UNSNAM
2008 011727  2325          ISZ UNSNAM
2009 011730  3343          DCA UNSNA1+2    /POINT TO SPACE TO RECEIVE NAME
2010 011731  1324          TAD SAVPNT
2011 011732  1357          TAD (-6-SAVARA
2012 011733  7510          SPA
2013 011734  5345          JMP UNSNA2      /EMPTY - RETURN
2014 011735  1356          TAD (SAVARA
2015 011736  3324          DCA SAVPNT      /BACK UP
2016 011737  1324          TAD SAVPNT
2017 011740  3342          DCA UNSNA1+1    /SET ADDRESS FROM WHICH NAME WILL COME
2018 011741  4431  UNSNA1, MOV6;0;0
     011742  0000  
     011743  0000  
2019 011744  2325          ISZ UNSNAM      /SKIP RETURN UNLESS EMPTY
2020 011745  7200  UNSNA2, CLA
2021 011746  5725          JMP I UNSNAM
2022               
2023               
2024 011756  4200  PAGE
     011757  3572  
     011760  4662  
     011761  3124  
     011762  0011  
     011763  7507  
     011764  2053  
     011765  2244  
     011766  0007  
     011767  0022  
     011770  0647  
     011771  0035  
     011772  0034  
     011773  0031  
     011774  0010  
     011775  3720  
     011776  0262  
     011777  0077  
2025               /
2026               /
2027               /       $DECK
2028               /
2029               /
2030 012000  4427  CDECK,  BCLIN           /GET THE LINE
2031 012001  4430          OPTION;CDEOPT           /ANALYZE THE OPTIONS
     012002  4654  
2032 012003  4436          TSTCR           /END OF LINE?
2033 012004  5211          JMP CDECK1      /NO - GET A NAME
2034 012005  4431  CDECK3, MOV6;CDEDEF;NAME1       /YES - MOVE DEFAULT NAME
     012006  5073  
     012007  5027  
2035 012010  5214          JMP CDECK2
2036 012011  4432  CDECK1, COLNAM;NAME1    /COLLECT A NAME
     012012  5027  
2037 012013  5205                  JMP CDECK3      /FAIL - BAD NAME
2038 012014  4435  CDECK2, SEND;CDEM1      /".R PIP_*"
     012015  5411  
2039 012016  4433          OUTNAM;NAME1    /SEND THE NAME
     012017  5027  
2040 012020  4435          SEND;CDEM2      /"<BAT:_"
     012021  5416  
2041 012022  1777          TAD I (OPFOR    /WAS "/FOR" SPECIFIED?
2042 012023  7700          SMA CLA
2043 012024  1376          TAD (BASKEY-FORKEY      /NO - USE BASIC
2044 012025  1375          TAD (FORKEY-15
2045 012026  6201          CDF F0
2046 012027  3774          DCA I (KEYADR
2047 012030  6211          CDF F1
2048 012031  4437          CDRTRA          /TRANSLATE THE CARDS
2049 012032  4435          SEND;CMEOD      /"$EOD_"
     012033  5422  
2050 012034  1773          TAD I (OPNOL    /WAS "/NOLIST" SPECIFIED?
2051 012035  7710          SPA CLA
2052 012036  5772          JMP I (BCLHUH   /YES - DONE
2053 012037  1371          TAD ("*;OUT1
     012040  4441  
2054 012041  4770          JMS I (PIPOUT;BATOUT /SEND NAME OF LISTING DEVICE
     012042  5043  
2055 012043  1367          TAD ("<;OUT1
     012044  4441  
2056 012045  4433          OUTNAM;NAME1    /SEND NAME OF FILE
     012046  5027  
2057 012047  1366          TAD (215;OUT1
     012050  4441  
2058 012051  5772          JMP I (BCLHUH
2059               
2060               
2061               /
2062               /
2063               /       $BASIC
2064               /
2065               /
2066 012052  4427  CBAS,   BCLIN           /GET BCL LINE
2067 012053  4430          OPTION;CBAOPT   /ANALYZE OPTIONS
     012054  4660  
2068 012055  4436          TSTCR           /END OF LINE?
2069 012056  5267          JMP CBAS2       /NO - GET NAME
2070 012057  4431  CBAS1,  MOV6;CBATK;NAME1        /MOVE IN BAT:
     012060  5101  
     012061  5027  
2071 012062  4435          SEND;CBAM1      /.R PIP *PROG.BA<
     012063  5425  
2072 012064  4433          OUTNAM;NAME1    /SEND NAME
     012065  5027  
2073 012066  5276          JMP     CONT
2074 012067  4432  CBAS2,  COLNAM;NAME1    /COLLECT THE NAME
     012070  5027  
2075 012071  5257                  JMP CBAS1 /FAIL - USE DEFAULT
2076 012072  4435  CBAS3,  SEND;CBAM1      /".R PIP_*PROG.BA<"
     012073  5425  
2077 012074  4435          SEND;CBAM6
     012075  5471  
2078 012076  1366  CONT,   TAD (215;OUT1
     012077  4441  
2079 012100  5311  CBAS5,  JMP CBAS7       /SET OR CLOBBERED IN INIT
2080 012101  1365          TAD (211;OUT1
     012102  4441  
2081 012103  4435          SEND;CBAM3      /'FILE #0,"DATA.DA"\FILEV #1,"'
     012104  5443  
2082 012105  4433          OUTNAM;BATOUT   /"TTY:" OR "LPT:"
     012106  5043  
2083 012107  4435          SEND;CBAM4      /'"_'
     012110  5462  
2084 012111  1364  CBAS7,  TAD (BASKEY-15
2085 012112  6201          CDF F0
2086 012113  3774          DCA I (KEYADR   /SET KEYWORD LIST
2087 012114  6211          CDF F1
2088 012115  4437          CDRTRA          /TRANSLATE CARDS
2089 012116  4435          SEND;CMEOD      /"$EOD_"
     012117  5422  
2090 012120  4435          SEND;CBAM7
     012121  5430  
2091 012122  4435          SEND;CBAM5
     012123  5464  
2092 012124  4433          OUTNAM;NAME1
     012125  5027  
2093 012126  4435          SEND;CBAM8
     012127  5442  
2094 012130  1773          TAD I (OPNOL    /WAS "/NOLIST SPECIFIED?"
2095 012131  7710          SPA CLA
2096 012132  5343          JMP CBAS4
2097 012133  4435          SEND            /SEND AN EOD (MH)
2098 012134  5422          CMEOD           /(MH)
2099 012135  4435          SEND            /SEND AN .R PIP * (MH)
2100 012136  5411          CDEM1           /(MH)
2101 012137  4770          JMS I (PIPOUT;BATOUT
     012140  5043  
2102 012141  4435          SEND;CBAM2      /"<PROG.BA_"
     012142  5436  
2103 012143  1363  CBAS4,  TAD (DATBAS
2104 012144  3762          DCA I (DATADR   /SET "$DATA" ROUTINE
2105 012145  5772          JMP I (BCLHUH   /DONE
2106               
2107               
2108               /
2109               /
2110               /       $RUN            (AFTER $BASIC)
2111               /
2112               /
2113 012146  4427  DATBAS, BCLIN
2114 012147  4430          OPTION;ZER6     /NO OPTIONS
     012150  5051  
2115 012151  4435          SEND;DATBM1     /".R PIP_*DATA.DA<BAT:_"
     012152  5476  
2116 012153  4437          CDRTRA          /TRANSLATE THE CARDS
2117 012154  4435          SEND;DATBM2     /"$EOD_.R BCOMP_*PROG.BA_"
     012155  5511  
2118 012156  1024          TAD DATFTN      /$RUN IS FORTRAN NOW
2119 012157  3762          DCA I (DATADR
2120 012160  5772          JMP I (BCLHUH   /DONE
2121               
2122               
2123 012162  5316  PAGE
     012163  2146  
     012164  4373  
     012165  0211  
     012166  0215  
     012167  0274  
     012170  2732  
     012171  0252  
     012172  1413  
     012173  4723  
     012174  0040  
     012175  4435  
     012176  7736  
     012177  4716  
2124               /
2125               /
2126               /       $FORTRAN        (FORTRAN IV)
2127               /
2128               /
2129 012200  4427  CF4,    BCLIN           /GET BCL LINE
2130 012201  4430          OPTION;CF4OPT   /ANALYZE OPTIONS
     012202  4662  
2131 012203  4436          TSTCR           /END OF LINE?
2132 012204  5210          JMP CF42
2133 012205  4777  CF41,   JMS I (MAKNAM;NAME1     /YES - MAKE A NAME
     012206  5027  
2134 012207  5213          JMP CF43
2135 012210  4432  CF42,   COLNAM;NAME1    /NO - COLLECT A NAME
     012211  5027  
2136 012212  5205                  JMP CF41 /BAD NAME - MAKE ONE
2137 012213  4435  CF43,   SEND;CF4M1      /".R PIP_*"
     012214  5411  
2138 012215  4433          OUTNAM;NAME1    /SEND THE NAME
     012216  5027  
2139 012217  1376          TAD ("<;OUT1
     012220  4441  
2140 012221  1775          TAD I (OPSRC;RAL        /WAS A SOURCE FILE GIVEN
     012222  7004  
2141 012223  7700          SMA CLA
2142 012224  5232          JMP CF44        /NO
2143 012225  4433          OUTNAM;OPSRC+1  /YES - SEND IT
     012226  4761  
2144 012227  1374          TAD (215;OUT1
     012230  4441  
2145 012231  5234          JMP CF45
2146 012232  4435  CF44,   SEND;CF4M2      /"BAT:_"
     012233  5525  
2147 012234  1373  CF45,   TAD (FORKEY-15  /FORTRAN CARDS
2148 012235  6201          CDF F0
2149 012236  3772          DCA I (KEYADR
2150 012237  6211          CDF F1
2151 012240  4437          CDRTRA          /TRANSLATE THE CARDS
2152 012241  4435          SEND;CF4M3      /"$EOD_.R F4_*"
     012242  5530  
2153 012243  4433          OUTNAM;NAME1
     012244  5027  
2154 012245  1771          TAD I (OPNOL    /WAS "/NOLIST" SPECIFIED?
2155 012246  7710          SPA CLA
2156 012247  5263          JMP CF46        /YES - DON'T GENERATE LIST FILES
2157 012250  1370          TAD (",;OUT1
     012251  4441  
2158 012252  1767          TAD I (OPLIS
2159 012253  7004          RAL
2160 012254  7710          SPA CLA         /WAS A NAME GIVEN?
2161 012255  5261          JMP CF47        /YES - GET IT
2162 012256  4431          MOV6;BATOUT;OPLIS+1 /NO - GIVE LIST DEV
     012257  5043  
     012260  4772  
2163 012261  4433  CF47,   OUTNAM;OPLIS+1  /SEND NAME OF LISTING FILE
     012262  4772  
2164 012263  1376  CF46,   TAD ("<;OUT1
     012264  4441  
2165 012265  4433          OUTNAM;NAME1
     012266  5027  
2166 012267  1766          TAD I (OPRALF   /PRODUCE RALF LISTING?
2167 012270  7700          SMA CLA
2168 012271  5274          JMP CF48        /NO
2169 012272  4435          SEND;CF4M4      /"/F"
     012273  5537  
2170 012274  1374  CF48,   TAD (215;OUT1
     012275  4441  
2171 012276  1365          TAD (DATF4
2172 012277  3764          DCA I (DATADR   /SET "$DATA" ADDRESS
2173 012300  4763          JMS I (SAVNAM;NAME1     /SAVE NAME FOR "$LOAD"
     012301  5027  
2174 012302  5762          JMP I (BCLHUH   /DONE
2175               
2176               
2177               /
2178               /
2179               /       $RUN            (FORTRAN II)
2180               /
2181               /
2182 012303  4427  DATF2,  BCLIN
2183 012304  4761          JMS I (CL2S     /DO $LOAD STUFF
2184 012305  5323          JMP DATL21
2185 012306  4427  DATL2,  BCLIN
2186 012307  4430          OPTION;ZER6     /NO OPTIONS IF ALREADY LOADED
     012310  5051  
2187 012311  5323          JMP DATL21
2188 012312  4427  DATX2,  BCLIN
2189 012313  4760          JMS I (DATNAM   /GET A NAME
2190 012314  1757          TAD I (NAMELD   /WAS A DEVICE SPECIFIED?
2191 012315  7640          SZA CLA
2192 012316  5323          JMP DATL21      /YES
2193 012317  1356          TAD (0423       /NO - USE "DSK"
2194 012320  3757          DCA I (NAMELD
2195 012321  1355          TAD (1300
2196 012322  3754          DCA I (NAMELD+1
2197 012323  4435  DATL21, SEND;DTF2M1     /".RUN "
     012324  5675  
2198 012325  4433          OUTNAM;NAMELD
     012326  5035  
2199 012327  1374          TAD (215;OUT1
     012330  4441  
2200 012331  4437          CDRTRA          /WITH GENIOX, INPUT IS FROM BATCH STREAM
2201 012332  4435          SEND;CMEOD      /"$EOD_"
     012333  5422  
2202 012334  1024          TAD DATFTN      /$DATA IS NOW FORTRAN
2203 012335  3764          DCA I (DATADR
2204 012336  5762          JMP I (BCLHUH
2205               
2206               
2207               
2208 012354  5036  PAGE
     012355  1300  
     012356  0423  
     012357  5035  
     012360  3121  
     012361  3400  
     012362  1413  
     012363  1704  
     012364  5316  
     012365  3000  
     012366  4727  
     012367  4771  
     012370  0254  
     012371  4723  
     012372  0040  
     012373  4435  
     012374  0215  
     012375  4760  
     012376  0274  
     012377  1626  
2209               /
2210               /
2211               /       $LOAD           (FORTRAN IV)
2212               /
2213               /
2214               /THIS SUBROUTINE IS USED WITH EITHER A $LOAD OR $RUN
2215 012400  0000  CL4S,   0
2216 012401  4430          OPTION;CL4OPT   /ANALYZE OPTIONS
     012402  4667  
2217 012403  4435          SEND;CL4SM1     /".R LOAD_*"
     012404  5541  
2218 012405  1777          TAD I (OPIMAG   /WAS "/IMAGE" FILE SPECIFIED
2219 012406  7004          RAL
2220 012407  7700          SMA CLA
2221 012410  5215          JMP CL4S1       /NO
2222 012411  4431          MOV6;OPIMAG+1;NAMELD /YES - MOVE NAME
     012412  5003  
     012413  5035  
2223 012414  5220          JMP CL4S2
2224 012415  4431  CL4S1,  MOV6;CL4DEF;NAMELD /USE DEFAULT NAME
     012416  5107  
     012417  5035  
2225 012420  4433  CL4S2,  OUTNAM;NAMELD   /SEND THE NAME OF THE IMAGE FILE
     012421  5035  
2226 012422  1776          TAD I (OPLIS    /WAS "/LIST" FILE GIVEN?
2227 012423  7700          SMA CLA
2228 012424  5240          JMP CL4S4
2229 012425  1776          TAD I (OPLIS;RAL
     012426  7004  
2230 012427  7710          SPA CLA
2231 012430  5234          JMP CL4S3
2232 012431  4431          MOV6;BATOUT;OPLIS+1
     012432  5043  
     012433  4772  
2233 012434  1375  CL4S3,  TAD (",;OUT1
     012435  4441  
2234 012436  4433          OUTNAM;OPLIS+1
     012437  4772  
2235 012440  1774  CL4S4,  TAD I (OPSSYM   /LIST SYSTEM SYMBOLS?
2236 012441  7700          SMA CLA
2237 012442  5245          JMP CL4S11      /NO
2238 012443  4435          SEND;CL4SM8     /"/S"
     012444  5564  
2239 012445  4435  CL4S11, SEND;CL4SM2     /"<_*"
     012446  5546  
2240 012447  1773          TAD I (OPLIB;RAL        /WAS "/LIBRARY" FILE SPECIFIED?
     012450  7004  
2241 012451  7700          SMA CLA
2242 012452  5257          JMP CL4S5
2243 012453  4433          OUTNAM;OPLIB+1  /SEND NAME OF LIBRARY
     012454  5015  
2244 012455  4435          SEND;CL4SM3     /"/L_*"
     012456  5550  
2245 012457  1772  CL4S5,  TAD I (OPNOA    /WAS "/NOAUTO" SPECIFIED?
2246 012460  7710          SPA CLA
2247 012461  5272          JMP CL4S7       /YES - DON'T BOTHER WITH SAVED NAMES
2248 012462  4771  CL4S6,  JMS I (UNSNAM;NAME1     /GET A SAVED NAME
     012463  5027  
2249 012464  5272                  JMP CL4S7 /OUT OF NAMES
2250 012465  4433          OUTNAM;NAME1    /SEND IT
     012466  5027  
2251 012467  4435          SEND;CL4SM4     /"/C_*"
     012470  5553  
2252 012471  5262          JMP CL4S6
2253 012472  4436  CL4S7,  TSTCR;SKP       /END OF LINE?
     012473  7410  
2254 012474  5334          JMP CL4S10
2255 012475  4425          GETCHR;BCLBUF   /GET NEXT CHARACTER
     012476  3600  
2256 012477  3346          DCA CHRSAV
2257 012500  4425          GETCHR;BCLBUF
     012501  3600  
2258 012502  1370          TAD (-"=
2259 012503  7640          SZA CLA
2260 012504  5311          JMP CL4S8
2261 012505  1346          TAD CHRSAV
2262 012506  4434          ISIT;CLIS1;CLIS2-1 /IS IT "L" OR "O"
     012507  5237  
     012510  5241  
2263 012511  7344  CL4S8,  L7776
2264 012512  1023          TAD GETPNT      /BACK UP 2
2265 012513  3023          DCA GETPNT
2266 012514  4432  CL4S9,  COLNAM;NAME1
     012515  5027  
2267 012516  5272                  JMP CL4S7 /BAD NAME
2268 012517  4433          OUTNAM;NAME1    /SEND THE NAME
     012520  5027  
2269 012521  4435          SEND;CL4SM4     /"/C_*"
     012522  5553  
2270 012523  5272          JMP CL4S7
2271 012524  4435  CL4SL,  SEND;CL4SM5     /"/O"
     012525  5556  
2272 012526  4435  CL4SO,  SEND;CL4SM6     /"_*"
     012527  5560  
2273 012530  7344          L7776
2274 012531  1023          TAD GETPNT      /BACK 2
2275 012532  4767          JMS I (BCLSQU
2276 012533  5314          JMP CL4S9
2277 012534  4435  CL4S10, SEND;CL4SM7     /"$_"
     012535  5562  
2278 012536  3766          DCA I (NAMCNT
2279 012537  5600          JMP I CL4S      /RETURN
2280               
2281               
2282               /$LOAD
2283 012540  4427  CL4,    BCLIN           /GET THE LINE
2284 012541  4200          JMS CL4S        /ANALYZE IT
2285 012542  1365          TAD (DATL4      /SET "$DATA" ADDRESS
2286 012543  3764          DCA I (DATADR
2287 012544  4763          JMS I (BCLHU1;TEXFIN
     012545  1646  
2288               
2289 012546  0000  CHRSAV, 0
2290               
2291 012563  1404  PAGE
     012564  5316  
     012565  3003  
     012566  1672  
     012567  0611  
     012570  7503  
     012571  1725  
     012572  4732  
     012573  5014  
     012574  4736  
     012575  0254  
     012576  4771  
     012577  5002  
2292               /
2293               /
2294               /       $RUN            (FORTRAN IV) - FORMERLY CALLED $DATA
2295               /
2296               /
2297               /THIS SUBROUTINE IS CALLED FROM DATF4 - THE REAL $RUN PROCESSOR
2298 012600  0000  DAT4,   0
2299 012601  1377          TAD (-12^7      /ZERO OUT CONTROL WORD
2300 012602  3327          DCA DEVASC      /FOR EACH DEVICE NUMBER
2301 012603  1376          TAD (DEVASN-1
2302 012604  3017          DCA OXR1
2303 012605  3417  DEVAS1, DCA I OXR1
2304 012606  2327          ISZ DEVASC
2305 012607  5205          JMP DEVAS1
2306 012610  4427          BCLIN           /GET THE INPUT LINE
2307 012611  4425  DAT41,  GETCHR;BCLBUF   /GET A CHAR
     012612  3600  
2308 012613  4434  DAT411, ISIT;OPTIS3;DATIS1-1 /IS IT "/" OR <CR>?
     012614  5270  
     012615  5243  
2309 012616  5211          JMP DAT41       /NO
2310 012617  7340  DAT42,  L7777
2311 012620  1023          TAD GETPNT      /SAVE POINTER TO "/"
2312 012621  3331          DCA DEVAST
2313 012622  4425          GETCHR;BCLBUF
     012623  3600  
2314 012624  4440          ISNUM
2315 012625  5213          JMP DAT411      /IT'S NOT A NUMBER
2316 012626  1021          TAD CHAR
2317 012627  1375          TAD (-"0
2318 012630  7041          CIA
2319 012631  3327          DCA DEVASC
2320 012632  1327          TAD DEVASC
2321 012633  7041          CIA
2322 012634  7104          CLL RAL;RTL
     012635  7006  
2323 012636  1327          TAD DEVASC      /NUMBER*7
2324 012637  1374          TAD (DEVASN
2325 012640  3327          DCA DEVASC
2326 012641  4425  DAT47,  GETCHR;BCLBUF   /GET ANOTHER CHAR
     012642  3600  
2327 012643  4434          ISIT;DATIS2;DATIS3-1 /IS IT "N","C", OR "="?
     012644  5246  
     012645  5251  
2328 012646  5213          JMP DAT411      /NO
2329 012647  1727  DAT44,  TAD I DEVASC    /"N" SETS BIT 1
2330 012650  0373          AND (5777
2331 012651  1372          TAD (2000
2332 012652  3727          DCA I DEVASC
2333 012653  5241          JMP DAT47
2334 012654  1727  DAT45,  TAD I DEVASC    /"C" SETS BIT 2
2335 012655  0371          AND (6777
2336 012656  1370          TAD (1000
2337 012657  3727          DCA I DEVASC
2338 012660  5241          JMP DAT47
2339 012661  1023  DAT46,  TAD GETPNT      /SAVE POINTER TO POSSIBLE NAME
2340 012662  3326          DCA DEVASP
2341 012663  4425          GETCHR;BCLBUF   /GET THE NEXT CHAR
     012664  3600  
2342 012665  4440          ISNUM
2343 012666  5276          JMP DAT48       /NOT A NUMBER
2344 012667  1021          TAD CHAR        /SAVE THE NUMBER
2345 012670  3330          DCA DEVASS
2346 012671  4425          GETCHR;BCLBUF
     012672  3600  
2347 012673  4434          ISIT;DATIS4;DATIS5-1 /IS IT "," "/" OR <CR>?
     012674  5267  
     012675  5254  
2348 012676  1326  DAT48,  TAD DEVASP      /RESET NAME POINTER
2349 012677  3023          DCA GETPNT
2350 012700  1727          TAD I DEVASC    /ZERO OUT NUMBER
2351 012701  0367          AND (7400
2352 012702  3727          DCA I DEVASC
2353 012703  1327          TAD DEVASC;IAC  /GET POINTER TO DEVICE BLOCK
     012704  7001  
2354 012705  3307          DCA .+2
2355 012706  4432          COLNAM;0        /COLLECT NAME
     012707  0000  
2356 012710  5315                  JMP DAT49       /BAD NAME
2357 012711  1727  DAT412, TAD I DEVASC    /NAME OR NUM OK - SET BIT 0
2358 012712  0366          AND (3777
2359 012713  1365          TAD (4000
2360 012714  3727          DCA I DEVASC
2361 012715  1331  DAT49,  TAD DEVAST      /SQUISH
2362 012716  4764          JMS I (BCLSQU
2363 012717  5211          JMP DAT41
2364 012720  1727  DAT410, TAD I DEVASC    /ADD NUMBER TO CONTROL WORD
2365 012721  0367          AND (7400
2366 012722  1330          TAD DEVASS
2367 012723  3727          DCA I DEVASC
2368 012724  5311          JMP DAT412
2369 012725  5600  DAT43,  JMP I DAT4
2370               
2371               
2372 012726  0000  DEVASP, 0
2373 012727  0000  DEVASC, 0
2374 012730  0000  DEVASS, 0
2375 012731  0000  DEVAST, 0
2376               
2377               
2378               /SEND A NAME AND SEND /T OPTION IF DEVICE IS TTY:
2379 012732  0000  PIPOUT, 0
2380 012733  1732          TAD I PIPOUT    /GET ADDRESS OF NAME
2381 012734  2332          ISZ PIPOUT
2382 012735  3337          DCA PIPPNT
2383 012736  4433          OUTNAM          /SEND IT
2384 012737  0000  PIPPNT,         0
2385 012740  1737          TAD I PIPPNT    /GET CHAR OF DEVICE
2386 012741  1363          TAD (-2424      /IS IT "TT"?
2387 012742  7640          SZA CLA
2388 012743  5732          JMP I PIPOUT    /NO
2389 012744  2337          ISZ PIPPNT
2390 012745  1737          TAD I PIPPNT
2391 012746  1362          TAD (-3100      /IS IT "Y@"?
2392 012747  7640          SZA CLA 
2393 012750  5732          JMP I PIPOUT    /NO
2394 012751  4435          SEND;PIPM1      /"/T"
     012752  5474  
2395 012753  5732          JMP I PIPOUT
2396               
2397               
2398 012762  4700  PAGE
     012763  5354  
     012764  0611  
     012765  4000  
     012766  3777  
     012767  7400  
     012770  1000  
     012771  6777  
     012772  2000  
     012773  5777  
     012774  5131  
     012775  7520  
     012776  5130  
     012777  7672  
2399               /$RUN (FORTRAN IV)
2400 013000  4777  DATF4,  JMS I (DAT4     /PROCESS DEVICE NUMBER STUFF
2401 013001  4776          JMS I (CL4S     /DO LOAD STUFF
2402 013002  5211          JMP DATL46
2403 013003  4777  DATL4,  JMS I (DAT4
2404 013004  4430          OPTION;ZER6     /NO OPTIONS
     013005  5051  
2405 013006  5211          JMP DATL46
2406 013007  4777  DATX4,  JMS I (DAT4     /DO DEVICE NUMBER STUFF
2407 013010  4321          JMS DATNAM      /COLLECT A NAME
2408 013011  4435  DATL46, SEND;DTF4M1     /".R PIP_*DATA.DA<BAT:_"
     013012  5476  
2409 013013  4437          CDRTRA          /TRANSLATE CARDS
2410 013014  4435          SEND;DTF4M2     /"$EOD_.R FRTS_*"
     013015  5566  
2411 013016  4433          OUTNAM;NAMELD   /SEND LOADER NAME
     013017  5035  
2412 013020  5230  DATL48, JMP DATL49      /ZEROED OR CREATED IN INIT
2413 013021  4435          SEND;DTF4M6     /"_*DATA.DA/4_*"
     013022  5600  
2414 013023  4433          OUTNAM;BATOUT
     013024  5043  
2415 013025  4435          SEND;DTF4M7     /"/5"
     013026  5607  
2416 013027  5232          JMP DTL410
2417 013030  4435  DATL49, SEND;DTF4M8     /"_*/5=4"
     013031  5611  
2418 013032  4435  DTL410, SEND;DTF4M3     /"_*"
     013033  5560  
2419 013034  1375          TAD (-12        /TRANSLATE THE DEVICE NUMBERS
2420 013035  3317          DCA DATF4C
2421 013036  1374          TAD (DEVASN-7
2422 013037  3320          DCA DATF4P
2423 013040  1373  DATL41, TAD (7
2424 013041  1320          TAD DATF4P
2425 013042  3320          DCA DATF4P
2426 013043  1720          TAD I DATF4P
2427 013044  7700          SMA CLA         /WAS THIS ONE SPECIFIED?
2428 013045  5310          JMP DATL47      /NO
2429 013046  1720          TAD I DATF4P
2430 013047  0372          AND (377        /WAS IT A NUMBER?
2431 013050  7450          SNA
2432 013051  5260          JMP DATL42
2433 013052  3021          DCA CHAR        /YES - SAVE IT
2434 013053  1371          TAD ("=;OUT1
     013054  4441  
2435 013055  1021          TAD CHAR;OUT1
     013056  4441  
2436 013057  5265          JMP DATL43
2437 013060  1320  DATL42, TAD DATF4P;IAC  /POINT TO NAME
     013061  7001  
2438 013062  3264          DCA .+2
2439 013063  4433          OUTNAM;0        /SEND IT
     013064  0000  
2440 013065  1720  DATL43, TAD I DATF4P    /"N"?
2441 013066  7004          RAL
2442 013067  7700          SMA CLA
2443 013070  5273          JMP DATL44      /NO
2444 013071  1370          TAD ("<;OUT1
     013072  4441  
2445 013073  1720  DATL44, TAD I DATF4P    /"C"?
2446 013074  7006          RTL
2447 013075  7700          SMA CLA
2448 013076  5301          JMP DATL45      /NO
2449 013077  4435          SEND;DTF4M4     /"/C"
     013100  5576  
2450 013101  1367  DATL45, TAD ("/;OUT1
     013102  4441  
2451 013103  1317          TAD DATF4C
2452 013104  1366          TAD ("0+12;OUT1
     013105  4441  
2453 013106  4435          SEND;DTF4M3     /"_*"
     013107  5560  
2454 013110  2317  DATL47, ISZ DATF4C
2455 013111  5240          JMP DATL41
2456 013112  4435          SEND;DTF4M5     /"$_"
     013113  5562  
2457 013114  1024          TAD DATFTN      /"$DATA" IS NOW FORTRAN
2458 013115  3765          DCA I (DATADR
2459 013116  5764          JMP I (BCLHUH
2460               
2461 013117  0000  DATF4C, 0
2462 013120  0000  DATF4P, 0
2463               
2464               
2465 013121  0000  DATNAM, 0
2466 013122  4430          OPTION;ZER6     /NO OPTIONS
     013123  5051  
2467 013124  4436          TSTCR;SKP       /IS THERE A NAME?
     013125  7410  
2468 013126  5333          JMP DATNO       /NO
2469 013127  4432          COLNAM;NAMELD   /YES - COLLECT IT
     013130  5035  
2470 013131  5333                  JMP DATNO /INVALID NAME
2471 013132  5721          JMP I DATNAM    /RETURN
2472 013133  4435  DATNO,  SEND;DATNO1     /"?NO PROGRAM TO RUN_"
     013134  5615  
2473 013135  4763          JMS I (BCLHU1;TEXFIN
     013136  1646  
2474               
2475               
2476 013163  1404  PAGE
     013164  1413  
     013165  5316  
     013166  0272  
     013167  0257  
     013170  0274  
     013171  0275  
     013172  0377  
     013173  0007  
     013174  5122  
     013175  7766  
     013176  2400  
     013177  2600  
2477               /
2478               /
2479               /       $FORTRAN        (FORTRAN II)
2480               /
2481               /
2482 013200  4427  CF2,    BCLIN
2483 013201  4430          OPTION;CF2OPT   /ANALYZE OPTIONS
     013202  4675  
2484 013203  4436          TSTCR           /END OF LINE?
2485 013204  5210          JMP CF22
2486 013205  4777  CF21,   JMS I (MAKNAM;NAME1     /CREATE A NAME
     013206  5027  
2487 013207  5213          JMP CF23
2488 013210  4432  CF22,   COLNAM;NAME1    /COLLECT A NAME
     013211  5027  
2489 013212  5205                  JMP CF21 /FAIL - CREATE A NAME
2490 013213  4435  CF23,   SEND;CF2M1      /".R PIP_*"
     013214  5411  
2491 013215  4433          OUTNAM;NAME1
     013216  5027  
2492 013217  1376          TAD ("<;OUT1
     013220  4441  
2493 013221  1775          TAD I (OPSRC;RAL /WAS A SOURCE FILE GIVEN?
     013222  7004  
2494 013223  7700          SMA CLA
2495 013224  5232          JMP CF24        /NO
2496 013225  4433          OUTNAM;OPSRC+1
     013226  4761  
2497 013227  1374          TAD (215;OUT1
     013230  4441  
2498 013231  5234          JMP CF25
2499 013232  4435  CF24,   SEND;CF2M2      /"BAT:_"
     013233  5525  
2500 013234  1373  CF25,   TAD (FORKEY-15  /FORTRAN CARDS
2501 013235  6201          CDF F0
2502 013236  3772          DCA I (KEYADR
2503 013237  6211          CDF F1
2504 013240  4437          CDRTRA          /TRANSLATE THE CARDS
2505 013241  4435          SEND;CF2M3      /"$EOD"
     013242  5627  
2506 013243  1771          TAD I (OPNOL    /WAS "/NOLIST" SPECIFIED?
2507 013244  7710          SPA CLA
2508 013245  5265          JMP CF27
2509 013246  4435          SEND;CF2M4      /"_*"
     013247  5560  
2510 013250  1770          TAD I (OPLIS;RAL /WAS A LISTING FILE GIVEN?
     013251  7004  
2511 013252  7710          SPA CLA
2512 013253  5257          JMP CF26        /YES
2513 013254  4431          MOV6;BATOUT;OPLIS+1 /NO - USE LISTING DEVICE
     013255  5043  
     013256  4772  
2514 013257  4767  CF26,   JMS I (PIPOUT;OPLIS+1
     013260  4772  
2515 013261  1376          TAD ("<;OUT1
     013262  4441  
2516 013263  4433          OUTNAM;NAME1
     013264  5027  
2517 013265  4435  CF27,   SEND;CF2M5      /"_.R FORT_*"
     013266  5632  
2518 013267  4433          OUTNAM;NAME1
     013270  5027  
2519 013271  1771          TAD I (OPNOL    /NOLIST?
2520 013272  7710          SPA CLA
2521 013273  5303          JMP CF28        /YES
2522 013274  1766          TAD I (OPSABR   /WAS "/SABR" SPECIFIED?
2523 013275  7700          SMA CLA
2524 013276  5303          JMP CF28        /NO
2525 013277  1365          TAD (",;OUT1
     013300  4441  
2526 013301  4433          OUTNAM;OPLIS+1
     013302  4772  
2527 013303  1376  CF28,   TAD ("<;OUT1
     013304  4441  
2528 013305  4433          OUTNAM;NAME1
     013306  5027  
2529 013307  1374          TAD (215;OUT1
     013310  4441  
2530 013311  1364          TAD (DATF2
2531 013312  3763          DCA I (DATADR   /ENABLE $DATA
2532 013313  4762          JMS I (SAVNAM;NAME1 /SAVE THE NAME FOR $LOAD
     013314  5027  
2533 013315  5761          JMP I (BCLHUH   /DONE
2534               
2535               
2536               /
2537               /
2538               /       $EOD
2539               /       $MSG
2540               /
2541               /
2542               CEOD,
2543               CMSG,
2544 013316  4333          JMS SENDKY      /OUTPUT THE BCL KEYWORD
2545 013317  4760          JMS I (BCLHU1;TEXTRA
     013320  1600  
2546               
2547               /
2548               /
2549               /       $JOB
2550               /
2551               /
2552 013321  1357  CJOB,   TAD (SAVARA     /RESET SAVED NAMES
2553 013322  3756          DCA I (SAVPNT
2554 013323  3755          DCA I (NAMCNT   /ZERO MAKNAM COUNTER
2555 013324  1024          TAD DATFTN      /$RUN IS NOW FORTRAN
2556 013325  3763          DCA I (DATADR
2557 013326  4427          BCLIN           /SEND THE LINE TO THE BATCH STREAM
2558 013327  4435          SEND;MJOB1      /".R FOTP_*FIL???.*/D_"
     013330  5711  
2559 013331  4760          JMS I (BCLHU1;TEXFIN
     013332  1646  
2560               
2561 013333  0000  SENDKY, 0
2562 013334  6201          CDF F0
2563 013335  1754          TAD I (KEYVAL
2564 013336  6211          CDF F1
2565 013337  1353          TAD (BCLKEY-1
2566 013340  3020          DCA OTEMP1
2567 013341  1420          TAD I OTEMP1
2568 013342  4435          SEND
2569 013343  1352          TAD (" ;OUT1
     013344  4441  
2570 013345  5733          JMP I SENDKY
2571               
2572               
2573 013352  0240  PAGE
     013353  5327  
     013354  0041  
     013355  1672  
     013356  1724  
     013357  4200  
     013360  1404  
     013361  1413  
     013362  1704  
     013363  5316  
     013364  2303  
     013365  0254  
     013366  4742  
     013367  2732  
     013370  4771  
     013371  4723  
     013372  0040  
     013373  4435  
     013374  0215  
     013375  4760  
     013376  0274  
     013377  1626  
2574               /
2575               /
2576               /       $LOAD           (FORTRAN II)
2577               /
2578               /
2579               /THIS SUBROUTINE IS CALLED BY CL2 OR DATF2
2580 013400  0000  CL2S,   0
2581 013401  4430          OPTION;CL2OPT   /ANALYZE OPTIONS
     013402  4702  
2582 013403  4435          SEND    /".R LOADER_*" OR ".R LOADER_*GENIOX"
2583 013404  5640  CL2SX,          CL2M1   /OR CL2M1A
2584 013405  1777          TAD I (OPINP    /WAS "/INPUT" SPECIFIED?
2585 013406  7700          SMA CLA
2586 013407  5212          JMP CL2S1
2587 013410  4435          SEND;CL2M3      /"/I"
     013411  5657  
2588 013412  1776  CL2S1,  TAD I (OPOPT    /WAS "/OUTPUT" SPECIFIED?
2589 013413  7700          SMA CLA
2590 013414  5217          JMP CL2S2
2591 013415  4435          SEND;CL2M4      /"/O"
     013416  5661  
2592 013417  1775  CL2S2,  TAD I (OPTWO    /WAS "/TWO" SPECIFIED?
2593 013420  7700          SMA CLA
2594 013421  5224          JMP CL2S3
2595 013422  4435          SEND;CL2M5      /"/H"
     013423  5663  
2596 013424  4435  CL2S3,  SEND;CL2M6      /"_*"
     013425  5560  
2597 013426  1774          TAD I (OPLIB;RAL /WAS A LIBRARY SPECIFIED?
     013427  7004  
2598 013430  7700          SMA CLA
2599 013431  5236          JMP CL2S4
2600 013432  4433          OUTNAM;OPLIB+1
     013433  5015  
2601 013434  4435          SEND;CL2M7      /"/L_*"
     013435  5550  
2602 013436  1773  CL2S4,  TAD I (OPLIS    /WAS "/LIST" SPECIFIED?
2603 013437  7700          SMA CLA
2604 013440  5254          JMP CL2S6
2605 013441  1773          TAD I (OPLIS;RAL /WAS A NAME GIVEN?
     013442  7004  
2606 013443  7710          SPA CLA
2607 013444  5250          JMP CL2S5       /YES
2608 013445  4431          MOV6;BATOUT;OPLIS+1
     013446  5043  
     013447  4772  
2609 013450  4433  CL2S5,  OUTNAM;OPLIS+1
     013451  4772  
2610 013452  4435          SEND;CL2M8      /"</M_*"
     013453  5665  
2611 013454  1772  CL2S6,  TAD I (OPNOA    /WAS "/NOAUTO" SPECIFIED?
2612 013455  7710          SPA CLA
2613 013456  5267          JMP CL2S8
2614 013457  4771  CL2S7,  JMS I (UNSNAM;NAME1     /GET A SAVED NAME
     013460  5027  
2615 013461  5267                  JMP CL2S8       /EMPTY
2616 013462  4433          OUTNAM;NAME1
     013463  5027  
2617 013464  4435          SEND;CL2M6      /"_*"
     013465  5560  
2618 013466  5257          JMP CL2S7
2619 013467  4436  CL2S8,  TSTCR;SKP       /END OF LINE?
     013470  7410  
2620 013471  5301          JMP CL2S9       /YES
2621 013472  4432          COLNAM;NAME1
     013473  5027  
2622 013474  4433          OUTNAM;NAME1
     013475  5027  
2623 013476  4435          SEND;CL2M6      /"_*"
     013477  5560  
2624 013500  5267          JMP CL2S8
2625 013501  4435  CL2S9,  SEND;CL2M9      /"$_.SAVE "
     013502  5670  
2626 013503  1770          TAD I (OPIMAG;RAL /WAS AN IMAGE FILE NAME GIVEN?
     013504  7004  
2627 013505  7700          SMA CLA
2628 013506  5326          JMP CL2S10      /NO - USE DEFAULT
2629 013507  1767          TAD I (OPIMAG+1 /WAS A DEVICE GIVEN?
2630 013510  7640          SZA CLA
2631 013511  5316          JMP CL2S11      /YES
2632 013512  1366          TAD (0423       /"DS"
2633 013513  3767          DCA I (OPIMAG+1
2634 013514  1365          TAD (1300       /"K"
2635 013515  3764          DCA I (OPIMAG+2
2636 013516  4431  CL2S11, MOV6;OPIMAG+1;NAMELD
     013517  5003  
     013520  5035  
2637 013521  4433  CL2S12, OUTNAM;NAMELD
     013522  5035  
2638 013523  1363          TAD (215;OUT1
     013524  4441  
2639 013525  5600          JMP I CL2S
2640               
2641 013526  4431  CL2S10, MOV6;CL2SN2;NAMELD
     013527  5123  
     013530  5035  
2642 013531  3762          DCA I (NAMCNT
2643 013532  5321          JMP CL2S12
2644               
2645               
2646               /$LOAD
2647 013533  4427  CL2,    BCLIN
2648 013534  4200          JMS CL2S
2649 013535  1361          TAD (DATL2      /$DATA DOES NOT DO LOAD
2650 013536  3760          DCA I (DATADR
2651 013537  4757          JMS I (BCLHU1;TEXFIN
     013540  1646  
2652               
2653               
2654 013557  1404  PAGE
     013560  5316  
     013561  2306  
     013562  1672  
     013563  0215  
     013564  5004  
     013565  1300  
     013566  0423  
     013567  5003  
     013570  5002  
     013571  1725  
     013572  4732  
     013573  4771  
     013574  5014  
     013575  4755  
     013576  4751  
     013577  4745  
2655 013600  0000  BCLBUF,        ZBLOCK 400      /SPACE FOR A WHOLE BUNCH OF CONTINUATION CARDS
     013601  0000  
     013602  0000  
     013603  0000  
     013604  0000  
     013605  0000  
     013606  0000  
     013607  0000  
     013610  0000  
     013611  0000  
     013612  0000  
     013613  0000  
     013614  0000  
     013615  0000  
     013616  0000  
     013617  0000  
     013620  0000  
     013621  0000  
     013622  0000  
     013623  0000  
     013624  0000  
     013625  0000  
     013626  0000  
     013627  0000  
     013630  0000  
     013631  0000  
     013632  0000  
     013633  0000  
     013634  0000  
     013635  0000  
     013636  0000  
     013637  0000  
     013640  0000  
     013641  0000  
     013642  0000  
     013643  0000  
     013644  0000  
     013645  0000  
     013646  0000  
     013647  0000  
     013650  0000  
     013651  0000  
     013652  0000  
     013653  0000  
     013654  0000  
     013655  0000  
     013656  0000  
     013657  0000  
     013660  0000  
     013661  0000  
     013662  0000  
     013663  0000  
     013664  0000  
     013665  0000  
     013666  0000  
     013667  0000  
     013670  0000  
     013671  0000  
     013672  0000  
     013673  0000  
     013674  0000  
     013675  0000  
     013676  0000  
     013677  0000  
     013700  0000  
     013701  0000  
     013702  0000  
     013703  0000  
     013704  0000  
     013705  0000  
     013706  0000  
     013707  0000  
     013710  0000  
     013711  0000  
     013712  0000  
     013713  0000  
     013714  0000  
     013715  0000  
     013716  0000  
     013717  0000  
     013720  0000  
     013721  0000  
     013722  0000  
     013723  0000  
     013724  0000  
     013725  0000  
     013726  0000  
     013727  0000  
     013730  0000  
     013731  0000  
     013732  0000  
     013733  0000  
     013734  0000  
     013735  0000  
     013736  0000  
     013737  0000  
     013740  0000  
     013741  0000  
     013742  0000  
     013743  0000  
     013744  0000  
     013745  0000  
     013746  0000  
     013747  0000  
     013750  0000  
     013751  0000  
     013752  0000  
     013753  0000  
     013754  0000  
     013755  0000  
     013756  0000  
     013757  0000  
     013760  0000  
     013761  0000  
     013762  0000  
     013763  0000  
     013764  0000  
     013765  0000  
     013766  0000  
     013767  0000  
     013770  0000  
     013771  0000  
     013772  0000  
     013773  0000  
     013774  0000  
     013775  0000  
     013776  0000  
     013777  0000  
     014000  0000  
     014001  0000  
     014002  0000  
     014003  0000  
     014004  0000  
     014005  0000  
     014006  0000  
     014007  0000  
     014010  0000  
     014011  0000  
     014012  0000  
     014013  0000  
     014014  0000  
     014015  0000  
     014016  0000  
     014017  0000  
     014020  0000  
     014021  0000  
     014022  0000  
     014023  0000  
     014024  0000  
     014025  0000  
     014026  0000  
     014027  0000  
     014030  0000  
     014031  0000  
     014032  0000  
     014033  0000  
     014034  0000  
     014035  0000  
     014036  0000  
     014037  0000  
     014040  0000  
     014041  0000  
     014042  0000  
     014043  0000  
     014044  0000  
     014045  0000  
     014046  0000  
     014047  0000  
     014050  0000  
     014051  0000  
     014052  0000  
     014053  0000  
     014054  0000  
     014055  0000  
     014056  0000  
     014057  0000  
     014060  0000  
     014061  0000  
     014062  0000  
     014063  0000  
     014064  0000  
     014065  0000  
     014066  0000  
     014067  0000  
     014070  0000  
     014071  0000  
     014072  0000  
     014073  0000  
     014074  0000  
     014075  0000  
     014076  0000  
     014077  0000  
     014100  0000  
     014101  0000  
     014102  0000  
     014103  0000  
     014104  0000  
     014105  0000  
     014106  0000  
     014107  0000  
     014110  0000  
     014111  0000  
     014112  0000  
     014113  0000  
     014114  0000  
     014115  0000  
     014116  0000  
     014117  0000  
     014120  0000  
     014121  0000  
     014122  0000  
     014123  0000  
     014124  0000  
     014125  0000  
     014126  0000  
     014127  0000  
     014130  0000  
     014131  0000  
     014132  0000  
     014133  0000  
     014134  0000  
     014135  0000  
     014136  0000  
     014137  0000  
     014140  0000  
     014141  0000  
     014142  0000  
     014143  0000  
     014144  0000  
     014145  0000  
     014146  0000  
     014147  0000  
     014150  0000  
     014151  0000  
     014152  0000  
     014153  0000  
     014154  0000  
     014155  0000  
     014156  0000  
     014157  0000  
     014160  0000  
     014161  0000  
     014162  0000  
     014163  0000  
     014164  0000  
     014165  0000  
     014166  0000  
     014167  0000  
     014170  0000  
     014171  0000  
     014172  0000  
     014173  0000  
     014174  0000  
     014175  0000  
     014176  0000  
     014177  0000  
2656               BCLSIZ=.-BCLBUF
2657 014200  0000  SAVARA, ZBLOCK 6^62     /SPACE FOR SAVED NAMES
     014201  0000  
     014202  0000  
     014203  0000  
     014204  0000  
     014205  0000  
     014206  0000  
     014207  0000  
     014210  0000  
     014211  0000  
     014212  0000  
     014213  0000  
     014214  0000  
     014215  0000  
     014216  0000  
     014217  0000  
     014220  0000  
     014221  0000  
     014222  0000  
     014223  0000  
     014224  0000  
     014225  0000  
     014226  0000  
     014227  0000  
     014230  0000  
     014231  0000  
     014232  0000  
     014233  0000  
     014234  0000  
     014235  0000  
     014236  0000  
     014237  0000  
     014240  0000  
     014241  0000  
     014242  0000  
     014243  0000  
     014244  0000  
     014245  0000  
     014246  0000  
     014247  0000  
     014250  0000  
     014251  0000  
     014252  0000  
     014253  0000  
     014254  0000  
     014255  0000  
     014256  0000  
     014257  0000  
     014260  0000  
     014261  0000  
     014262  0000  
     014263  0000  
     014264  0000  
     014265  0000  
     014266  0000  
     014267  0000  
     014270  0000  
     014271  0000  
     014272  0000  
     014273  0000  
     014274  0000  
     014275  0000  
     014276  0000  
     014277  0000  
     014300  0000  
     014301  0000  
     014302  0000  
     014303  0000  
     014304  0000  
     014305  0000  
     014306  0000  
     014307  0000  
     014310  0000  
     014311  0000  
     014312  0000  
     014313  0000  
     014314  0000  
     014315  0000  
     014316  0000  
     014317  0000  
     014320  0000  
     014321  0000  
     014322  0000  
     014323  0000  
     014324  0000  
     014325  0000  
     014326  0000  
     014327  0000  
     014330  0000  
     014331  0000  
     014332  0000  
     014333  0000  
     014334  0000  
     014335  0000  
     014336  0000  
     014337  0000  
     014340  0000  
     014341  0000  
     014342  0000  
     014343  0000  
     014344  0000  
     014345  0000  
     014346  0000  
     014347  0000  
     014350  0000  
     014351  0000  
     014352  0000  
     014353  0000  
     014354  0000  
     014355  0000  
     014356  0000  
     014357  0000  
     014360  0000  
     014361  0000  
     014362  0000  
     014363  0000  
     014364  0000  
     014365  0000  
     014366  0000  
     014367  0000  
     014370  0000  
     014371  0000  
     014372  0000  
     014373  0000  
     014374  0000  
     014375  0000  
     014376  0000  
     014377  0000  
     014400  0000  
     014401  0000  
     014402  0000  
     014403  0000  
     014404  0000  
     014405  0000  
     014406  0000  
     014407  0000  
     014410  0000  
     014411  0000  
     014412  0000  
     014413  0000  
     014414  0000  
     014415  0000  
     014416  0000  
     014417  0000  
     014420  0000  
     014421  0000  
     014422  0000  
     014423  0000  
     014424  0000  
     014425  0000  
     014426  0000  
     014427  0000  
     014430  0000  
     014431  0000  
     014432  0000  
     014433  0000  
     014434  0000  
     014435  0000  
     014436  0000  
     014437  0000  
     014440  0000  
     014441  0000  
     014442  0000  
     014443  0000  
     014444  0000  
     014445  0000  
     014446  0000  
     014447  0000  
     014450  0000  
     014451  0000  
     014452  0000  
     014453  0000  
     014454  0000  
     014455  0000  
     014456  0000  
     014457  0000  
     014460  0000  
     014461  0000  
     014462  0000  
     014463  0000  
     014464  0000  
     014465  0000  
     014466  0000  
     014467  0000  
     014470  0000  
     014471  0000  
     014472  0000  
     014473  0000  
     014474  0000  
     014475  0000  
     014476  0000  
     014477  0000  
     014500  0000  
     014501  0000  
     014502  0000  
     014503  0000  
     014504  0000  
     014505  0000  
     014506  0000  
     014507  0000  
     014510  0000  
     014511  0000  
     014512  0000  
     014513  0000  
     014514  0000  
     014515  0000  
     014516  0000  
     014517  0000  
     014520  0000  
     014521  0000  
     014522  0000  
     014523  0000  
     014524  0000  
     014525  0000  
     014526  0000  
     014527  0000  
     014530  0000  
     014531  0000  
     014532  0000  
     014533  0000  
     014534  0000  
     014535  0000  
     014536  0000  
     014537  0000  
     014540  0000  
     014541  0000  
     014542  0000  
     014543  0000  
     014544  0000  
     014545  0000  
     014546  0000  
     014547  0000  
     014550  0000  
     014551  0000  
     014552  0000  
     014553  0000  
     014554  0000  
     014555  0000  
     014556  0000  
     014557  0000  
     014560  0000  
     014561  0000  
     014562  0000  
     014563  0000  
     014564  0000  
     014565  0000  
     014566  0000  
     014567  0000  
     014570  0000  
     014571  0000  
     014572  0000  
     014573  0000  
     014574  0000  
     014575  0000  
     014576  0000  
     014577  0000  
     014600  0000  
     014601  0000  
     014602  0000  
     014603  0000  
     014604  0000  
     014605  0000  
     014606  0000  
     014607  0000  
     014610  0000  
     014611  0000  
     014612  0000  
     014613  0000  
     014614  0000  
     014615  0000  
     014616  0000  
     014617  0000  
     014620  0000  
     014621  0000  
     014622  0000  
     014623  0000  
     014624  0000  
     014625  0000  
     014626  0000  
     014627  0000  
     014630  0000  
     014631  0000  
     014632  0000  
     014633  0000  
     014634  0000  
     014635  0000  
     014636  0000  
     014637  0000  
     014640  0000  
     014641  0000  
     014642  0000  
     014643  0000  
     014644  0000  
     014645  0000  
     014646  0000  
     014647  0000  
     014650  0000  
     014651  0000  
     014652  0000  
     014653  0000  
2658               SAVTOP=.
2659               /OPTION LISTS
2660 014654  4712  CDEOPT, OPBAS;OPFOR;OPNOL;0     /$DECK
     014655  4716  
     014656  4723  
     014657  0000  
2661 014660  4723  CBAOPT, OPNOL;0                 /$BASIC
     014661  0000  
2662 014662  4760  CF4OPT, OPSRC;OPNOL;OPLIS;OPRALF;0      /$FORTRAN (F4)
     014663  4723  
     014664  4771  
     014665  4727  
     014666  0000  
2663 014667  5002  CL4OPT, OPIMAG;OPLIS;OPLIB;OPNOA;OPSSYM;0 /$LOAD (F4)
     014670  4771  
     014671  5014  
     014672  4732  
     014673  4736  
     014674  0000  
2664 014675  4760  CF2OPT, OPSRC;OPNOL;OPLIS;OPSABR;0 /$FORTRAN (F2)
     014676  4723  
     014677  4771  
     014700  4742  
     014701  0000  
2665 014702  4745  CL2OPT, OPINP;OPOPT;OPTWO;OPIMAG;OPLIS;OPLIB;OPNOA;0 /$LOAD (F2)
     014703  4751  
     014704  4755  
     014705  5002  
     014706  4771  
     014707  5014  
     014710  4732  
     014711  0000  
2666               /OPTIONS WITHOUT ASSOCIATED FILE NAME
2667 014712  0004  OPBAS,  0004;TEXT "BASIC"       /B
     014713  0201  
     014714  2311  
     014715  0300  
2668 014716  0006  OPFOR,  0006;TEXT "FORTRAN"     /F
     014717  0617  
     014720  2224  
     014721  2201  
     014722  1600  
2669 014723  0023  OPNOL,  0023;TEXT "NOLIST";*.-1 /NOL
     014724  1617  
     014725  1411  
     014726  2324  
     014727  0000  
2670 014727  0003  OPRALF, 0003;TEXT "RALF";*.-1   /R
     014730  2201  
     014731  1406  
     014732  0000  
2671 014732  0023  OPNOA,  0023;TEXT "NOAUTO";*.-1 /NOA
     014733  1617  
     014734  0125  
     014735  2417  
     014736  0000  
2672 014736  0013  OPSSYM, 0013;TEXT "SSYMB"       /SS
     014737  2323  
     014740  3115  
     014741  0200  
2673 014742  0012  OPSABR, 0012;TEXT "SABR";*.-1   /SA
     014743  2301  
     014744  0222  
     014745  0000  
2674 014745  0013  OPINP,  0013;TEXT "INPUT"       /IN
     014746  1116  
     014747  2025  
     014750  2400  
2675 014751  0023  OPOPT,  0023;TEXT "OUTPUT";*.-1 /OUT
     014752  1725  
     014753  2420  
     014754  2524  
     014755  0000  
2676 014755  0020  OPTWO,  0020;TEXT "TWO"         /TWO
     014756  2427  
     014757  1700  
2677               /OPTIONS WITH ASSOCIATED FILE NAME
2678 014760  1002  OPSRC,  1002;ZBLOCK 6;TEXT "SRC"        /S
     014761  0000  
     014762  0000  
     014763  0000  
     014764  0000  
     014765  0000  
     014766  0000  
     014767  2322  
     014770  0300  
2679 014771  1003  OPLIS,  1003;ZBLOCK 6;TEXT "LIST";*.-1  /L
     014772  0000  
     014773  0000  
     014774  0000  
     014775  0000  
     014776  0000  
     014777  0000  
     015000  1411  
     015001  2324  
     015002  0000  
2680 015002  1013  OPIMAG, 1013;ZBLOCK 6;TEXT "IMAGE"      /IM
     015003  0000  
     015004  0000  
     015005  0000  
     015006  0000  
     015007  0000  
     015010  0000  
     015011  1115  
     015012  0107  
     015013  0500  
2681 015014  1024  OPLIB,  1024;ZBLOCK 6;TEXT "LIBRARY"    /LIB
     015015  0000  
     015016  0000  
     015017  0000  
     015020  0000  
     015021  0000  
     015022  0000  
     015023  1411  
     015024  0222  
     015025  0122  
     015026  3100  
2682               /FILE NAMES
2683 015027  0000  NAME1,  ZBLOCK 6
     015030  0000  
     015031  0000  
     015032  0000  
     015033  0000  
     015034  0000  
2684 015035  0000  NAMELD, ZBLOCK 6
     015036  0000  
     015037  0000  
     015040  0000  
     015041  0000  
     015042  0000  
2685 015043  0000  BATOUT, ZBLOCK 6
     015044  0000  
     015045  0000  
     015046  0000  
     015047  0000  
     015050  0000  
2686 015051  0000  ZER6,   ZBLOCK 6
     015052  0000  
     015053  0000  
     015054  0000  
     015055  0000  
     015056  0000  
2687 015057  2424  BATTTY, TEXT "TTY@@@@@@@@@";*.-1
     015060  3100  
     015061  0000  
     015062  0000  
     015063  0000  
     015064  0000  
     015065  0000  
2688 015065  1420  BATLPT, TEXT "LPT@@@@@@@@@";*.-1
     015066  2400  
     015067  0000  
     015070  0000  
     015071  0000  
     015072  0000  
     015073  0000  
2689 015073  0000  CDEDEF, TEXT "@@@@DECK@@@@";*.-1
     015074  0000  
     015075  0405  
     015076  0313  
     015077  0000  
     015100  0000  
     015101  0000  
2690 015101  0201  CBATK,  TEXT "BAT@@@@@@@@@";*.-1
     015102  2400  
     015103  0000  
     015104  0000  
     015105  0000  
     015106  0000  
     015107  0000  
2691 015107  0000  CL4DEF, TEXT "@@@@PROG@@LD";*.-1
     015110  0000  
     015111  2022  
     015112  1707  
     015113  0000  
     015114  1404  
     015115  0000  
2692 015115  0000  FILNAM, TEXT "@@@@FIL@@@@@";*.-1
     015116  0000  
     015117  0611  
     015120  1400  
     015121  0000  
     015122  0000  
     015123  0000  
2693 015123  0423  CL2SN2, TEXT "DSK@PROG@@@@";*.-1
     015124  1300  
     015125  2022  
     015126  1707  
     015127  0000  
     015130  0000  
     015131  0000  
2694               /SPACE FOR DEVICE ASSIGNMENTS UNDER FORTRAN 4
2695 015131  0000  DEVASN, ZBLOCK 7^12
     015132  0000  
     015133  0000  
     015134  0000  
     015135  0000  
     015136  0000  
     015137  0000  
     015140  0000  
     015141  0000  
     015142  0000  
     015143  0000  
     015144  0000  
     015145  0000  
     015146  0000  
     015147  0000  
     015150  0000  
     015151  0000  
     015152  0000  
     015153  0000  
     015154  0000  
     015155  0000  
     015156  0000  
     015157  0000  
     015160  0000  
     015161  0000  
     015162  0000  
     015163  0000  
     015164  0000  
     015165  0000  
     015166  0000  
     015167  0000  
     015170  0000  
     015171  0000  
     015172  0000  
     015173  0000  
     015174  0000  
     015175  0000  
     015176  0000  
     015177  0000  
     015200  0000  
     015201  0000  
     015202  0000  
     015203  0000  
     015204  0000  
     015205  0000  
     015206  0000  
     015207  0000  
     015210  0000  
     015211  0000  
     015212  0000  
     015213  0000  
     015214  0000  
     015215  0000  
     015216  0000  
     015217  0000  
     015220  0000  
     015221  0000  
     015222  0000  
     015223  0000  
     015224  0000  
     015225  0000  
     015226  0000  
     015227  0000  
     015230  0000  
     015231  0000  
     015232  0000  
     015233  0000  
     015234  0000  
     015235  0000  
     015236  0000  
2696               /LISTS FOR ISIT
2697 015237  7464  CLIS1,  -"L;-"O;0
     015240  7461  
     015241  0000  
2698 015242  2524  CLIS2,  CL4SL;CL4SO
     015243  2526  
2699 015244  2617  DATIS1, DAT42   /"/"
2700 015245  2725          DAT43   /<CR>
2701 015246  7462  DATIS2, -"N;-"C;-"=;0
     015247  7475  
     015250  7503  
     015251  0000  
2702 015252  2647  DATIS3, DAT44;DAT45;DAT46
     015253  2654  
     015254  2661  
2703 015255  2720  DATIS5, DAT410;DAT410;DAT410
     015256  2720  
     015257  2720  
2704 015260  0533  OPTIS2, OPTIO8  /"="
2705 015261  0551          OPTIO9  /","
2706 015262  0551          OPTIO9  /"/"
2707 015263  0551          OPTIO9  /<CR>
2708               
2709 015264  0423  OPTIS4, OPTI3A
2710 015265  0513          OPTRET
2711               
2712 015266  7503  OPTIS1, -"=
2713               DATIS4,
2714 015267  7524  OUTIS1, -",
2715               OPTIS3,
2716 015270  7521  BCLIS1, -"/;-215
     015271  7563  
2717               /LIST MUST BE TERMINATED BY A POSITIVE WORD
2718 015272  0000          0
2719               
2720 015273  1031  COLIS2, COLDEV  /":"
2721 015274  1037          COLFIL  /"."
2722 015275  1050          COLEXT  /"/"
2723 015276  1050          COLEXT  /","
2724 015277  1050          COLEXT  /<CR>
2725               
2726               
2727 015300  7506  COLIS1, -":;-".;-"/;-",;-215
     015301  7522  
     015302  7521  
     015303  7524  
     015304  7563  
2728               /TERMINATE LIST WITH POSITIVE WORD
2729 015305  0000          0
2730               
2731 015306  0632  BCLIS2, BCLSQ2  /"/"
2732 015307  0636          BCLSQ3  /<CR>
2733               
2734 015310  0661  OUTIS2, OUTER2  /","
2735 015311  0661          OUTER2  /"/"
2736 015312  0661          OUTER2  /<CR>
2737               
2738               /LIST OF BCL ROUTINE ADDRESSES
2739 015313  1447  BCLGO,  BCLEOF  /FOR FINISHING UP BEFORE CLOSING FILE
2740 015314  2052          CBAS    /$BAS
2741 015315  2200  FORADR, CF4     /$FOR
2742 015316  3007  DATADR, DATX4   /$DATA
2743 015317  2540  LOAADR, CL4     /$LOAD
2744 015320  3321          CJOB    /$JOB
2745 015321  3316          CMSG    /$MSG
2746 015322  2000          CDECK   /$DECK
2747 015323  3316          CEOD    /$EOD
2748 015324  1451          CERR
2749 015325  1451          CERR
2750 015326  1451          CERR
2751 015327  1451          CERR
2752               /LIST OF BCL KEYWORDS
2753 015330  5700  BCLKEY, MBAS
2754 015331  5704          MFOR
2755 015332  5743          MDATA
2756 015333  5740          MLOAD
2757 015334  5727          MJOB
2758 015335  5732          MMSG
2759 015336  5735          MDECK
2760 015337  5724          MEOD
2761               /ERROR MESSAGES
2762 015340  7711  OPTERM, TEXT "?INVALID OPTION: /"
     015341  1626  
     015342  0114  
     015343  1104  
     015344  4017  
     015345  2024  
     015346  1117  
     015347  1672  
     015350  4057  
     015351  0000  
2763 015352  7711  COLERM, TEXT "?INVALID FILE SPECIFICATION - "
     015353  1626  
     015354  0114  
     015355  1104  
     015356  4006  
     015357  1114  
     015360  0540  
     015361  2320  
     015362  0503  
     015363  1106  
     015364  1103  
     015365  0124  
     015366  1117  
     015367  1640  
     015370  5540  
     015371  0000  
2764 015372  7737  BCL11E, TEXT "?_BCL LINE TOO LONG_"
     015373  0203  
     015374  1440  
     015375  1411  
     015376  1605  
     015377  4024  
     015400  1717  
     015401  4014  
     015402  1716  
     015403  0737  
     015404  0000  
2765               /MESSAGES
2766 015405  7737  BCLHM1, TEXT "?_"
     015406  0000  
2767 015407  3744  BCL10E, TEXT "_$"
     015410  0000  
2768               CF4M1,
2769               CF2M1,
2770 015411  5622  CDEM1,  TEXT ".R PIP_*"
     015412  4020  
     015413  1120  
     015414  3752  
     015415  0000  
2771 015416  7402  CDEM2,  TEXT "<BAT:_"
     015417  0124  
     015420  7237  
     015421  0000  
2772 015422  4405  CMEOD,  TEXT "$EOD_"
     015423  1704  
     015424  3700  
2773 015425  5622  CBAM1,  TEXT ".R PIP"
     015426  4020  
     015427  1120  
     015430  0000  
2774                       *.-1
2775 015430  3752  CBAM7,  TEXT    "_*PROG.BA<"
     015431  2022  
     015432  1707  
     015433  5602  
     015434  0174  
     015435  0000  
2776 015436  7420  CBAM2,  TEXT "<PROG.BA"
     015437  2217  
     015440  0756  
     015441  0201  
     015442  0000  
2777                       *.-1
2778 015442  3700  CBAM8,  TEXT    "_"
2779 015443  0611  CBAM3,  TEXT 'FILE #3:"DATA.DA"\FILEV #4:"'
     015444  1405  
     015445  4043  
     015446  6372  
     015447  4204  
     015450  0124  
     015451  0156  
     015452  0401  
     015453  4234  
     015454  0611  
     015455  1405  
     015456  2640  
     015457  4364  
     015460  7242  
     015461  0000  
2780 015462  4237  CBAM4,  TEXT '"_'
     015463  0000  
2781 015464  2022  CBAM5,  TEXT    "PROG.BA,"
     015465  1707  
     015466  5602  
     015467  0154  
     015470  0000  
2782 015471  0201  CBAM6,  TEXT    "BAT:,"
     015472  2472  
     015473  5400  
2783 015474  5724  PIPM1,  TEXT "/T"
     015475  0000  
2784               DTF4M1,
2785 015476  5622  DATBM1, TEXT ".R PIP_*DATA.DA<BAT:_"
     015477  4020  
     015500  1120  
     015501  3752  
     015502  0401  
     015503  2401  
     015504  5604  
     015505  0174  
     015506  0201  
     015507  2472  
     015510  3700  
2786 015511  4405  DATBM2, TEXT "$EOD_.R BCOMP_*PROG.BA_"
     015512  1704  
     015513  3756  
     015514  2240  
     015515  0203  
     015516  1715  
     015517  2037  
     015520  5220  
     015521  2217  
     015522  0756  
     015523  0201  
     015524  3700  
2787               CF2M2,
2788 015525  0201  CF4M2,  TEXT "BAT:_"
     015526  2472  
     015527  3700  
2789 015530  4405  CF4M3,  TEXT "$EOD_.R F4_*"
     015531  1704  
     015532  3756  
     015533  2240  
     015534  0664  
     015535  3752  
     015536  0000  
2790 015537  5706  CF4M4,  TEXT "/F"
     015540  0000  
2791 015541  5622  CL4SM1, TEXT ".R LOAD_*"
     015542  4014  
     015543  1701  
     015544  0437  
     015545  5200  
2792 015546  7437  CL4SM2, TEXT "<_*"
     015547  5200  
2793               CL2M7,
2794 015550  5714  CL4SM3, TEXT "/L_*"
     015551  3752  
     015552  0000  
2795 015553  5703  CL4SM4, TEXT "/C_*"
     015554  3752  
     015555  0000  
2796 015556  5717  CL4SM5, TEXT "/O"
     015557  0000  
2797               DTF4M3,
2798               CF2M4,
2799               CL2M6,
2800 015560  3752  CL4SM6, TEXT "_*"
     015561  0000  
2801               DTF4M5,
2802 015562  4437  CL4SM7, TEXT "$_"
     015563  0000  
2803 015564  5723  CL4SM8, TEXT "/S"
     015565  0000  
2804 015566  4405  DTF4M2, TEXT "$EOD_.R FRTS_*"
     015567  1704  
     015570  3756  
     015571  2240  
     015572  0622  
     015573  2423  
     015574  3752  
     015575  0000  
2805 015576  5703  DTF4M4, TEXT "/C"
     015577  0000  
2806 015600  3752  DTF4M6, TEXT "_*DATA.DA/4_*"
     015601  0401  
     015602  2401  
     015603  5604  
     015604  0157  
     015605  6437  
     015606  5200  
2807 015607  5765  DTF4M7, TEXT "/5"
     015610  0000  
2808 015611  3752  DTF4M8, TEXT "_*/5=4"
     015612  5765  
     015613  7564  
     015614  0000  
2809 015615  7716  DATNO1, TEXT "?NO PROGRAM TO RUN_"
     015616  1740  
     015617  2022  
     015620  1707  
     015621  2201  
     015622  1540  
     015623  2417  
     015624  4022  
     015625  2516  
     015626  3700  
2810 015627  4405  CF2M3,  TEXT "$EOD"
     015630  1704  
     015631  0000  
2811 015632  3756  CF2M5,  TEXT "_.R FORT_*"
     015633  2240  
     015634  0617  
     015635  2224  
     015636  3752  
     015637  0000  
2812 015640  5622  CL2M1,  TEXT ".R LOADER_*"
     015641  4014  
     015642  1701  
     015643  0405  
     015644  2237  
     015645  5200  
2813 015646  5622  CL2M1A, TEXT ".R LOADER_*GENIOX"
     015647  4014  
     015650  1701  
     015651  0405  
     015652  2237  
     015653  5207  
     015654  0516  
     015655  1117  
     015656  3000  
2814 015657  5711  CL2M3,  TEXT "/I"
     015660  0000  
2815 015661  5717  CL2M4,  TEXT "/O"
     015662  0000  
2816 015663  5710  CL2M5,  TEXT "/H"
     015664  0000  
2817 015665  7457  CL2M8,  TEXT "</M_*"
     015666  1537  
     015667  5200  
2818 015670  4437  CL2M9,  TEXT "$_.SAVE "
     015671  5623  
     015672  0126  
     015673  0540  
     015674  0000  
2819 015675  5622  DTF2M1, TEXT ".RUN "
     015676  2516  
     015677  4000  
2820 015700  4402  MBAS,   TEXT "$BASIC"
     015701  0123  
     015702  1103  
     015703  0000  
2821 015704  4406  MFOR,   TEXT "$FORTRAN"
     015705  1722  
     015706  2422  
     015707  0116  
     015710  0000  
2822 015711  5622  MJOB1,  TEXT ".R FOTP_*FIL???.*/D_"
     015712  4006  
     015713  1724  
     015714  2037  
     015715  5206  
     015716  1114  
     015717  7777  
     015720  7756  
     015721  5257  
     015722  0437  
     015723  0000  
2823 015724  4405  MEOD,   TEXT "$EOD"
     015725  1704  
     015726  0000  
2824 015727  4412  MJOB,   TEXT "$JOB"
     015730  1702  
     015731  0000  
2825 015732  4415  MMSG,   TEXT "$MSG"
     015733  2307  
     015734  0000  
2826 015735  4404  MDECK,  TEXT "$DECK"
     015736  0503  
     015737  1300  
2827 015740  4414  MLOAD,  TEXT "$LOAD"
     015741  1701  
     015742  0400  
2828 015743  4422  MDATA,  TEXT "$RUN"
     015744  2516  
     015745  0000  
2829               $

BASJM1  0514
BASJMP  0513
BASKEY  4410
BATBLK  2231
BATLPT  5065
BATNAM  3450
BATOUT  5043
BATTTY  5057
BCAL    3777
BCHG    4021
BCHN    4011
BCL10E  5407
BCL11E  5372
BCLBUF  3600
BCLEOF  1447
BCLGO   5313
BCLHM1  5405
BCLHU1  1404
BCLHU2  1440
BCLHUH  1413
BCLI10  1312
BCLI11  1321
BCLI12  1323
BCLI13  1341
BCLI14  1343
BCLI15  1347
BCLIN   4427
BCLIN3  1257
BCLIN4  1256
BCLIN5  1227
BCLIN6  1236
BCLIN7  1244
BCLIN8  1307
BCLIN9  1262
BCLIS1  5270
BCLIS2  5306
BCLKEY  5330
BCLO    4002
BCLSIZ  0400
BCLSQ1  0625
BCLSQ2  0632
BCLSQ3  0636
BCLSQU  0611
BCLSW   0055
BCLTRA  1400
BDAT    3774
BDEF    4005
BDIM    4014
BEND    4025
BEND2   4027
BENKEY  4441
BFIL    4036
BFOR    4107
BGOS    4041
BGOT    4111
BIF     4044
BIFE    4114
BINKEY  4425
BINP    4046
BINP2   4051
BITLP   1214
BLET    4120
BLIN    4122
BLIS    4056
BLOKNO  0266
BNEW    4126
BNEX    4061
BOLD    4064
BON     4130
BOV     4136
BPRI    4066
BPRI2   4071
BPRKEY  4432
BREA    4076
BREM    4152
BREP    4142
BRES    4101
BRET    4156
BRND    4132
BRUN    4105
BSAV    4162
BSTKEY  4423
BSTO    4165
BSTO2   4170
BUNS    4146
CBAM1   5425
CBAM2   5436
CBAM3   5443
CBAM4   5462
CBAM5   5464
CBAM6   5471
CBAM7   5430
CBAM8   5442
CBAOPT  4660
CBAS    2052
CBAS1   2057
CBAS2   2067
CBAS3   2072 unreferenced
CBAS4   2143
CBAS5   2100
CBAS7   2111
CBATK   5101
CD      0206
CDECK   2000
CDECK1  2011
CDECK2  2014
CDECK3  2005
CDEDEF  5073
CDEM1   5411
CDEM2   5416
CDEOPT  4654
CDMES   3462
CDRBUF  3400
CDRCIF  1067
CDREOF  0056
CDRER7  0063
CDRFLG  0054
CDRIN   1005
CDRIN1  1025
CDRIN2  1035 unreferenced
CDRIN3  1022
CDRIN4  1074
CDRIN5  1076
CDRIN6  1015
CDRIN7  1044
CDRIN8  1050
CDRJA1  1150
CDRTRA  4437
CEOD    3316
CERR    1451
CF2     3200
CF21    3205
CF22    3210
CF23    3213
CF24    3232
CF25    3234
CF26    3257
CF27    3265
CF28    3303
CF2M1   5411
CF2M2   5525
CF2M3   5627
CF2M4   5560
CF2M5   5632
CF2OPT  4675
CF4     2200
CF41    2205
CF42    2210
CF43    2213
CF44    2232
CF45    2234
CF46    2263
CF47    2261
CF48    2274
CF4M1   5411
CF4M2   5525
CF4M3   5530
CF4M4   5537
CF4OPT  4662
CHAIN   0006
CHAR    0021
CHNBLK  2243
CHRSAV  2546
CJOB    3321
CL2     3533
CL2M1   5640
CL2M1A  5646
CL2M3   5657
CL2M4   5661
CL2M5   5663
CL2M6   5560
CL2M7   5550
CL2M8   5665
CL2M9   5670
CL2OPT  4702
CL2S    3400
CL2S1   3412
CL2S10  3526
CL2S11  3516
CL2S12  3521
CL2S2   3417
CL2S3   3424
CL2S4   3436
CL2S5   3450
CL2S6   3454
CL2S7   3457
CL2S8   3467
CL2S9   3501
CL2SN2  5123
CL2SX   3404
CL4     2540
CL4DEF  5107
CL4OPT  4667
CL4S    2400
CL4S1   2415
CL4S10  2534
CL4S11  2445
CL4S2   2420
CL4S3   2434
CL4S4   2440
CL4S5   2457
CL4S6   2462
CL4S7   2472
CL4S8   2511
CL4S9   2514
CL4SL   2524
CL4SM1  5541
CL4SM2  5546
CL4SM3  5550
CL4SM4  5553
CL4SM5  5556
CL4SM6  5560
CL4SM7  5562
CL4SM8  5564
CL4SO   2526
CLIS1   5237
CLIS2   5242
CLOSE   0004
CLOSLN  2126
CLOSNM  2125
CMEOD   5422
CMSG    3316
CO628X  0234
COLCH1  1147
COLCH2  1150
COLCT1  1151
COLDEV  1031
COLERM  5352
COLERR  1063
COLEX1  1056
COLEX2  1061
COLEX3  1067
COLEXT  1050
COLFIL  1037
COLGE1  1021
COLGE2  1023
COLIS1  5300
COLIS2  5273
COLIS3  1026
COLMOV  1072
COLMV1  1111
COLNAM  4432
COLNP1  1145
COLNP2  1146
COLPU1  1140
COLPUT  1132
COLSW   1144
CON628  0242
CONCIF  2275
CONDEC  2244
CONFLG  0044
CONILL  1743
CONT    2076
CONTCH  0003
CONVR1  1746
CONVR2  1747
CONVR3  1712
CONVR4  1731
CONVR5  1741
CONVRT  4421
DAT4    2600
DAT41   2611
DAT410  2720
DAT411  2613
DAT412  2711
DAT42   2617
DAT43   2725
DAT44   2647
DAT45   2654
DAT46   2661
DAT47   2641
DAT48   2676
DAT49   2715
DATADR  5316
DATBAS  2146
DATBM1  5476
DATBM2  5511
DATF2   2303
DATF4   3000
DATF4C  3117
DATF4P  3120
DATFTN  0024
DATIS1  5244
DATIS2  5246
DATIS3  5252
DATIS4  5267
DATIS5  5255
DATL2   2306
DATL21  2323
DATL4   3003
DATL41  3040
DATL42  3060
DATL43  3065
DATL44  3073
DATL45  3101
DATL46  3011
DATL47  3110
DATL48  3020
DATL49  3030
DATNAM  3121
DATNO   3133
DATNO1  5615
DATX2   2312
DATX4   3007
DECN    3720
DECODE  0005
DEVAS1  2605
DEVASC  2727
DEVASN  5131
DEVASP  2726
DEVASS  2730
DEVAST  2731
DEVENT  0057
DEVHDL  0256
DIGLP   2247
DIGLP1  2252
DIGLP2  2261
DIGLPE  2273
DIGOUT  2270
DSKNO   7326
DTF2M1  5675
DTF4M1  5476
DTF4M2  5566
DTF4M3  5560
DTF4M4  5576
DTF4M5  5562
DTF4M6  5600
DTF4M7  5607
DTF4M8  5611
DTL410  3032
ENTER   0003
EOF     2067
EOF1    2101
EOF2    2074
EOF3    2117
EOFCHR  6004
EOFJMP  2224
EOFLP   1055
ERRCNT  0043
ERRDEC  2200
ERRFLG  0042
ERROR   4420
F0      0000
F1      0010
FASN    4203
FBKD    4227
FBKS    4214
FCAL    4240
FCMN    4177
FCMT    4324
FCNT    4222
FCPX    4207
FDBP    4333
FDEF    4243
FDIM    4325
FDO     4252
FDTA    4235
FEF     4344
FEND    4254
FEQU    4257
FETCH   0001
FEXT    4351
FFCHR   3010
FFOR    4266
FFUN    4356
FGOT    4272
FIF     4363
FILLEN  0267
FILNAM  5115
FINT    4276
FLOG    4365
FORADR  5315
FORKEY  4452
FPAU    4303
FREAD   4372
FREAL   4307
FRET    4375
FREW    4312
FSBR    4316
FSTO    4401
FWRI    4404
GETCD1  0657
GETCDR  0272
GETCHR  4425
GETPNT  0023
INIT1   0232 unreferenced
INIT3   0462
INIT4   0467
INIT5   0400
INIT6   0440
IOEM1   3511
IOEM2   3526
IOEM3   3544
IOEM4   3555
IOEM5   3564
IOEM6   3573
IOEM7   3604
IOEM8   3636
IOER8   0062
IOERR   0060
IOERR1  2310
IOETAB  3676
ISIT    4434
ISIT1   0710
ISIT2   0711
ISIT3   0712
ISIT4   0674
ISIT5   0706
ISNUM   4440
JOBBIT  0200
JSBITS  7746
K7400   2104
K7600   1001
KBRD    1103
KBRD1   1125
KBRD2   1127
KBRD3   1141
KBRDTM  1113
KCF     6030
KEYADR  0040
KEYBAD  1226
KEYBLK  1311
KEYFND  1232
KEYOU1  1410
KEYOU2  1421
KEYOU3  1415
KEYOU5  1310
KEYOUT  1246
KEYTRA  1200
KEYVAL  0041
KEYWD   0025
L0001   7301
L0002   7326 unreferenced
L7775   7346
L7776   7344
L7777   7340
LNCIF   1467
LNCNT   0045
LNERR   0645
LNLP    0612
LNLP1   0640
LNLPEN  0642
LNOUT   1444
LNOUT1  1454
LNOUT2  1462
LOAADR  5317
LOOKUP  0002
MAKNA2  0647
MAKNA3  1665
MAKNAM  1626
MBAS    5700
MDATA   5743
MDECK   5735
MEND    3454
MEOD    5724
MFOR    5704
MJOB    5727
MJOB1   5711
MLOAD   5740
MMSG    5732
MOV6    4431
MOV61   1220
MOV62   1221
MOV63   1222
MOV64   1211
MOVODV  0302
MSGJAM  3473
NAMCNT  1672
NAME1   5027
NAMELD  5035
NOCHR   6400
NOMES   3460
NOSGN   1265
NOSGN1  1267
NOSGN2  1275
NOSGN3  1306
OFILE   0047
OOUT1   0276
OOUT2   0653
OPBAS   4712
OPFOR   4716
OPIMAG  5002
OPINP   4745
OPLIB   5014
OPLIS   4771
OPNOA   4732
OPNOL   4723
OPOPT   4751
OPRALF  4727
OPSABR  4742
OPSRC   4760
OPSSYM  4736
OPTBEG  0520
OPTBLK  2032
OPTBUF  3000
OPTCNT  0036
OPTCT1  0521
OPTCT2  0522
OPTCTL  0517
OPTDEV  2400
OPTER1  0071
OPTER2  0070
OPTER3  0067
OPTER4  0066
OPTER5  0065
OPTER6  0064
OPTERM  5340
OPTI10  0603
OPTI3A  0423
OPTI6A  0500
OPTIER  0600
OPTIO1  0403
OPTIO2  0414
OPTIO3  0415
OPTIO4  0427
OPTIO5  0454
OPTIO6  0467
OPTIO7  0525
OPTIO8  0533
OPTIO9  0551
OPTION  4430
OPTIS1  5266
OPTIS2  5260
OPTIS3  5270
OPTIS4  5264
OPTLIS  0516
OPTRET  0513
OPTSW   0037
OPTTEX  0504
OPTTM1  0523
OPTTM2  0524
OPTTM3  0543 unreferenced
OPTWO   4755
OTEMP1  0020
OUT     4422
OUT1    4441
OUTAD   0022
OUTER1  0651
OUTER2  0661
OUTERR  0644
OUTIS1  5267
OUTIS2  5310
OUTN41  1542
OUTN42  1533
OUTNA1  1512
OUTNA2  1514
OUTNA3  1523
OUTNA4  1524
OUTNA5  1507
OUTNA6  1543
OUTNAM  4433
OXR1    0017
PIPM1   5474
PIPOUT  2732
PIPPNT  2737
PUTCH1  0234
PUTCH2  0227
PUTCH3  0231
PUTCH4  0242
PUTCHR  4426
PUTPNT  0022
RCRB    6634
RCRD    6674
RCSD    6671
RCSE    6672
RCSF    6631
READY   0600
REINIT  1063
RUBOUT  0007
SAV1    1720
SAVARA  4200
SAVFLD  4423
SAVNAM  1704
SAVPNT  1724
SAVTOP  4654
SEND    4435
SENDKY  3333
START   0200
SYSNO   7301
TABCHR  6010
TEMP1   0031
TEMP2   0032
TEMP3   0033
TEMP4   0034
TEMP5   0035
TEXBLK  1632
TEXBO1  1640
TEXBOU  1634
TEXCON  1626
TEXFIN  1646
TEXLP1  1604
TEXLP2  1621
TEXTRA  1600
TIME    0012
TIMOU2  1154
TIMOUT  1153
TOUT    2277
TRTAB   3724
TSTCR   4436
TTYOUT  1435
UNPACK  1400
UNSNA1  1741
UNSNA2  1745
UNSNAM  1725
USR     4424
USRFLG  0046
USRIN   0010
USROUT  0011
VERM9   3661
VERNO9  0061
WRDLP   1211
XBCLIN  1223
XCOCIF  1744
XCOLNA  1000
XCONVR  1652
XERR    1000
XGETCH  0234
XISIT   0664
XISNU1  1702
XISNUM  1673
XMOV6   1200
XOPTIO  0400
XOUT    2053
XOUT1   2047
XOUT2   2051
XOUT3   2052
XOUT6   2044
XOUTNA  1453
XOUTP   2000
XPUTCH  0200
XR1     0010
XR2     0011
XRCDR   0012
XROPT   0013
XSAVD1  0700
XSAVD2  0701
XSAVD3  0702
XSAVDF  0663
XSEND   1600
XSEND1  1606
XSEND2  1617
XSEND3  0262
XSEND4  1605
XTSTCR  0311
ZER6    5051
