   1            
   2            
   3                    FIELD   0
   4            
   5                    *0000
   6 00000 0000 S00000, 0000
   7 00001 5402 D00001, 5402
   8 00002 5362 P00002, L05362
   9 00003 0000 P00003, S00000
  10 00004 0000 D00004, 0000
  11 00005 0000 P00005, S00000
  12 00006 0764 P00006, D00764
  13 00007 5400 P00007, S05400
  14 00010 0000 P00010, S00000
  15 00011 0000 P00011, S00000
  16 00012 0000 P00012, S00000
  17 00013 0000 P00013, S00000
  18 00014 0000 P00014, S00000
  19 00015 7776 P00015, D07776
  20 00016 0000 P00016, S00000
  21 00017 0000 P00017, S00000
  22 00020 0000 D00020, 0000
  23 00021 0000 P00021, S00000
  24 00022 0474 D00022, 0474
  25 00023 0000 P00023, S00000
  26 00024 0000 D00024, 0000
  27 00025 0000 P00025, S00000
  28 00026 0000 D00026, 0000
  29 00027 0000 P00027, S00000
  30 00030 6213 P00030, 6213
  31 00031 5432 P00031, D05432
  32 00032 1662 P00032, L01662
  33 00033 7777 P00033, D07777
  34 00034 0000 D00034, 0000
  35 00035 6036 D00035, 6036
  36 00036 0000 D00036, 0000
  37 00037 0000 D00037, 0000
  38 00040 6203 L00040, CDF CIF 1
  39 00041 5442         JMP I P00042
  40 00042 1672 P00042, L01672
  41 00043 0000 D00043, 0000
  42 00044 0040 P00044, L00040
  43 00045 0040 P00045, L00040
  44 00046 0040 D00046, 0040
  45 00047 0000 P00047, S00000
  46 00050 0000 P00050, S00000
  47 00051 0000 D00051, 0000
  48 00052 0000 D00052, 0000
  49 00053 0000 P00053, S00000
  50 00054 0164 P00054, P00164
  51 00055 0164 P00055, P00164
  52 00056 7776 P00056, D07776
  53 00057 0162 P00057, P00162
  54 00060 0100 L00060, AND P00100
  55 00061 0000 P00061, S00000
  56 00062 0000 P00062, S00000
  57 00063 0001 D00063, 0001
  58 00064 0203 D00064, 0203
  59 00065 5555 L00065, JMP I P00155
  60 00066 0000 P00066, S00000
  61 00067 0000 D00067, 0000
  62 00070 0000 P00070, S00000
  63 00071 0000 D00071, 0000
  64 00072 0000 P00072, S00000
  65 00073 0000 D00073, 0000
  66 00074 0000 P00074, S00000
  67 00075 0000 D00075, 0000
  68 00076 0000 D00076, 0000
  69 00077 0000 D00077, 0000
  70 00100 0000 P00100, S00000
  71 00101 0000 D00101, 0000
  72 00102 0000 P00102, S00000
  73 00103 0000 P00103, S00000
  74 00104 0000 P00104, S00000
  75 00105 0000 P00105, S00000
  76 00106 0000 D00106, 0000
  77 00107 0000 D00107, 0000
  78 00110 6400 P00110, S06400
  79 00111 6200 P00111, S06200
  80 00112 0763 P00112, D00763
  81 00113 0764 D00113, 0764
  82 00114 6725 P00114, D06725
  83 00115 6734 P00115, S06734
  84 00116 0000 D00116, 0000
  85 00117 0015 P00117, P00015
  86 00120 0007 P00120, P00007
  87 00121 0177 P00121, L00177
  88 00122 0137 P00122, P00137
  89 00123 7777 D00123, 7777
  90 00124 0014 D00124, 0014
  91 00125 0012 P00125, P00012
  92 00126 7766 D00126, 7766
  93 00127 0040 P00127, L00040
  94 00130 0077 P00130, D00077
  95 00131 7770 P00131, D07770
  96 00132 0010 D00132, 0010
  97 00133 7740 D00133, 7740
  98 00134 7772 D00134, 7772
  99 00135 7700 D00135, 7700
 100 00136 7774 P00136, D07774
 101 00137 4143 P00137, S04143
 102 00140 4040 P00140, S04040
 103 00141 4731 P00141, S04731
 104 00142 4700 P00142, S04700
 105 00143 1715 P00143, S01715
 106 00144 1730 P00144, P01730
 107 00145 1750 P00145, S01750
 108 00146 3750 P00146, S03750
 109 00147 2454 P00147, L02454
 110 00150 4002 P00150, S04002
 111 00151 5145 P00151, S05145
 112 00152 0741 P00152, S00741
 113 00153 3341 P00153, S03341
 114 00154 3531 P00154, D03531
 115 00155 7166 P00155, S07166
 116 00156 7633 P00156, 7633
 117 00157 4016 P00157, S04016
 118 00160 4237 P00160, S04237
 119 00161 3600 P00161, S03600
 120 00162 6340 P00162, S06340
 121 00163 4206 P00163, D04206
 122 00164 4200 P00164, S04200
 123 00165 4225 P00165, S04225
 124 00166 2106 P00166, S02106
 125 00167 4124 P00167, S04124
 126 00170 4076 P00170, S04076
 127 00171 3466 P00171, S03466
 128 00172 1364 P00172, S01364
 129 00173 1355 P00173, S01355
 130 00174 3717 P00174, S03717
 131 00175 4213 P00175, D04213
 132 00176 3755 P00176, S03755
 133 00177 6001 L00177, ION
 134            
 135                    *0200
 136 00200 6201 L00200, CDF 0
 137 00201 2777         ISZ I P00377
 138 00202 0060 D00202, 0060
 139 00203 1112         TAD P00112
 140 00204 1230         TAD D00230
 141 00205 7710         SPA CLA 
 142 00206 5212         JMP L00212
 143 00207 1113 D00207, 1113
 144 00210 3112         DCA P00112
 145 00211 7410         SKP 
 146 00212 2112 L00212, ISZ P00112
 147 00213 1512 L00213, TAD I P00112
 148 00214 7104         CLL RAL 
 149 00215 7730         SPA SZL CLA 
 150 00216 5177         JMP L00177
 151 00217 1512         TAD I P00112
 152 00220 6002 L00220, IOF
 153 00221 4305         JMS P00305
 154 00222 1022 L00222, TAD D00022
 155 00223 3000 P00223, P03000
 156 00224 7346         CLA CLL CMA RTL 
 157 00225 3022         DCA D00022
 158 00226 6001         ION
 159 00227 5400         JMP I S00000
 160 00230 7015 D00230, 7015
 161 00231 0000 S00231, 0000
 162 00232 3102         DCA P00102
 163 00233 3013         DCA P00013
 164 00234 7346         CLA CLL CMA RTL 
 165 00235 3105         DCA P00105
 166 00236 1376         TAD D00376
 167 00237 3103 D00237, 3103
 168 00240 3104 L00240, DCA P00104
 169 00241 5244         JMP L00244
 170 00242 2104 L00242, ISZ P00104
 171 00243 3102         DCA P00102
 172 00244 1102 L00244, TAD P00102
 173 00245 1503         TAD I P00103
 174 00246 7500         SMA 
 175 00247 5242         JMP L00242
 176 00250 7200         CLA 
 177 00251 2103         ISZ P00103
 178 00252 1104         TAD P00104
 179 00253 7440         SZA 
 180 00254 5260         JMP L00260
 181 00255 1013         TAD P00013
 182 00256 7650         SNA CLA 
 183 00257 5300         JMP L00300
 184 00260 2013 L00260, ISZ P00013
 185 00261 1202         TAD D00202
 186 00262 4537 L00262, JMS I P00137
 187 00263 2105 L00263, ISZ P00105
 188 00264 5240         JMP L00240
 189 00265 1102         TAD P00102
 190 00266 1202         TAD D00202
 191 00267 4537         JMS I P00137
 192 00270 1277         TAD D00277
 193 00271 7640         SZA CLA 
 194 00272 5275         JMP L00275
 195 00273 1127         TAD P00127
 196 00274 4537         JMS I P00137
 197 00275 3277 L00275, DCA D00277
 198 00276 5631         JMP I S00231
 199 00277 0000 D00277, 0000
 200 00300 1277 L00300, TAD D00277
 201 00301 7640         SZA CLA 
 202 00302 5263         JMP L00263
 203 00303 1127 D00303, 1127
 204 00304 5262         JMP L00262
 205 00305 0200 P00305, L00200
 206 00306 0120 D00306, 0120
 207 00307 3004         DCA D00004
 208 00310 1036 D00310, 1036
 209 00311 7041 D00311, 7041
 210 00312 1004         TAD D00004
 211 00313 7650         SNA CLA 
 212 00314 5705         JMP I P00305
 213 00315 1036         TAD D00036
 214 00316 4353         JMS P00353
 215 00317 1123         TAD D00123
 216 00320 3033         DCA P00033
 217 00321 1775         TAD I P00375
 218 00322 3036         DCA D00036
 219 00323 1411 L00323, TAD I P00011
 220 00324 6201         CDF 1
 221 00325 3410         DCA I P00010
 222 00326 6201         CDF 0
 223 00327 2006         ISZ P00006
 224 00330 5323         JMP L00323
 225 00331 1004         TAD D00004
 226 00332 4353         JMS P00353
 227 00333 6201 L00333, CDF 1
 228 00334 1410         TAD I P00010
 229 00335 6201         CDF 0
 230 00336 3411         DCA I P00011
 231 00337 2006         ISZ P00006
 232 00340 5333         JMP L00333
 233 00341 1033         TAD P00033
 234 00342 3123         DCA D00123
 235 00343 1036         TAD D00036
 236 00344 3775         DCA I P00375
 237 00345 1004         TAD D00004
 238 00346 3036 L00346, DCA D00036
 239 00347 1113         TAD D00113
 240 00350 1036         TAD D00036
 241 00351 3006         DCA P00006
 242 00352 5705         JMP I P00305
 243 00353 0333 P00353, L00333
 244 00354 7040 L00354, CMA 
 245 00355 3006         DCA P00006
 246 00356 1374         TAD D00374
 247 00357 7410         SKP 
 248 00360 1371 L00360, TAD D00371
 249 00361 2006         ISZ P00006
 250 00362 5360         JMP L00360
 251 00363 3010         DCA P00010
 252 00364 1373         TAD D00373
 253 00365 3011         DCA P00011
 254 00366 1372 D00366, 1372
 255 00367 3006         DCA P00006
 256 00370 5753         JMP I P00353
 257 00371 0051 D00371, 0051
 258 00372 7727 D00372, 7727
 259 00373 0014 D00373, 0014
 260 00374 0623 D00374, 0623
 261 00375 7167 P00375, D07167
 262 00376 6545 D00376, 6545
 263 00377 6370 P00377, P06370
 264            
 265                    *0400
 266 00400 0000 S00400, 0000
 267 00401 3017         DCA P00017
 268 00402 3021         DCA P00021
 269 00403 1134         TAD D00134
 270 00404 3103         DCA P00103
 271 00405 4540 L00405, JMS I P00140
 272 00406 4537         JMS I P00137
 273 00407 2103         ISZ P00103
 274 00410 5205         JMP L00405
 275 00411 5600         JMP I S00400
 276 00412 4572 P00412, L04572
 277 00413 1133         TAD D00133
 278 00414 3104         DCA P00104
 279 00415 1377         TAD D00577
 280 00416 0512         AND I P00112
 281 00417 3512         DCA I P00112
 282 00420 7340 D00420, 7340
 283 00421 1046         TAD D00046
 284 00422 3012         DCA P00012
 285 00423 4555         JMS I P00155
 286 00424 3412 L00424, DCA I P00012
 287 00425 2104         ISZ P00104
 288 00426 5224         JMP L00424
 289 00427 6201         CDF 0
 290 00430 1044         TAD P00044
 291 00431 3045 D00431, 3045
 292 00432 3034         DCA D00034
 293 00433 1376         TAD D00576
 294 00434 3775         DCA I P00575
 295 00435 1123         TAD D00123
 296 00436 4542         JMS I P00142
 297 00437 0536         AND I P00136
 298 00440 1136         TAD P00136
 299 00441 1101         TAD D00101
 300 00442 7540         SZA SMA 
 301 00443 5250         JMP L00450
 302 00444 7640         SZA CLA 
 303 00445 7346         CLA CLL CMA RTL 
 304 00446 1356         TAD D00556
 305 00447 7410 L00447, SKP 
 306 00450 7340 L00450, CLA CLL CMA 
 307 00451 4200         JMS S00400
 308 00452 1136         TAD P00136
 309 00453 1101         TAD D00101
 310 00454 7550         SNA SPA 
 311 00455 5273         JMP L00473
 312 00456 4717         JMS I P00517
 313 00457 1062         TAD P00062
 314 00460 7750         SNA SPA CLA 
 315 00461 5273         JMP L00473
 316 00462 4572         JMS I P00172
 317 00463 4540         JMS I P00140
 318 00464 4537         JMS I P00137
 319 00465 4540         JMS I P00140
 320 00466 4537         JMS I P00137
 321 00467 1127         TAD P00127
 322 00470 4537         JMS I P00137
 323 00471 1062         TAD P00062
 324 00472 4717         JMS I P00517
 325 00473 7200 L00473, CLA 
 326 00474 4572 L00474, JMS I P00172
 327 00475 7325         CLA CLL CML RAL IAC
 328 00476 4200         JMS S00400
 329 00477 4540         JMS I P00140
 330 00500 4537         JMS I P00137
 331 00501 4537         JMS I P00137
 332 00502 1377         TAD D00577
 333 00503 0512 D00503, 0512
 334 00504 3512 D00504, 3512
 335 00505 1056 L00505, TAD P00056
 336 00506 3015         DCA P00015
 337 00507 7340 P00507, 7340
 338 00510 3123         DCA D00123
 339 00511 3062         DCA P00062
 340 00512 1374         TAD D00574
 341 00513 4543         JMS I P00143
 342 00514 4544 D00514, 4544
 343 00515 1170         TAD P00170
 344 00516 4557         JMS I P00157
 345 00517 0231 P00517, S00231
 346 00520 5772         JMP I P00572
 347 00521 4562         JMS I P00162
 348 00522 1054 L00522, TAD P00054
 349 00523 3016         DCA P00016
 350 00524 3024 D00524, 3024
 351 00525 1030         TAD P00030
 352 00526 4555         JMS I P00155
 353 00527 3416         DCA I P00016
 354 00530 6201         CDF 0
 355 00531 4563         JMS I P00163
 356 00532 5335         JMP L00535
 357 00533 4773         JMS I P00573
 358 00534 5305         JMP L00505
 359 00535 2032 L00535, ISZ P00032
 360 00536 7410         SKP 
 361 00537 4540 L00537, JMS I P00140
 362 00540 4561 D00540, 4561
 363 00541 4563         JMS I P00163
 364 00542 5337         JMP L00537
 365 00543 4773         JMS I P00573
 366 00544 4555         JMS I P00155
 367 00545 6002         IOF
 368 00546 1431         TAD I P00031
 369 00547 3454         DCA I P00054
 370 00550 1054         TAD P00054
 371 00551 3431         DCA I P00031
 372 00552 1023         TAD P00023
 373 00553 7440         SZA 
 374 00554 3416         DCA I P00016
 375 00555 4571         JMS I P00171
 376 00556 0016 D00556, 0016
 377 00557 4544         JMS I P00144
 378 00560 4152         JMS P00152
 379 00561 7650         SNA CLA 
 380 00562 1132         TAD D00132
 381 00563 7001         IAC
 382 00564 1016         TAD P00016
 383 00565 3054         DCA P00054
 384 00566 1054         TAD P00054
 385 00567 3055         DCA P00055
 386 00570 6001         ION
 387 00571 5305         JMP L00505
 388 00572 7720 P00572, L07720
 389 00573 1612 P00573, S01612
 390 00574 6544 D00574, 6544
 391 00575 4707 P00575, L04707
 392 00576 6211 D00576, 6211
 393 00577 6007 D00577, 6007
 394            
 395                    *0600
 396 00600 0000 S00600, 0000
 397 00601 1003         TAD P00003
 398 00602 4675         JMS I P00675
 399 00603 1035         TAD D00035
 400 00604 3205         DCA D00605
 401 00605 7402 D00605, 7402
 402 00606 0276 L00606, AND D00676
 403 00607 7450         SNA 
 404 00610 5264         JMP L00664
 405 00611 3004         DCA D00004
 406 00612 7346         CLA CLL CMA RTL 
 407 00613 1004         TAD D00004
 408 00614 7640 D00614, 7640
 409 00615 5220         JMP L00620
 410 00616 4677         JMS I P00677
 411 00617 5600         JMP I S00600
 412 00620 1123 L00620, TAD D00123
 413 00621 7650         SNA CLA 
 414 00622 5310         JMP L00710
 415 00623 1004         TAD D00004
 416 00624 4542         JMS I P00142
 417 00625 0116         AND D00116
 418 00626 5302         JMP L00702
 419 00627 1004         TAD D00004
 420 00630 4542         JMS I P00142
 421 00631 1771         TAD I P00771
 422 00632 5310         JMP L00710
 423 00633 1004         TAD D00004
 424 00634 1126         TAD D00126
 425 00635 7650         SNA CLA 
 426 00636 5264         JMP L00664
 427 00637 1004         TAD D00004
 428 00640 0301         AND D00701
 429 00641 7450         SNA 
 430 00642 5312         JMP L00712
 431 00643 1214         TAD D00614
 432 00644 7650         SNA CLA 
 433 00645 5312         JMP L00712
 434 00646 1004         TAD D00004
 435 00647 4553         JMS I P00153
 436 00650 4317         JMS S00717
 437 00651 1045         TAD P00045
 438 00652 7041         CIA
 439 00653 1044         TAD P00044
 440 00654 7550         SNA SPA 
 441 00655 1127         TAD P00127
 442 00656 1126         TAD D00126
 443 00657 7750         SNA SPA CLA 
 444 00660 5264         JMP L00664
 445 00661 7350 L00661, CLA CLL CMA RAR 
 446 00662 0406         AND I P00006
 447 00663 3406         DCA I P00006
 448 00664 4555 L00664, JMS I P00155
 449 00665 1444         TAD I P00044
 450 00666 6201         CDF 0
 451 00667 7650         SNA CLA 
 452 00670 1300         TAD D00700
 453 00671 0406         AND I P00006
 454 00672 7640         SZA CLA 
 455 00673 6014         RFC 
 456 00674 5600         JMP I S00600
 457 00675 0305 P00675, P00305
 458 00676 0177 D00676, 0177
 459 00677 3551 P00677, S03551
 460 00700 0020 D00700, 0020
 461 00701 0140 D00701, 0140
 462 00702 7340 L00702, CLA CLL CMA 
 463 00703 1101         TAD D00101
 464 00704 7740         SZA SMA CLA 
 465 00705 5310 D00705, 5310
 466 00706 1004         TAD D00004
 467 00707 4553         JMS I P00153
 468 00710 4317 L00710, JMS S00717
 469 00711 5261         JMP L00661
 470 00712 1120 L00712, TAD P00120
 471 00713 4553         JMS I P00153
 472 00714 1120         TAD P00120
 473 00715 4553         JMS I P00153
 474 00716 5600         JMP I S00600
 475 00717 0000 S00717, 0000
 476 00720 4555         JMS I P00155
 477 00721 1444         TAD I P00044
 478 00722 7640         SZA CLA 
 479 00723 4554         JMS I P00154
 480 00724 1004         TAD D00004
 481 00725 3444         DCA I P00044
 482 00726 6201         CDF 0
 483 00727 2044         ISZ P00044
 484 00730 1044         TAD P00044
 485 00731 7041         CIA
 486 00732 1127         TAD P00127
 487 00733 1046         TAD D00046
 488 00734 7640         SZA CLA 
 489 00735 5717 L00735, JMP I S00717
 490 00736 1046         TAD D00046
 491 00737 3044         DCA P00044
 492 00740 5717         JMP I S00717
 493 00741 0000 S00741, 0000
 494 00742 7440         SZA 
 495 00743 5346         JMP L00746
 496 00744 7340 D00744, 7340
 497 00745 1025         TAD P00025
 498 00746 3013 L00746, DCA P00013
 499 00747 7340         CLA CLL CMA 
 500 00750 1741         TAD I S00741
 501 00751 3014         DCA P00014
 502 00752 7346         CLA CLL CMA RTL 
 503 00753 3104         DCA P00104
 504 00754 1414 L00754, TAD I P00014
 505 00755 4555         JMS I P00155
 506 00756 3413         DCA I P00013
 507 00757 6201         CDF 0
 508 00760 2104         ISZ P00104
 509 00761 5354         JMP L00754
 510 00762 2341         ISZ S00741
 511 00763 5741 D00763, 5741
 512 00764 0000 D00764, 0000
 513 00765 0001         AND D00001
 514 00766 0002         AND P00002
 515 00767 0003         AND P00003
 516 00770 0004         AND D00004
 517 00771 0005 P00771, P00005
 518 00772 0006         AND P00006
 519 00773 0007         AND P00007
 520 00774 4545         JMS I P00145
 521 00775 0017         AND P00017
 522 00776 4545         JMS I P00145
 523 00777 0040         AND L00040
 524            
 525                    *1000
 526 01000 1043 L01000, TAD D00043
 527 01001 4543 D01001, 4543
 528 01002 1117         TAD P00117
 529 01003 3043         DCA D00043
 530 01004 4217 L01004, JMS S01017
 531 01005 5327 D01005, 5327
 532 01006 4572         JMS I P00172
 533 01007 1130         TAD P00130
 534 01010 4537         JMS I P00137
 535 01011 1127         TAD P00127
 536 01012 4537 P01012, D04537
 537 01013 4544         JMS I P00144
 538 01014 1170         TAD P00170
 539 01015 7340         CLA CLL CMA 
 540 01016 5204         JMP L01004
 541 01017 0000 S01017, 0000
 542 01020 7640         SZA CLA 
 543 01021 5254         JMP L01054
 544 01022 4544 L01022, JMS I P00144
 545 01023 3303         DCA D01103
 546 01024 4544         JMS I P00144
 547 01025 4400         JMS I S00000
 548 01026 7640 D01026, 7640
 549 01027 5314         JMP L01114
 550 01030 4545         JMS I P00145
 551 01031 0025         AND P00025
 552 01032 4545         JMS I P00145
 553 01033 0017 D01033, 0017
 554 01034 4545         JMS I P00145
 555 01035 0040         AND L00040
 556 01036 4550         JMS I P00150
 557 01037 0017         AND P00017
 558 01040 1043         TAD D00043
 559 01041 3026         DCA D00026
 560 01042 4575         JMS I P00175
 561 01043 5246         JMP L01046
 562 01044 2217 L01044, ISZ S01017
 563 01045 5617         JMP I S01017
 564 01046 4564 L01046, JMS I P00164
 565 01047 4554 L01047, JMS I P00154
 566 01050 4540         JMS I P00140
 567 01051 4575         JMS I P00175
 568 01052 7410         SKP 
 569 01053 5244         JMP L01044
 570 01054 4544 L01054, JMS I P00144
 571 01055 2612         ISZ I P01012
 572 01056 4545         JMS I P00145
 573 01057 0017         AND P00017
 574 01060 4550         JMS I P00150
 575 01061 0040         AND L00040
 576 01062 1026         TAD D00026
 577 01063 3043         DCA D00043
 578 01064 4550         JMS I P00150
 579 01065 0017         AND P00017
 580 01066 4550         JMS I P00150
 581 01067 0025         AND P00025
 582 01070 4552 D01070, 4552
 583 01071 6725         6725
 584 01072 4564         JMS I P00164
 585 01073 5313         JMP L01113
 586 01074 4540         JMS I P00140
 587 01075 5222         JMP L01022
 588 01076 0316         AND L01116
 589 01077 1151         TAD P00151
 590 01100 0157         AND P00157
 591 01101 0064         AND D00064
 592 01102 0270         AND D01070
 593 01103 0617 D01103, 0617
 594 01104 0042         AND P00042
 595 01105 1161 D01105, 1161
 596 01106 1147         TAD P00147
 597 01107 0456         AND I P00056
 598 01110 1116         TAD D00116
 599 01111 0311 D01111, 0311
 600 01112 1201         TAD D01001
 601 01113 4575 L01113, JMS I P00175
 602 01114 4554 L01114, JMS I P00154
 603 01115 5617         JMP I S01017
 604 01116 7340 L01116, CLA CLL CMA 
 605 01117 4217 D01117, 4217
 606 01120 5547         JMP I P00147
 607 01121 1037         TAD D00037
 608 01122 4567         JMS I P00167
 609 01123 0003         AND P00003
 610 01124 4554         JMS I P00154
 611 01125 3037         DCA D00037
 612 01126 5316         JMP L01116
 613 01127 1043 L01127, TAD D00043
 614 01130 3026         DCA D00026
 615 01131 4575         JMS I P00175
 616 01132 5247         JMP L01047
 617 01133 4546 L01133, JMS I P00146
 618 01134 3043         DCA D00043
 619 01135 4550         JMS I P00150
 620 01136 0040         AND L00040
 621 01137 4550         JMS I P00150
 622 01140 0017         AND P00017
 623 01141 3026         DCA D00026
 624 01142 5547         JMP I P00147
 625 01143 1157 P01143, S01157
 626 01144 0015 D01144, 0015
 627 01145 0057 D01145, 0057
 628 01146 0000 S01146, 0000
 629 01147 1060         TAD L00060
 630 01150 3016         DCA P00016
 631 01151 3024         DCA D00024
 632 01152 1060         TAD L00060
 633 01153 3052         DCA D00052
 634 01154 1345         TAD D01145
 635 01155 3053         DCA P00053
 636 01156 5746         JMP I S01146
 637 01157 0000 S01157, 0000
 638 01160 1060         TAD L00060
 639 01161 3017         DCA P00017
 640 01162 3021         DCA P00021
 641 01163 3032         DCA P00032
 642 01164 1344         TAD D01144
 643 01165 3053         DCA P00053
 644 01166 4540         JMS I P00140
 645 01167 5757         JMP I S01157
 646 01170 4346         JMS S01146
 647 01171 4574 L01171, JMS I P00174
 648 01172 4561         JMS I P00161
 649 01173 4563         JMS I P00163
 650 01174 5371         JMP L01171
 651 01175 4561         JMS I P00161
 652 01176 4743         JMS I P01143
 653 01177 5547         JMP I P00147
 654            
 655                    *1200
 656 01200 4544         JMS I P00144
 657 01201 2612         ISZ I P01212
 658 01202 4545         JMS I P00145
 659 01203 6725         6725
 660 01204 1101         TAD D00101
 661 01205 1126         TAD D00126
 662 01206 7510         SPA 
 663 01207 4554 L01207, JMS I P00154
 664 01210 7126         CLL CML RTL 
 665 01211 3326         DCA S01326
 666 01212 4540 P01212, D04540
 667 01213 4542         JMS I P00142
 668 01214 1376         TAD P01376
 669 01215 5260         JMP L01260
 670 01216 7200 L01216, CLA 
 671 01217 1326 L01217, TAD S01326
 672 01220 4542         JMS I P00142
 673 01221 7735         7735
 674 01222 7410         SKP 
 675 01223 5207         JMP L01207
 676 01224 1101         TAD D00101
 677 01225 1271         TAD D01271
 678 01226 3326         DCA S01326
 679 01227 1726         TAD I S01326
 680 01230 3246         DCA D01246
 681 01231 4544         JMS I P00144
 682 01232 2612         ISZ I P01212
 683 01233 4550 D01233, 4550
 684 01234 6725         6725
 685 01235 4407         JMS I P00007
 686 01236 6514         6514
 687 01237 7514         SPA OSR 
 688 01240 0000         AND S00000
 689 01241 7346         CLA CLL CMA RTL 
 690 01242 4566         JMS I P00166
 691 01243 7650         SNA CLA 
 692 01244 4554         JMS I P00154
 693 01245 1514         TAD I P00114
 694 01246 7402 D01246, 7402
 695 01247 4557         JMS I P00157
 696 01250 5547         JMP I P00147
 697 01251 5657         JMP I P01257
 698 01252 4562         JMS I P00162
 699 01253 4575         JMS I P00175
 700 01254 4554         JMS I P00154
 701 01255 1030         TAD P00030
 702 01256 5547         JMP I P00147
 703 01257 2531 P01257, L02531
 704 01260 1101 L01260, TAD D00101
 705 01261 1126         TAD D00126
 706 01262 7510         SPA 
 707 01263 5216         JMP L01216
 708 01264 7001         IAC
 709 01265 1326         TAD S01326
 710 01266 3326         DCA S01326
 711 01267 4540         JMS I P00140
 712 01270 5217         JMP L01217
 713 01271 3742 D01271, 3742
 714 01272 3400 P01272, S03400
 715 01273 0000 S01273, 0000
 716 01274 1003         TAD P00003
 717 01275 4760         JMS I P01360
 718 01276 3051         DCA D00051
 719 01277 4555         JMS I P00155
 720 01300 1450 L01300, TAD I P00050
 721 01301 7450         SNA 
 722 01302 5317         JMP L01317
 723 01303 4672         JMS I P01272
 724 01304 4555         JMS I P00155
 725 01305 3450 D01305, 3450
 726 01306 2050         ISZ P00050
 727 01307 1050         TAD P00050
 728 01310 7041         CIA
 729 01311 1046         TAD D00046
 730 01312 7640         SZA CLA 
 731 01313 5317         JMP L01317
 732 01314 1046         TAD D00046
 733 01315 1133         TAD D00133
 734 01316 3050         DCA P00050
 735 01317 4326 L01317, JMS S01326
 736 01320 7000 L01320, NOP
 737 01321 5673         JMP I S01273
 738 01322 7352         CLA CLL CMA RTR 
 739 01323 0406         AND I P00006
 740 01324 3406         DCA I P00006
 741 01325 5673         JMP I S01273
 742 01326 0000 S01326, 0000
 743 01327 4555 D01327, 4555
 744 01330 1447         TAD I P00047
 745 01331 6201         CDF 0
 746 01332 7640         SZA CLA 
 747 01333 5726         JMP I S01326
 748 01334 1047 L01334, TAD P00047
 749 01335 7041         CIA
 750 01336 1050 L01336, TAD P00050
 751 01337 7550         SNA SPA 
 752 01340 1127 D01340, 1127
 753 01341 7041         CIA
 754 01342 7001 P01342, D07001
 755 01343 7450         SNA 
 756 01344 5726         JMP I S01326
 757 01345 7001         IAC
 758 01346 7450         SNA 
 759 01347 5726         JMP I S01326
 760 01350 2326         ISZ S01326
 761 01351 1366         TAD D01366
 762 01352 7750         SNA SPA CLA 
 763 01353 2326         ISZ S01326
 764 01354 5726         JMP I S01326
 765 01355 0000 S01355, 0000
 766 01356 4326         JMS S01326
 767 01357 5362         JMP L01362
 768 01360 0305 P01360, P00305
 769 01361 5755         JMP I S01355
 770 01362 1355 L01362, TAD S01355
 771 01363 5372         JMP L01372
 772 01364 0000 S01364, 0000
 773 01365 4326         JMS S01326
 774 01366 0014 D01366, 0014
 775 01367 7410         SKP 
 776 01370 5764         JMP I S01364
 777 01371 1364 D01371, 1364
 778 01372 3022 L01372, DCA D00022
 779 01373 1512         TAD I P00112
 780 01374 4776         JMS I P01376
 781 01375 2000         ISZ S00000
 782 01376 6550 P01376, P06550
 783 01377 0040         AND L00040
 784            
 785                    *1400
 786 01400 0053         AND P00053
 787 01401 0055         AND P00055
 788 01402 0052         AND D00052
 789 01403 0057         AND P00057
 790 01404 0136         AND P00136
 791 01405 0050         AND P00050
 792 01406 0133         AND D00133
 793 01407 0051         AND D00051
 794 01410 0135         AND D00135
 795 01411 0074 P01411, P00074
 796 01412 0076 P01412, D00076
 797 01413 0075 D01413, 0075
 798 01414 7340         CLA CLL CMA 
 799 01415 3356         DCA D01556
 800 01416 4544         JMS I P00144
 801 01417 4400         JMS I S00000
 802 01420 7650         SNA CLA 
 803 01421 1026         TAD D00026
 804 01422 1335 D01422, 1335
 805 01423 7640         SZA CLA 
 806 01424 4554         JMS I P00154
 807 01425 4545 L01425, JMS I P00145
 808 01426 0023         AND P00023
 809 01427 4544         JMS I P00144
 810 01430 2611         ISZ I P01411
 811 01431 4550         JMS I P00150
 812 01432 0023         AND P00023
 813 01433 4552         JMS I P00152
 814 01434 6725         6725
 815 01435 7340         CLA CLL CMA 
 816 01436 1017         TAD P00017
 817 01437 3357         DCA D01557
 818 01440 2356         ISZ D01556
 819 01441 5336         JMP L01536
 820 01442 1023         TAD P00023
 821 01443 7710         SPA CLA 
 822 01444 4554         JMS I P00154
 823 01445 4566         JMS I P00166
 824 01446 1136         TAD P00136
 825 01447 7640         SZA CLA 
 826 01450 5346         JMP L01546
 827 01451 1025         TAD P00025
 828 01452 7041         CIA
 829 01453 3356         DCA D01556
 830 01454 4544         JMS I P00144
 831 01455 2612         ISZ I P01412
 832 01456 4545         JMS I P00145
 833 01457 6725         6725
 834 01460 4575         JMS I P00175
 835 01461 5343         JMP L01543
 836 01462 4545         JMS I P00145
 837 01463 4000         JMS 
 838 01464 1030 L01464, TAD P00030
 839 01465 4543         JMS I P00143
 840 01466 1030         TAD P00030
 841 01467 7410         SKP 
 842 01470 4546 L01470, JMS I P00146
 843 01471 4567         JMS I P00167
 844 01472 0001         AND D00001
 845 01473 4554         JMS I P00154
 846 01474 4543         JMS I P00143
 847 01475 4565         JMS I P00165
 848 01476 5270         JMP L01470
 849 01477 4544         JMS I P00144
 850 01500 4400 L01500, JMS I S00000
 851 01501 7650         SNA CLA 
 852 01502 1025         TAD P00025
 853 01503 1356         TAD D01556
 854 01504 7640         SZA CLA 
 855 01505 5270         JMP L01470
 856 01506 4563         JMS I P00163
 857 01507 5760         JMP I P01560
 858 01510 2015         ISZ P00015
 859 01511 4546         JMS I P00146
 860 01512 3030         DCA P00030
 861 01513 1030         TAD P00030
 862 01514 4555         JMS I P00155
 863 01515 3417         DCA I P00017
 864 01516 1357         TAD D01557
 865 01517 3417         DCA I P00017
 866 01520 6201         CDF 0
 867 01521 4550 D01521, 4550
 868 01522 6725         6725
 869 01523 1017         TAD P00017
 870 01524 4552         JMS I P00152
 871 01525 6725         6725
 872 01526 4550         JMS I P00150
 873 01527 6725         6725
 874 01530 7325         CLA CLL CML RAL IAC
 875 01531 1017         TAD P00017
 876 01532 4552 L01532, JMS I P00152
 877 01533 6725         6725
 878 01534 4571         JMS I P00171
 879 01535 7703 L01535, 7703
 880 01536 4575 L01536, JMS I P00175
 881 01537 4554         JMS I P00154
 882 01540 1357         TAD D01557
 883 01541 5742         JMP I P01542
 884 01542 2470 P01542, L02470
 885 01543 7344 L01543, CLA CLL CMA RAL 
 886 01544 4566         JMS I P00166
 887 01545 7650         SNA CLA 
 888 01546 4554 L01546, JMS I P00154
 889 01547 4544         JMS I P00144
 890 01550 2612         ISZ I P01412
 891 01551 4545         JMS I P00145
 892 01552 6725         6725
 893 01553 4575         JMS I P00175
 894 01554 5346         JMP L01546
 895 01555 5264         JMP L01464
 896 01556 0000 D01556, 0000
 897 01557 0000 D01557, 0000
 898 01560 2400 P01560, L02400
 899 01561 4565         JMS I P00165
 900 01562 5774 L01562, JMP I P01574
 901 01563 4544         JMS I P00144
 902 01564 4400         JMS I S00000
 903 01565 7650         SNA CLA 
 904 01566 1026         TAD D00026
 905 01567 1335         TAD L01535
 906 01570 7640         SZA CLA 
 907 01571 5362         JMP L01562
 908 01572 3356         DCA D01556
 909 01573 5225         JMP L01425
 910 01574 4362 P01574, L04362
 911 01575 4563         JMS I P00163
 912 01576 4554         JMS I P00154
 913 01577 4555         JMS I P00155
 914            
 915                    *1600
 916 01600 3457 L01600, DCA I P00057
 917 01601 7326         CLA CLL CML RTL 
 918 01602 1057         TAD P00057
 919 01603 3054         DCA P00054
 920 01604 1054         TAD P00054
 921 01605 3055         DCA P00055
 922 01606 5607         JMP I P01607
 923 01607 0474 P01607, L00474
 924 01610 0000 D01610, 0000
 925 01611 0000         AND S00000
 926 01612 0000 S01612, 0000
 927 01613 4571 L01613, JMS I P00171
 928 01614 5612         JMP I S01612
 929 01615 2032         ISZ P00032
 930 01616 4540 L01616, JMS I P00140
 931 01617 4563         JMS I P00163
 932 01620 5216         JMP L01616
 933 01621 1017         TAD P00017
 934 01622 7040         CMA 
 935 01623 1027         TAD P00027
 936 01624 4543 D01624, 4543
 937 01625 1027         TAD P00027
 938 01626 7001         IAC
 939 01627 3017         DCA P00017
 940 01630 3021         DCA P00021
 941 01631 4544 D01631, 4544
 942 01632 4152         JMS P00152
 943 01633 7650         SNA CLA 
 944 01634 1131         TAD P00131
 945 01635 4546         JMS I P00146
 946 01636 3104         DCA P00104
 947 01637 1027         TAD P00027
 948 01640 7041 D01640, 7041
 949 01641 1057         TAD P00057
 950 01642 7650         SNA CLA 
 951 01643 5612         JMP I S01612
 952 01644 4555         JMS I P00155
 953 01645 1427         TAD I P00027
 954 01646 3431         DCA I P00031
 955 01647 1057         TAD P00057
 956 01650 3103 L01650, DCA P00103
 957 01651 1503 D01651, 1503
 958 01652 7450         SNA 
 959 01653 5267         JMP L01667
 960 01654 3102         DCA P00102
 961 01655 1027         TAD P00027
 962 01656 7141         CLL CIA
 963 01657 1102         TAD P00102
 964 01660 7630         SZL CLA 
 965 01661 1104         TAD P00104
 966 01662 1102 L01662, TAD P00102
 967 01663 3503         DCA I P00103
 968 01664 1102         TAD P00102
 969 01665 5250         JMP L01650
 970 01666 4466 P01666, L04466
 971 01667 7340 L01667, CLA CLL CMA 
 972 01670 1027         TAD P00027
 973 01671 3012         DCA P00012
 974 01672 1104 L01672, TAD P00104
 975 01673 7040         CMA 
 976 01674 1027         TAD P00027
 977 01675 3017         DCA P00017
 978 01676 1104         TAD P00104
 979 01677 1054 L01677, TAD P00054
 980 01700 3054 D01700, 3054
 981 01701 1016         TAD P00016
 982 01702 7040         CMA 
 983 01703 1017         TAD P00017
 984 01704 3102         DCA P00102
 985 01705 1104         TAD P00104
 986 01706 1016         TAD P00016
 987 01707 3016         DCA P00016
 988 01710 1417 L01710, TAD I P00017
 989 01711 3412         DCA I P00012
 990 01712 2102         ISZ P00102
 991 01713 5310         JMP L01710
 992 01714 5213         JMP L01613
 993 01715 0000 S01715, 0000
 994 01716 3104 L01716, DCA P00104
 995 01717 7340         CLA CLL CMA 
 996 01720 4336         JMS S01736
 997 01721 1104         TAD P00104
 998 01722 4555 D01722, 4555
 999 01723 3415         DCA I P00015
1000 01724 6201         CDF 0
1001 01725 7340         CLA CLL CMA 
1002 01726 4336         JMS S01736
1003 01727 5715         JMP I S01715
1004 01730 0000 P01730, S00000
1005 01731 1730         TAD I P01730
1006 01732 3315         DCA S01715
1007 01733 1330         TAD P01730
1008 01734 7001         IAC
1009 01735 5316         JMP L01716
1010 01736 0000 S01736, 0000
1011 01737 1015         TAD P00015
1012 01740 3015         DCA P00015
1013 01741 7326         CLA CLL CML RTL 
1014 01742 1055         TAD P00055
1015 01743 7141         CLL CIA
1016 01744 1015         TAD P00015
1017 01745 7620         SNL CLA 
1018 01746 5666         JMP I P01666
1019 01747 5736         JMP I S01736
1020 01750 0000 S01750, 0000
1021 01751 7340         CLA CLL CMA 
1022 01752 1750         TAD I S01750
1023 01753 3012         DCA P00012
1024 01754 7346         CLA CLL CMA RTL 
1025 01755 4336 D01755, 4336
1026 01756 7346         CLA CLL CMA RTL 
1027 01757 3104         DCA P00104
1028 01760 1412 L01760, TAD I P00012
1029 01761 4555         JMS I P00155
1030 01762 3415         DCA I P00015
1031 01763 6201         CDF 0
1032 01764 2104         ISZ P00104
1033 01765 5360         JMP L01760
1034 01766 7346         CLA CLL CMA RTL 
1035 01767 4336         JMS S01736
1036 01770 2350         ISZ S01750
1037 01771 5750         JMP I S01750
1038 01772 0175         AND P00175
1039 01773 0176 D01773, 0176
1040 01774 0033         AND P00033
1041 01775 4407         JMS I P00007
1042 01776 0063         AND D00063
1043 01777 0000         AND S00000
1044            
1045                    *2000
1046 02000 4605 L02000, JMS I P02005
1047 02001 4606         JMS I P02006
1048 02002 6203         CIF 1
1049 02003 5604 L02003, JMP I P02004
1050 02004 0447 P02004, L00447
1051 02005 6047 P02005, S06047
1052 02006 5633 P02006, S05633
1053 02007 1503 L02007, TAD I P00103
1054 02010 7104         CLL RAL 
1055 02011 7130         CLL CML RAR 
1056 02012 3503         DCA I P00103
1057 02013 2103 L02013, ISZ P00103
1058 02014 1503         TAD I P00103
1059 02015 7440         SZA 
1060 02016 5230         JMP L02030
1061 02017 1013 D02017, 1013
1062 02020 7650         SNA CLA 
1063 02021 5346         JMP L02146
1064 02022 6201         CDF 0
1065 02023 4540         JMS I P00140
1066 02024 6201         CDF 1
1067 02025 2102 L02025, ISZ P00102
1068 02026 3013 L02026, DCA P00013
1069 02027 1334         TAD D02134
1070 02030 3103 L02030, DCA P00103
1071 02031 1503         TAD I P00103
1072 02032 7710         SPA CLA 
1073 02033 5213 P02033, L05213
1074 02034 4354         JMS S02154
1075 02035 7640         SZA CLA 
1076 02036 5207         JMP L02007
1077 02037 2013         ISZ P00013
1078 02040 1503         TAD I P00103
1079 02041 7012         RTR 
1080 02042 7010         RAR 
1081 02043 0120 L02043, AND P00120
1082 02044 3013         DCA P00013
1083 02045 1013         TAD P00013
1084 02046 7041         CIA
1085 02047 1102         TAD P00102
1086 02050 7640         SZA CLA 
1087 02051 5213         JMP L02013
1088 02052 1503         TAD I P00103
1089 02053 0120         AND P00120
1090 02054 7040         CMA 
1091 02055 1013         TAD P00013
1092 02056 3013 L02056, DCA P00013
1093 02057 6201 L02057, CDF 0
1094 02060 4540         JMS I P00140
1095 02061 6201         CDF 1
1096 02062 2013         ISZ P00013
1097 02063 5335         JMP L02135
1098 02064 1503 L02064, TAD I P00103
1099 02065 4556         JMS I P00156
1100 02066 7004         RAL 
1101 02067 0130         AND P00130
1102 02070 1331         TAD D02131
1103 02071 3013 L02071, DCA P00013
1104 02072 1014         TAD P00014
1105 02073 7450         SNA 
1106 02074 5300         JMP L02100
1107 02075 1013         TAD P00013
1108 02076 7640         SZA CLA 
1109 02077 5346         JMP L02146
1110 02100 6201 L02100, CDF 0
1111 02101 7307         CLA CLL RTL IAC
1112 02102 1015         TAD P00015
1113 02103 3015         DCA P00015
1114 02104 1013         TAD P00013
1115 02105 5706         JMP I S02106
1116 02106 0000 S02106, 0000
1117 02107 3014         DCA P00014
1118 02110 1026         TAD D00026
1119 02111 4543         JMS I P00143
1120 02112 4545         JMS I P00145
1121 02113 0017         AND P00017
1122 02114 1334         TAD D02134
1123 02115 6201         CDF 1
1124 02116 3103 L02116, DCA P00103
1125 02117 7350         CLA CLL CMA RAR 
1126 02120 0503         AND I P00103
1127 02121 3503         DCA I P00103
1128 02122 2103         ISZ P00103
1129 02123 1503         TAD I P00103
1130 02124 7440         SZA 
1131 02125 5316         JMP L02116
1132 02126 3102         DCA P00102
1133 02127 3105         DCA P00105
1134 02130 5225         JMP L02025
1135 02131 7756 D02131, 7756
1136 02132 7641 D02132, 7641
1137 02133 0122 D02133, 0122
1138 02134 0045 D02134, 0045
1139 02135 2105 L02135, ISZ P00105
1140 02136 2102         ISZ P00102
1141 02137 4354         JMS S02154
1142 02140 7650         SNA CLA 
1143 02141 5257         JMP L02057
1144 02142 7340         CLA CLL CMA 
1145 02143 1105         TAD P00105
1146 02144 7650         SNA CLA 
1147 02145 5264         JMP L02064
1148 02146 6201 L02146, CDF 0
1149 02147 4550         JMS I P00150
1150 02150 0017         AND P00017
1151 02151 4546         JMS I P00146
1152 02152 3026         DCA D00026
1153 02153 5706         JMP I S02106
1154 02154 0000 S02154, 0000
1155 02155 7301         CLA CLL IAC
1156 02156 1102         TAD P00102
1157 02157 7010         RAR 
1158 02160 1103         TAD P00103
1159 02161 3012         DCA P00012
1160 02162 1412         TAD I P00012
1161 02163 7430         SZL 
1162 02164 5370         JMP L02170
1163 02165 7012         RTR 
1164 02166 7012         RTR 
1165 02167 7012         RTR 
1166 02170 0130 L02170, AND P00130
1167 02171 7450         SNA 
1168 02172 1333         TAD D02133
1169 02173 1332         TAD D02132
1170 02174 1026         TAD D00026
1171 02175 5754         JMP I S02154
1172 02176 0137         AND P00137
1173 02177 0100         AND P00100
1174            
1175                    *2200
1176 02200 0040 L02200, AND L00040
1177 02201 4562         JMS I P00162
1178 02202 4563         JMS I P00163
1179 02203 7410         SKP 
1180 02204 4571         JMS I P00171
1181 02205 4554 L02205, JMS I P00154
1182 02206 2032         ISZ P00032
1183 02207 4772         JMS I P02372
1184 02210 3123         DCA D00123
1185 02211 4574         JMS I P00174
1186 02212 1026 P02212, D01026
1187 02213 3123         DCA D00123
1188 02214 4540 L02214, JMS I P00140
1189 02215 4573         JMS I P00173
1190 02216 4537         JMS I P00137
1191 02217 4541         JMS I P00141
1192 02220 0116         AND D00116
1193 02221 0302         AND L02302
1194 02222 4561         JMS I P00161
1195 02223 5214 D02223, 5214
1196 02224 4561 L02224, JMS I P00161
1197 02225 4574         JMS I P00174
1198 02226 4541         JMS I P00141
1199 02227 0116         AND D00116
1200 02230 0252         AND D02252
1201 02231 5224 D02231, 5224
1202 02232 4561         JMS I P00161
1203 02233 4561 L02233, JMS I P00161
1204 02234 4773         JMS I P02373
1205 02235 5760         JMP I P02360
1206 02236 4334         JMS S02334
1207 02237 1054         TAD P00054
1208 02240 3016 L02240, DCA P00016
1209 02241 4315 L02241, JMS S02315
1210 02242 5766         JMP I P02366
1211 02243 4767         JMS I P02367
1212 02244 1031         TAD P00031
1213 02245 3027         DCA P00027
1214 02246 5241         JMP L02241
1215 02247 4334 L02247, JMS S02334
1216 02250 2032         ISZ P00032
1217 02251 1135         TAD D00135
1218 02252 3025 D02252, 3025
1219 02253 1034         TAD D00034
1220 02254 7650         SNA CLA 
1221 02255 5264         JMP L02264
1222 02256 3034         DCA D00034
1223 02257 4573 L02257, JMS I P00173
1224 02260 7330         CLA CLL CML RAR 
1225 02261 4537         JMS I P00137
1226 02262 2025         ISZ P00025
1227 02263 5257         JMP L02257
1228 02264 4573 L02264, JMS I P00173
1229 02265 1117         TAD P00117
1230 02266 4537         JMS I P00137
1231 02267 4315 L02267, JMS S02315
1232 02270 5302         JMP L02302
1233 02271 4572         JMS I P00172
1234 02272 1030         TAD P00030
1235 02273 4771         JMS I P02371
1236 02274 4540 L02274, JMS I P00140
1237 02275 4573         JMS I P00173
1238 02276 4537         JMS I P00137
1239 02277 4563         JMS I P00163
1240 02300 5274 D02300, 5274
1241 02301 5267 L02301, JMP L02267
1242 02302 1025 L02302, TAD P00025
1243 02303 7640         SZA CLA 
1244 02304 5766         JMP I P02366
1245 02305 1135         TAD D00135
1246 02306 3025         DCA P00025
1247 02307 4573 L02307, JMS I P00173
1248 02310 7330         CLA CLL CML RAR 
1249 02311 4537         JMS I P00137
1250 02312 2025         ISZ P00025
1251 02313 5307         JMP L02307
1252 02314 5770         JMP I P02370
1253 02315 0000 S02315, 0000
1254 02316 1117         TAD P00117
1255 02317 3026         DCA D00026
1256 02320 4570         JMS I P00170
1257 02321 5715         JMP I S02315
1258 02322 4546         JMS I P00146
1259 02323 3104         DCA P00104
1260 02324 1104         TAD P00104
1261 02325 4543         JMS I P00143
1262 02326 1030         TAD P00030
1263 02327 7041 D02327, 7041
1264 02330 1104         TAD P00104
1265 02331 7700         SMA CLA 
1266 02332 2315         ISZ S02315
1267 02333 5715         JMP I S02315
1268 02334 0000 S02334, 0000
1269 02335 4563         JMS I P00163
1270 02336 5342         JMP L02342
1271 02337 3031         DCA P00031
1272 02340 7350         CLA CLL CMA RAR 
1273 02341 5352         JMP L02352
1274 02342 4562 L02342, JMS I P00162
1275 02343 1030         TAD P00030
1276 02344 3031         DCA P00031
1277 02345 4564         JMS I P00164
1278 02346 5364         JMP L02364
1279 02347 4540         JMS I P00140
1280 02350 4562         JMS I P00162
1281 02351 1030         TAD P00030
1282 02352 4543 L02352, JMS I P00143
1283 02353 1031         TAD P00031
1284 02354 3030         DCA P00030
1285 02355 4563         JMS I P00163
1286 02356 5205         JMP L02205
1287 02357 4571         JMS I P00171
1288 02360 0522 P02360, L00522
1289 02361 1031         TAD P00031
1290 02362 3027         DCA P00027
1291 02363 5734         JMP I S02334
1292 02364 1031 L02364, TAD P00031
1293 02365 5352         JMP L02352
1294 02366 0474 P02366, L00474
1295 02367 1612 P02367, S01612
1296 02370 7653 P02370, L07653
1297 02371 0231 P02371, S00231
1298 02372 1146 P02372, S01146
1299 02373 1157 P02373, S01157
1300 02374 4544         JMS I P00144
1301 02375 4400         JMS I S00000
1302 02376 7650         SNA CLA 
1303 02377 4563         JMS I P00163
1304            
1305                    *2400
1306 02400 4554 L02400, JMS I P00154
1307 02401 4407         JMS I P00007
1308 02402 0514         AND I P00114
1309 02403 0000 L02403, AND S00000
1310 02404 4555         JMS I P00155
1311 02405 1417         TAD I P00017
1312 02406 7450         SNA 
1313 02407 4554         JMS I P00154
1314 02410 3103         DCA P00103
1315 02411 1417         TAD I P00017
1316 02412 4543         JMS I P00143
1317 02413 1017         TAD P00017
1318 02414 4551         JMS I P00151
1319 02415 6725         6725
1320 02416 1514         TAD I P00114
1321 02417 7700 D02417, 7700
1322 02420 1266         TAD D02466
1323 02421 1217         TAD D02417
1324 02422 3242 L02422, DCA D02442
1325 02423 4407         JMS I P00007
1326 02424 1514         TAD I P00114
1327 02425 7514         SPA OSR 
1328 02426 0000         AND S00000
1329 02427 4552         JMS I P00152
1330 02430 6725         6725
1331 02431 7325         CLA CLL CML RAL IAC
1332 02432 1017         TAD P00017
1333 02433 4551         JMS I P00151
1334 02434 6725         6725
1335 02435 4407         JMS I P00007
1336 02436 2514         ISZ I P00114
1337 02437 7514         SPA OSR 
1338 02440 0000 D02440, 0000
1339 02441 1514         TAD I P00114
1340 02442 7402 D02442, 7402
1341 02443 5263         JMP L02463
1342 02444 7340         CLA CLL CMA 
1343 02445 1017         TAD P00017
1344 02446 3102         DCA P00102
1345 02447 4555         JMS I P00155
1346 02450 3502         DCA I P00102
1347 02451 2015         ISZ P00015
1348 02452 4575         JMS I P00175
1349 02453 4554         JMS I P00154
1350 02454 3012 L02454, DCA P00012
1351 02455 4546         JMS I P00146
1352 02456 3104         DCA P00104
1353 02457 1012         TAD P00012
1354 02460 5504         JMP I P00104
1355 02461 4546         JMS I P00146
1356 02462 7410         SKP 
1357 02463 1103 L02463, TAD P00103
1358 02464 3030         DCA P00030
1359 02465 4571         JMS I P00171
1360 02466 0050 D02466, 0050
1361 02467 4546         JMS I P00146
1362 02470 3017 L02470, DCA P00017
1363 02471 3026         DCA D00026
1364 02472 5547         JMP I P00147
1365 02473 1054         TAD P00054
1366 02474 3055         DCA P00055
1367 02475 4545         JMS I P00145
1368 02476 2503         ISZ I P00103
1369 02477 4550         JMS I P00150
1370 02500 0063         AND D00063
1371 02501 1062 L02501, TAD P00062
1372 02502 4567         JMS I P00167
1373 02503 0001         AND D00001
1374 02504 5317         JMP L02517
1375 02505 3062         DCA P00062
1376 02506 4355         JMS D02555
1377 02507 4544         JMS I P00144
1378 02510 4400         JMS I S00000
1379 02511 7650         SNA CLA 
1380 02512 4563         JMS I P00163
1381 02513 5200         JMP L02400
1382 02514 4555         JMS I P00155
1383 02515 3417         DCA I P00017
1384 02516 5301         JMP L02501
1385 02517 1057 L02517, TAD P00057
1386 02520 3027         DCA P00027
1387 02521 4570 L02521, JMS I P00170
1388 02522 5777         JMP I P02577
1389 02523 3032 L02523, DCA P00032
1390 02524 4540         JMS I P00140
1391 02525 2022         ISZ D00022
1392 02526 5332         JMP L02532
1393 02527 4355         JMS D02555
1394 02530 7410         SKP 
1395 02531 2015 L02531, ISZ P00015
1396 02532 1030 L02532, TAD P00030
1397 02533 3062         DCA P00062
1398 02534 4566 L02534, JMS I P00166
1399 02535 7540         SZA SMA 
1400 02536 5776         JMP I P02576
1401 02537 1375         TAD D02575
1402 02540 3102         DCA P00102
1403 02541 6201         CDF 1
1404 02542 1502         TAD I P00102
1405 02543 6201         CDF 0
1406 02544 3346         DCA D02546
1407 02545 4544         JMS I P00144
1408 02546 0000 D02546, 0000
1409 02547 7450         SNA 
1410 02550 5321         JMP L02521
1411 02551 3030         DCA P00030
1412 02552 4571 L02552, JMS I P00171
1413 02553 4554         JMS I P00154
1414 02554 5323         JMP L02523
1415 02555 0000 D02555, 0000
1416 02556 1355         TAD D02555
1417 02557 3022         DCA D00022
1418 02560 5177         JMP L00177
1419 02561 7340 L02561, CLA CLL CMA 
1420 02562 1060         TAD L00060
1421 02563 3027         DCA P00027
1422 02564 4774         JMS I P02574
1423 02565 7340         CLA CLL CMA 
1424 02566 3030         DCA P00030
1425 02567 5332         JMP L02532
1426 02570 2045         ISZ P00045
1427 02571 0000         AND S00000
1428 02572 0000         AND S00000
1429            
1430                    *2574
1431 02574 1157 P02574, S01157
1432 02575 0044 D02575, 0044
1433 02576 1562 P02576, L01562
1434 02577 0474 P02577, L00474
1435            
1436                    *2600
1437 02600 0000 D02600, 0000
1438 02601 1101         TAD D00101
1439 02602 4543         JMS I P00143
1440 02603 1107         TAD D00107
1441 02604 4543         JMS I P00143
1442 02605 1105         TAD P00105
1443 02606 4543         JMS I P00143
1444 02607 1200         TAD D02600
1445 02610 4543         JMS I P00143
1446 02611 4540         JMS I P00140
1447 02612 3107         DCA D00107
1448 02613 1354         TAD D02754
1449 02614 4543         JMS I P00143
1450 02615 3354         DCA D02754
1451 02616 4560         JMS I P00160
1452 02617 5223         JMP L02623
1453 02620 5241         JMP L02641
1454 02621 5345 L02621, JMP L02745
1455 02622 5360         JMP L02760
1456 02623 1254 L02623, TAD D02654
1457 02624 3025         DCA P00025
1458 02625 7344         CLA CLL CMA RAL 
1459 02626 1101         TAD D00101
1460 02627 7450 D02627, 7450
1461 02630 5262         JMP L02662
1462 02631 7001 D02631, 7001
1463 02632 7650         SNA CLA 
1464 02633 5337         JMP L02737
1465 02634 4576 L02634, JMS I P00176
1466 02635 5355         JMP L02755
1467 02636 4200 L02636, JMS D02600
1468 02637 2015         ISZ P00015
1469 02640 5777         JMP I P02777
1470 02641 1114 L02641, TAD P00114
1471 02642 3025         DCA P00025
1472 02643 4511         JMS I P00111
1473 02644 2354 L02644, ISZ D02754
1474 02645 5251         JMP L02651
1475 02646 7330         CLA CLL CML RAR 
1476 02647 1425         TAD I P00025
1477 02650 3425         DCA I P00025
1478 02651 3354 L02651, DCA D02754
1479 02652 4560         JMS I P00160
1480 02653 5257         JMP L02657
1481 02654 7300 D02654, 7300
1482 02655 0000         AND S00000
1483 02656 3101         DCA D00101
1484 02657 4576 L02657, JMS I P00176
1485 02660 7410         SKP 
1486 02661 4554         JMS I P00154
1487 02662 1101 L02662, TAD D00101
1488 02663 3106         DCA D00106
1489 02664 1106         TAD D00106
1490 02665 1131         TAD P00131
1491 02666 7700         SMA CLA 
1492 02667 3106         DCA D00106
1493 02670 1106 L02670, TAD D00106
1494 02671 7041         CIA
1495 02672 1107         TAD D00107
1496 02673 7710         SPA CLA 
1497 02674 5324         JMP L02724
1498 02675 1107         TAD D00107
1499 02676 1376         TAD D02776
1500 02677 3105         DCA P00105
1501 02700 1505         TAD I P00105
1502 02701 3310         DCA D02710
1503 02702 1107         TAD D00107
1504 02703 7640         SZA CLA 
1505 02704 4550         JMS I P00150
1506 02705 0072         AND P00072
1507 02706 4407         JMS I P00007
1508 02707 0072         AND P00072
1509 02710 5775 D02710, 5775
1510 02711 7514 L02711, SPA OSR 
1511 02712 0000         AND S00000
1512 02713 1114         TAD P00114
1513 02714 3025         DCA P00025
1514 02715 1106         TAD D00106
1515 02716 1107         TAD D00107
1516 02717 7650         SNA CLA 
1517 02720 5367         JMP L02767
1518 02721 4546         JMS I P00146
1519 02722 3107         DCA D00107
1520 02723 5270         JMP L02670
1521 02724 4576 L02724, JMS I P00176
1522 02725 7410         SKP 
1523 02726 5236         JMP L02636
1524 02727 1107         TAD D00107
1525 02730 4543         JMS I P00143
1526 02731 1025         TAD P00025
1527 02732 3334         DCA D02734
1528 02733 4545         JMS I P00145
1529 02734 0000 D02734, 0000
1530 02735 1106         TAD D00106
1531 02736 3107         DCA D00107
1532 02737 4540 L02737, JMS I P00140
1533 02740 4560         JMS I P00160
1534 02741 5234         JMP L02634
1535 02742 5241         JMP L02641
1536 02743 5345         JMP L02745
1537 02744 5360         JMP L02760
1538 02745 4544 L02745, JMS I P00144
1539 02746 4400         JMS I S00000
1540 02747 7440         SZA 
1541 02750 5774         JMP I P02774
1542 02751 1114         TAD P00114
1543 02752 3025         DCA P00025
1544 02753 5244         JMP L02644
1545 02754 0000 D02754, 0000
1546 02755 7344 L02755, CLA CLL CMA RAL 
1547 02756 1101         TAD D00101
1548 02757 7540         SZA SMA 
1549 02760 4554 L02760, JMS I P00154
1550 02761 7640         SZA CLA 
1551 02762 5337         JMP L02737
1552 02763 1354         TAD D02754
1553 02764 7040         CMA 
1554 02765 3354         DCA D02754
1555 02766 5337         JMP L02737
1556 02767 4546 L02767, JMS I P00146
1557 02770 3354         DCA D02754
1558 02771 5547         JMP I P00147
1559 02772 3067         DCA D00067
1560 02773 5547         JMP I P00147
1561 02774 5012 P02774, L05012
1562 02775 5065 P02775, L05065
1563 02776 4170 D02776, 4170
1564 02777 5027 P02777, L05027
1565            
1566                    *3000
1567 03000 4543 P03000, D04543
1568 03001 3105 L03001, DCA P00105
1569 03002 2105         ISZ P00105
1570 03003 4545         JMS I P00145
1571 03004 6725         6725
1572 03005 4564         JMS I P00164
1573 03006 5214         JMP L03014
1574 03007 4777         JMS I P03177
1575 03010 4546         JMS I P00146
1576 03011 2015         ISZ P00015
1577 03012 2015         ISZ P00015
1578 03013 5201         JMP L03001
1579 03014 1055 L03014, TAD P00055
1580 03015 3024         DCA D00024
1581 03016 1105         TAD P00105
1582 03017 3103 L03017, DCA P00103
1583 03020 7332 D03020, 7332
1584 03021 1103         TAD P00103
1585 03022 3023         DCA P00023
1586 03023 4544         JMS I P00144
1587 03024 4430         JMS I P00030
1588 03025 4550         JMS I P00150
1589 03026 6725         6725
1590 03027 4552         JMS I P00152
1591 03030 6725         6725
1592 03031 7340 D03031, 7340
1593 03032 1103         TAD P00103
1594 03033 7440         SZA 
1595 03034 5217         JMP L03017
1596 03035 7330         CLA CLL CML RAR 
1597 03036 4546         JMS I P00146
1598 03037 7041         CIA
1599 03040 3116         DCA D00116
1600 03041 4545         JMS I P00145
1601 03042 0017         AND P00017
1602 03043 1101         TAD D00101
1603 03044 4543         JMS I P00143
1604 03045 1024         TAD D00024
1605 03046 4543         JMS I P00143
1606 03047 7410         SKP 
1607 03050 4546 L03050, JMS I P00146
1608 03051 4567         JMS I P00167
1609 03052 0011         AND P00011
1610 03053 4554         JMS I P00154
1611 03054 4543         JMS I P00143
1612 03055 4566         JMS I P00166
1613 03056 1376         TAD D03176
1614 03057 7640         SZA CLA 
1615 03060 5250         JMP L03050
1616 03061 1026         TAD D00026
1617 03062 1116         TAD D00116
1618 03063 7640         SZA CLA 
1619 03064 5250         JMP L03050
1620 03065 2015         ISZ P00015
1621 03066 1062         TAD P00062
1622 03067 4543 L03067, JMS I P00143
1623 03070 1030         TAD P00030
1624 03071 3062 D03071, 3062
1625 03072 4540         JMS I P00140
1626 03073 4542         JMS I P00142
1627 03074 1376 L03074, TAD D03176
1628 03075 4576         JMS I P00176
1629 03076 4554 L03076, JMS I P00154
1630 03077 1101 L03077, TAD D00101
1631 03100 4543 D03100, 4543
1632 03101 4540         JMS I P00140
1633 03102 7332         CLA CLL CML RTR 
1634 03103 3102         DCA P00102
1635 03104 1055         TAD P00055
1636 03105 3025         DCA P00025
1637 03106 4565 L03106, JMS I P00165
1638 03107 5276         JMP L03076
1639 03110 1026         TAD D00026
1640 03111 0317         AND D03117
1641 03112 4556         JMS I P00156
1642 03113 7010         RAR 
1643 03114 3103         DCA P00103
1644 03115 4540         JMS I P00140
1645 03116 4557         JMS I P00157
1646 03117 0037 D03117, 0037
1647 03120 5326 D03120, 5326
1648 03121 1026         TAD D00026
1649 03122 0317         AND D03117
1650 03123 1103         TAD P00103
1651 03124 3103         DCA P00103
1652 03125 4540         JMS I P00140
1653 03126 2102 L03126, ISZ P00102
1654 03127 4555         JMS I P00155
1655 03130 1425         TAD I P00025
1656 03131 7041         CIA
1657 03132 1102         TAD P00102
1658 03133 7640         SZA CLA 
1659 03134 4554 L03134, JMS I P00154
1660 03135 1103         TAD P00103
1661 03136 3425         DCA I P00025
1662 03137 6201         CDF 0
1663 03140 1136 D03140, 1136
1664 03141 1025         TAD P00025
1665 03142 3025         DCA P00025
1666 03143 4564         JMS I P00164
1667 03144 5347         JMP L03147
1668 03145 4540         JMS I P00140
1669 03146 5306         JMP L03106
1670 03147 2102 L03147, ISZ P00102
1671 03150 4555         JMS I P00155
1672 03151 1425         TAD I P00025
1673 03152 6201         CDF 0
1674 03153 7041         CIA
1675 03154 1102         TAD P00102
1676 03155 7650         SNA CLA 
1677 03156 5334         JMP L03134
1678 03157 4542         JMS I P00142
1679 03160 1376         TAD D03176
1680 03161 7410         SKP 
1681 03162 5274 P03162, 5274
1682 03163 7344         CLA CLL CMA RAL 
1683 03164 1101         TAD D00101
1684 03165 7041         CIA
1685 03166 4546         JMS I P00146
1686 03167 7640         SZA CLA 
1687 03170 5274         JMP L03074
1688 03171 5775         JMP I P03175
1689 03172 2055 D03172, 2055
1690 03173 0000         AND S00000
1691 03174 0000         AND S00000
1692 03175 4762 P03175, L04762
1693 03176 7773 D03176, 7773
1694 03177 2600 P03177, D02600
1695            
1696                    *3200
1697 03200 4573 P03200, D04573
1698 03201 1117         TAD P00117
1699 03202 4537         JMS I P00137
1700 03203 7001         IAC
1701 03204 5547         JMP I P00147
1702 03205 4540         JMS I P00140
1703 03206 2025         ISZ P00025
1704 03207 5213         JMP L03213
1705 03210 4573         JMS I P00173
1706 03211 1127         TAD P00127
1707 03212 4537         JMS I P00137
1708 03213 4541 L03213, JMS I P00141
1709 03214 7306         CLA CLL RTL 
1710 03215 1102         TAD P00102
1711 03216 7340 L03216, CLA CLL CMA 
1712 03217 4566 D03217, 4566
1713 03220 7650         SNA CLA 
1714 03221 5547         JMP I P00147
1715 03222 1103         TAD P00103
1716 03223 1377         TAD D03377
1717 03224 4543         JMS I P00143
1718 03225 4542         JMS I P00142
1719 03226 1376         TAD P03376
1720 03227 4576         JMS I P00176
1721 03230 4554         JMS I P00154
1722 03231 4776         JMS I P03376
1723 03232 2015         ISZ P00015
1724 03233 4635         JMS I P03235
1725 03234 4546         JMS I P00146
1726 03235 7640 P03235, L07640
1727 03236 5775         JMP I P03375
1728 03237 4515         JMS I P00115
1729 03240 1374         TAD D03374
1730 03241 7450         SNA 
1731 03242 5251         JMP L03251
1732 03243 1117         TAD P00117
1733 03244 4543         JMS I P00143
1734 03245 4573         JMS I P00173
1735 03246 4546         JMS I P00146
1736 03247 4537         JMS I P00137
1737 03250 5303         JMP L03303
1738 03251 7040 L03251, CMA 
1739 03252 3025         DCA P00025
1740 03253 1061         TAD P00061
1741 03254 1373         TAD D03373
1742 03255 1025         TAD P00025
1743 03256 7510         SPA 
1744 03257 5272         JMP L03272
1745 03260 7200         CLA 
1746 03261 6002         IOF
1747 03262 1117         TAD P00117
1748 03263 4772         JMS I P03372
1749 03264 1117         TAD P00117
1750 03265 4772         JMS I P03372
1751 03266 1371         TAD D03371
1752 03267 3061         DCA P00061
1753 03270 6001         ION
1754 03271 7410         SKP 
1755 03272 3025 L03272, DCA P00025
1756 03273 2025 L03273, ISZ P00025
1757 03274 7410         SKP 
1758 03275 5304         JMP L03304
1759 03276 4573         JMS I P00173
1760 03277 1127         TAD P00127
1761 03300 4537         JMS I P00137
1762 03301 5273 D03301, 5273
1763 03302 7340         CLA CLL CMA 
1764 03303 3025 L03303, DCA P00025
1765 03304 4541 L03304, JMS I P00141
1766 03305 7305         CLA CLL RAL IAC
1767 03306 1075         TAD D00075
1768 03307 2025         ISZ P00025
1769 03310 5216         JMP L03216
1770 03311 4554         JMS I P00154
1771 03312 2032         ISZ P00032
1772 03313 4540 L03313, JMS I P00140
1773 03314 4541         JMS I P00141
1774 03315 7310         CLA CLL RAR 
1775 03316 1105         TAD P00105
1776 03317 4573         JMS I P00173
1777 03320 4537         JMS I P00137
1778 03321 5313 D03321, 5313
1779 03322 3032         DCA P00032
1780 03323 4540         JMS I P00140
1781 03324 5303         JMP L03303
1782 03325 4573 L03325, JMS I P00173
1783 03326 1127 L03326, TAD P00127
1784 03327 4537 D03327, 4537
1785 03330 1120         TAD P00120
1786 03331 1061         TAD P00061
1787 03332 1117 L03332, TAD P00117
1788 03333 7510         SPA 
1789 03334 5332         JMP L03332
1790 03335 7640         SZA CLA 
1791 03336 5325 L03336, JMP L03325
1792 03337 4540         JMS I P00140
1793 03340 5213         JMP L03213
1794 03341 0000 S03341, 0000
1795 03342 7450         SNA 
1796 03343 1026         TAD D00026
1797 03344 4772 L03344, JMS I P03372
1798 03345 1012         TAD P00012
1799 03346 1374         TAD D03374
1800 03347 7450         SNA 
1801 03350 5362         JMP L03362
1802 03351 1370         TAD D03370
1803 03352 7510         SPA 
1804 03353 5366         JMP L03366
1805 03354 1135         TAD D00135
1806 03355 7710         SPA CLA 
1807 03356 2061         ISZ P00061
1808 03357 5741         JMP I S03341
1809 03360 1117         TAD P00117
1810 03361 5344         JMP L03344
1811 03362 1125 L03362, TAD P00125
1812 03363 4772         JMS I P03372
1813 03364 1371         TAD D03371
1814 03365 3061         DCA P00061
1815 03366 7200 L03366, CLA 
1816 03367 5741         JMP I S03341
1817 03370 7755 D03370, 7755
1818 03371 7670 D03371, 7670
1819 03372 3400 P03372, S03400
1820 03373 0110 D03373, 0110
1821 03374 7763 D03374, 7763
1822 03375 7530 P03375, L07530
1823 03376 2600 P03376, D02600
1824 03377 7513 D03377, 7513
1825            
1826                    *3400
1827 03400 0000 S03400, 0000
1828 03401 6201         CDF 0
1829 03402 3012         DCA P00012
1830 03403 1034 L03403, TAD D00034
1831 03404 7640         SZA CLA 
1832 03405 5263         JMP L03463
1833 03406 1051         TAD D00051
1834 03407 7640         SZA CLA 
1835 03410 5243         JMP L03443
1836 03411 1132         TAD D00132
1837 03412 0406         AND I P00006
1838 03413 7650         SNA CLA 
1839 03414 5217         JMP L03417
1840 03415 1265         TAD D03465
1841 03416 5221         JMP L03421
1842 03417 1132 L03417, TAD D00132
1843 03420 1035         TAD D00035
1844 03421 3234 L03421, DCA D03434
1845 03422 1036         TAD D00036
1846 03423 7160         CLL CML CMA 
1847 03424 3104         DCA P00104
1848 03425 7410         SKP 
1849 03426 7010 L03426, RAR 
1850 03427 2104         ISZ P00104
1851 03430 5226         JMP L03426
1852 03431 6117 D03431, 6117
1853 03432 7200         CLA 
1854 03433 1012         TAD P00012
1855 03434 7402 D03434, 7402
1856 03435 3051         DCA D00051
1857 03436 1642 D03436, 1642
1858 03437 6117 D03437, 6117
1859 03440 7200         CLA 
1860 03441 5263         JMP L03463
1861 03442 5360 P03442, D05360
1862 03443 4555 L03443, JMS I P00155
1863 03444 1447         TAD I P00047
1864 03445 7640         SZA CLA 
1865 03446 4351         JMS S03551
1866 03447 4555         JMS I P00155
1867 03450 1012         TAD P00012
1868 03451 3447         DCA I P00047
1869 03452 2047         ISZ P00047
1870 03453 1047         TAD P00047
1871 03454 7041         CIA
1872 03455 1046         TAD D00046
1873 03456 7640         SZA CLA 
1874 03457 5263         JMP L03463
1875 03460 1046         TAD D00046
1876 03461 1133         TAD D00133
1877 03462 3047         DCA P00047
1878 03463 6201 L03463, CDF 0
1879 03464 5600         JMP I S03400
1880 03465 6026 D03465, 6026
1881 03466 0000 S03466, 0000
1882 03467 1030         TAD P00030
1883 03470 7710         SPA CLA 
1884 03471 5325         JMP L03525
1885 03472 4555         JMS I P00155
1886 03473 1057         TAD P00057
1887 03474 3031         DCA P00031
1888 03475 1057         TAD P00057
1889 03476 3027 L03476, DCA P00027
1890 03477 1027         TAD P00027
1891 03500 3012 D03500, 3012
1892 03501 1030         TAD P00030
1893 03502 7041         CIA
1894 03503 1412         TAD I P00012
1895 03504 7450         SNA 
1896 03505 5316         JMP L03516
1897 03506 7700         SMA CLA 
1898 03507 5317         JMP L03517
1899 03510 1027         TAD P00027
1900 03511 3031         DCA P00031
1901 03512 1427         TAD I P00027
1902 03513 7440         SZA 
1903 03514 5276         JMP L03476
1904 03515 7410         SKP 
1905 03516 2266 L03516, ISZ S03466
1906 03517 1027 L03517, TAD P00027
1907 03520 7001         IAC
1908 03521 3017         DCA P00017
1909 03522 3021         DCA P00021
1910 03523 6201         CDF 0
1911 03524 5666         JMP I S03466
1912 03525 7340 L03525, CLA CLL CMA 
1913 03526 1060         TAD L00060
1914 03527 3027         DCA P00027
1915 03530 5316         JMP L03516
1916 03531 0000 D03531, 0000
1917 03532 6002         IOF
1918 03533 7200         CLA 
1919 03534 6201 L03534, CDF 0
1920 03535 1121         TAD P00121
1921 03536 3351         DCA S03551
1922 03537 1331 L03537, TAD D03531
1923 03540 7110         CLL RAR 
1924 03541 3123         DCA D00123
1925 03542 7350         CLA CLL CMA RAR 
1926 03543 0406         AND I P00006
1927 03544 3406         DCA I P00006
1928 03545 1350         TAD D03550
1929 03546 3022         DCA D00022
1930 03547 5751         JMP I S03551
1931 03550 0412 D03550, 0412
1932 03551 0000 S03551, 0000
1933 03552 7340         CLA CLL CMA 
1934 03553 1133         TAD D00133
1935 03554 1046         TAD D00046
1936 03555 3012         DCA P00012
1937 03556 1133         TAD D00133
1938 03557 3104         DCA P00104
1939 03560 4555 L03560, JMS I P00155
1940 03561 3412 L03561, DCA I P00012
1941 03562 2104         ISZ P00104
1942 03563 5361         JMP L03561
1943 03564 6201         CDF 0
1944 03565 1047         TAD P00047
1945 03566 3050         DCA P00050
1946 03567 1351         TAD S03551
1947 03570 3331         DCA D03531
1948 03571 1112         TAD P00112
1949 03572 7041         CIA
1950 03573 1006         TAD P00006
1951 03574 7650         SNA CLA 
1952 03575 5334         JMP L03534
1953 03576 5337         JMP L03537
1954            
1955                    *3600
1956 03600 0000 S03600, 0000
1957 03601 4541         JMS I P00141
1958 03602 6761         6761
1959 03603 1444         TAD I P00044
1960 03604 4542         JMS I P00142
1961 03605 1771         TAD I P03771
1962 03606 5270         JMP L03670
1963 03607 1026         TAD D00026
1964 03610 1133         TAD D00133
1965 03611 2024 L03611, ISZ D00024
1966 03612 5232         JMP L03632
1967 03613 1023         TAD P00023
1968 03614 4555         JMS I P00155
1969 03615 3416         DCA I P00016
1970 03616 6201         CDF 0
1971 03617 3023         DCA P00023
1972 03620 1453         TAD I P00053
1973 03621 1126         TAD D00126
1974 03622 7141         CLL CIA
1975 03623 1016         TAD P00016
1976 03624 7630         SZL CLA 
1977 03625 4554         JMS I P00154
1978 03626 5600 D03626, 5600
1979 03627 1266 D03627, 1266
1980 03630 1127         TAD P00127
1981 03631 5211         JMP L03611
1982 03632 4556 L03632, JMS I P00156
1983 03633 3023         DCA P00023
1984 03634 7340         CLA CLL CMA 
1985 03635 3024 L03635, DCA D00024
1986 03636 5600         JMP I S03600
1987 03637 2024         ISZ D00024
1988 03640 5245         JMP L03645
1989 03641 3023 L03641, DCA P00023
1990 03642 1122         TAD P00122
1991 03643 4537         JMS I P00137
1992 03644 5600         JMP I S03600
1993 03645 1052 L03645, TAD D00052
1994 03646 7041         CIA
1995 03647 1016         TAD P00016
1996 03650 7650         SNA CLA 
1997 03651 5600         JMP I S03600
1998 03652 1016         TAD P00016
1999 03653 3104         DCA P00104
2000 03654 7340         CLA CLL CMA 
2001 03655 3024         DCA D00024
2002 03656 7340         CLA CLL CMA 
2003 03657 1016         TAD P00016
2004 03660 3016         DCA P00016
2005 03661 4555         JMS I P00155
2006 03662 1504         TAD I P00104
2007 03663 0135         AND D00135
2008 03664 5241         JMP L03641
2009 03665 0400 P03665, S00400
2010 03666 0037 D03666, 0037
2011 03667 0044 D03667, 0044
2012 03670 4545 L03670, JMS I P00145
2013 03671 0017         AND P00017
2014 03672 1200         TAD S03600
2015 03673 4543         JMS I P00143
2016 03674 4572         JMS I P00172
2017 03675 1267         TAD D03667
2018 03676 4537         JMS I P00137
2019 03677 1127         TAD P00127
2020 03700 4537         JMS I P00137
2021 03701 1120         TAD P00120
2022 03702 4665         JMS I P03665
2023 03703 4540         JMS I P00140
2024 03704 4537         JMS I P00137
2025 03705 4540         JMS I P00140
2026 03706 4537         JMS I P00137
2027 03707 4546         JMS I P00146
2028 03710 3200         DCA S03600
2029 03711 1052         TAD D00052
2030 03712 3016         DCA P00016
2031 03713 4550         JMS I P00150
2032 03714 0017         AND P00017
2033 03715 3026         DCA D00026
2034 03716 5235         JMP L03635
2035 03717 0000 S03717, 0000
2036 03720 4555 L03720, JMS I P00155
2037 03721 1445         TAD I P00045
2038 03722 3026         DCA D00026
2039 03723 3445         DCA I P00045
2040 03724 6201 D03724, 6201
2041 03725 1026         TAD D00026
2042 03726 7650         SNA CLA 
2043 03727 5370         JMP L03770
2044 03730 2045         ISZ P00045
2045 03731 1045         TAD P00045
2046 03732 7041         CIA
2047 03733 1127         TAD P00127
2048 03734 1046         TAD D00046
2049 03735 7640         SZA CLA 
2050 03736 5341         JMP L03741
2051 03737 1046         TAD D00046
2052 03740 3045         DCA P00045
2053 03741 5717 L03741, JMP I S03717
2054 03742 7740         SZA SMA CLA 
2055 03743 7710         SPA CLA 
2056 03744 7650         SNA CLA 
2057 03745 7700         SMA CLA 
2058 03746 7750         SNA SPA CLA 
2059 03747 7640         SZA CLA 
2060 03750 0000 S03750, 0000
2061 03751 4555         JMS I P00155
2062 03752 1415         TAD I P00015
2063 03753 6201         CDF 0
2064 03754 5750         JMP I S03750
2065 03755 0000 S03755, 0000
2066 03756 1101         TAD D00101
2067 03757 1134         TAD D00134
2068 03760 7710         SPA CLA 
2069 03761 5755         JMP I S03755
2070 03762 1101         TAD D00101
2071 03763 1131         TAD P00131
2072 03764 7710         SPA CLA 
2073 03765 2355         ISZ S03755
2074 03766 5755         JMP I S03755
2075 03767 0020 D03767, 0020
2076 03770 7340 L03770, CLA CLL CMA 
2077 03771 1317 P03771, L01317
2078 03772 3022         DCA D00022
2079 03773 1512         TAD I P00112
2080 03774 0367         AND D03767
2081 03775 7640         SZA CLA 
2082 03776 6014         RFC 
2083 03777 1512         TAD I P00112
2084            
2085                    *4000
2086 04000 4777 L04000, JMS I P04177
2087 04001 4000         JMS S00000
2088 04002 0000 S04002, 0000
2089 04003 7340         CLA CLL CMA 
2090 04004 1602         TAD I S04002
2091 04005 3012         DCA P00012
2092 04006 7346         CLA CLL CMA RTL 
2093 04007 3104         DCA P00104
2094 04010 4546 L04010, JMS I P00146
2095 04011 3412         DCA I P00012
2096 04012 2104         ISZ P00104
2097 04013 5210         JMP L04010
2098 04014 2202         ISZ S04002
2099 04015 5602         JMP I S04002
2100 04016 0000 S04016, 0000
2101 04017 1026 D04017, 1026
2102 04020 1236         TAD D04036
2103 04021 3101         DCA D00101
2104 04022 7326         CLA CLL CML RTL 
2105 04023 1101 D04023, 1101
2106 04024 7450         SNA 
2107 04025 5616         JMP I S04016
2108 04026 2216         ISZ S04016
2109 04027 1237         TAD D04037
2110 04030 7740         SZA SMA CLA 
2111 04031 5616         JMP I S04016
2112 04032 1101         TAD D00101
2113 04033 7700         SMA CLA 
2114 04034 2216         ISZ S04016
2115 04035 5616         JMP I S04016
2116 04036 7720 D04036, 7720
2117 04037 7765 D04037, 7765
2118 04040 0000 S04040, 0000
2119 04041 2021 L04041, ISZ P00021
2120 04042 5253         JMP L04053
2121 04043 1020         TAD D00020
2122 04044 0130 L04044, AND P00130
2123 04045 1127         TAD P00127
2124 04046 3026         DCA D00026
2125 04047 4541         JMS I P00141
2126 04050 2175 D04050, 2175
2127 04051 6202         CIF 0
2128 04052 5640         JMP I S04040
2129 04053 4555 L04053, JMS I P00155
2130 04054 1417         TAD I P00017
2131 04055 6201         CDF 0
2132 04056 3020         DCA D00020
2133 04057 7340         CLA CLL CMA 
2134 04060 3021         DCA P00021
2135 04061 1020         TAD D00020
2136 04062 4556         JMS I P00156
2137 04063 7004         RAL 
2138 04064 5244         JMP L04044
2139 04065 1032         TAD P00032
2140 04066 7640         SZA CLA 
2141 04067 5640         JMP I S04040
2142 04070 5241 D04070, 5241
2143 04071 1120         TAD P00120
2144 04072 3026 L04072, DCA D00026
2145 04073 5640         JMP I S04040
2146 04074 1117         TAD P00117
2147 04075 5272         JMP L04072
2148 04076 0000 S04076, 0000
2149 04077 7610         SKP CLA 
2150 04100 4540 L04100, JMS I P00140
2151 04101 1026         TAD D00026
2152 04102 1327         TAD D04127
2153 04103 7650         SNA CLA 
2154 04104 5321         JMP L04121
2155 04105 4563         JMS I P00163
2156 04106 5300         JMP L04100
2157 04107 4555         JMS I P00155
2158 04110 1427         TAD I P00027
2159 04111 7450         SNA 
2160 04112 5322         JMP L04122
2161 04113 3027         DCA P00027
2162 04114 1027         TAD P00027
2163 04115 3017         DCA P00017
2164 04116 3021 L04116, DCA P00021
2165 04117 1417         TAD I P00017
2166 04120 3030         DCA P00030
2167 04121 2276 L04121, ISZ S04076
2168 04122 6201 L04122, CDF 0
2169 04123 5676         JMP I S04076
2170 04124 0000 S04124, 0000
2171 04125 3030         DCA P00030
2172 04126 4571         JMS I P00171
2173 04127 7644 D04127, 7644
2174 04130 4570 L04130, JMS I P00170
2175 04131 5341         JMP L04141
2176 04132 4540         JMS I P00140
2177 04133 4566         JMS I P00166
2178 04134 1724         TAD I S04124
2179 04135 7640         SZA CLA 
2180 04136 5330         JMP L04130
2181 04137 2324         ISZ S04124
2182 04140 1030         TAD P00030
2183 04141 2324 L04141, ISZ S04124
2184 04142 5724         JMP I S04124
2185 04143 0000 S04143, 0000
2186 04144 6002         IOF
2187 04145 4553         JMS I P00153
2188 04146 6001         ION
2189 04147 5743         JMP I S04143
2190 04150 4550 L04150, JMS I P00150
2191 04151 6725         6725
2192 04152 3032         DCA P00032
2193 04153 4545         JMS I P00145
2194 04154 0017         AND P00017
2195 04155 4540 L04155, JMS I P00140
2196 04156 4575         JMS I P00175
2197 04157 5355         JMP L04155
2198 04160 4563         JMS I P00163
2199 04161 5350         JMP L04150
2200 04162 4550         JMS I P00150
2201 04163 0017         AND P00017
2202 04164 4540         JMS I P00140
2203 04165 4566         JMS I P00166
2204 04166 7001         IAC
2205 04167 5547         JMP I P00147
2206 04170 0425         AND I P00025
2207 04171 1425         TAD I P00025
2208 04172 2425         ISZ I P00025
2209 04173 3425         DCA I P00025
2210 04174 4425         JMS I P00025
2211 04175 5000 D04175, 5000
2212            
2213                    *4177
2214 04177 6550 P04177, P06550
2215            
2216                    *4200
2217 04200 0000 S04200, 0000
2218 04201 1377         TAD D04377
2219 04202 1026 L04202, TAD D00026
2220 04203 7650         SNA CLA 
2221 04204 2200         ISZ S04200
2222 04205 5600         JMP I S04200
2223 04206 0000 D04206, 0000
2224 04207 1206         TAD D04206
2225 04210 3200 L04210, DCA S04200
2226 04211 1376         TAD D04376
2227 04212 5202 P04212, D05202
2228 04213 0000 D04213, 0000
2229 04214 1375         TAD D04375
2230 04215 1026         TAD D00026
2231 04216 7450         SNA 
2232 04217 2213         ISZ D04213
2233 04220 1374         TAD D04374
2234 04221 7650         SNA CLA 
2235 04222 7001         IAC
2236 04223 1213         TAD D04213
2237 04224 5210         JMP L04210
2238 04225 0000 S04225, 0000
2239 04226 1026         TAD D00026
2240 04227 1373         TAD D04373
2241 04230 7710         SPA CLA 
2242 04231 5625         JMP I S04225
2243 04232 1026         TAD D00026
2244 04233 1372         TAD D04372
2245 04234 7750         SNA SPA CLA 
2246 04235 2225         ISZ S04225
2247 04236 5625         JMP I S04225
2248 04237 0000 S04237, 0000
2249 04240 4542         JMS I P00142
2250 04241 1376         TAD D04376
2251 04242 5637         JMP I S04237
2252 04243 2237         ISZ S04237
2253 04244 4557         JMS I P00157
2254 04245 5637         JMP I S04237
2255 04246 7410         SKP 
2256 04247 5637 L04247, JMP I S04237
2257 04250 2237         ISZ S04237
2258 04251 4565         JMS I P00165
2259 04252 2237         ISZ S04237
2260 04253 5637         JMP I S04237
2261 04254 4562         JMS I P00162
2262 04255 4575         JMS I P00175
2263 04256 4554 D04256, 4554
2264 04257 7340 L04257, CLA CLL CMA 
2265 04260 1017         TAD P00017
2266 04261 4543         JMS I P00143
2267 04262 1062         TAD P00062
2268 04263 4543         JMS I P00143
2269 04264 1371         TAD D04371
2270 04265 4543         JMS I P00143
2271 04266 5770         JMP I P04370
2272 04267 4544         JMS I P00144
2273 04270 2612         ISZ I P04212
2274 04271 4566         JMS I P00166
2275 04272 1120         TAD P00120
2276 04273 7450         SNA 
2277 04274 5301         JMP L04301
2278 04275 1367         TAD D04367
2279 04276 7640         SZA CLA 
2280 04277 4554 L04277, JMS I P00154
2281 04300 7340         CLA CLL CMA 
2282 04301 3103 L04301, DCA P00103
2283 04302 4515         JMS I P00115
2284 04303 7570         SNA SPA SZL 
2285 04304 5333         JMP L04333
2286 04305 7041         CIA
2287 04306 3102         DCA P00102
2288 04307 4562 L04307, JMS I P00162
2289 04310 2102         ISZ P00102
2290 04311 5314         JMP L04314
2291 04312 1030         TAD P00030
2292 04313 4543         JMS I P00143
2293 04314 4564 L04314, JMS I P00164
2294 04315 5320         JMP L04320
2295 04316 4540         JMS I P00140
2296 04317 5307         JMP L04307
2297 04320 4575 L04320, JMS I P00175
2298 04321 5277         JMP L04277
2299 04322 1102         TAD P00102
2300 04323 7710         SPA CLA 
2301 04324 5333         JMP L04333
2302 04325 4546         JMS I P00146
2303 04326 3030         DCA P00030
2304 04327 1030         TAD P00030
2305 04330 2103 D04330, 2103
2306 04331 5547         JMP I P00147
2307 04332 5257         JMP L04257
2308 04333 1062 L04333, TAD P00062
2309 04334 3030         DCA P00030
2310 04335 5547         JMP I P00147
2311 04336 4407 D04336, 4407
2312 04337 6110         6110
2313 04340 5351         JMP L04351
2314 04341 7766         SZA SMA SNL CLA OSR HLT
2315 04342 1357         TAD D04357
2316 04343 6766         6766
2317 04344 6050         6050
2318 04345 2354         ISZ L04354
2319 04346 1766         TAD I P04366
2320 04347 6000         IOT
2321 04350 4407         JMS I P00007
2322 04351 1357 L04351, TAD D04357
2323 04352 0000         AND S00000
2324 04353 5547         JMP I P00147
2325 04354 2014 L04354, ISZ P00014
2326 04355 0000         AND S00000
2327 04356 0000         AND S00000
2328 04357 2330 D04357, 2330
2329 04360 0000         AND S00000
2330 04361 0000         AND S00000
2331 04362 1062 L04362, TAD P00062
2332 04363 7740         SZA SMA CLA 
2333 04364 4554         JMS I P00154
2334 04365 4554         JMS I P00154
2335 04366 6730 P04366, D06730
2336 04367 0004 D04367, 0004
2337 04370 2552 P04370, L02552
2338 04371 2461 D04371, 2461
2339 04372 7646 D04372, 7646
2340 04373 7677 D04373, 7677
2341 04374 0065 D04374, 0065
2342 04375 7644 D04375, 7644
2343 04376 7763 D04376, 7763
2344 04377 7724 D04377, 7724
2345            
2346                    *4400
2347 04400 4565 P04400, D04565
2348 04401 4554         JMS I P00154
2349 04402 1026         TAD D00026
2350 04403 0216         AND D04416
2351 04404 4556         JMS I P00156
2352 04405 7010 P04405, L07010
2353 04406 3023         DCA P00023
2354 04407 4540         JMS I P00140
2355 04410 4560         JMS I P00160
2356 04411 5323 P04411, D05323
2357 04412 5215         JMP L04415
2358 04413 5721         JMP I P04521
2359 04414 5230 P04414, 5230
2360 04415 4557 L04415, JMS I P00157
2361 04416 0037 D04416, 0037
2362 04417 5230         JMP L04430
2363 04420 1026         TAD D00026
2364 04421 0216         AND D04416
2365 04422 1023         TAD P00023
2366 04423 3023         DCA P00023
2367 04424 4540         JMS I P00140
2368 04425 4542         JMS I P00142
2369 04426 1376         TAD D04576
2370 04427 5323         JMP L04523
2371 04430 4555 L04430, JMS I P00155
2372 04431 1055         TAD P00055
2373 04432 3025 L04432, DCA P00025
2374 04433 1054         TAD P00054
2375 04434 7041         CIA
2376 04435 1025         TAD P00025
2377 04436 7650         SNA CLA 
2378 04437 5260         JMP L04460
2379 04440 1425         TAD I P00025
2380 04441 7141         CLL CIA
2381 04442 1023         TAD P00023
2382 04443 7450         SNA 
2383 04444 5372         JMP L04572
2384 04445 7420         SNL 
2385 04446 7041         CIA
2386 04447 7106         CLL RTL 
2387 04450 7650         SNA CLA 
2388 04451 4554         JMS I P00154
2389 04452 1425         TAD I P00025
2390 04453 7710         SPA CLA 
2391 04454 7340         CLA CLL CMA 
2392 04455 1136 L04455, TAD P00136
2393 04456 1025         TAD P00025
2394 04457 5232         JMP L04432
2395 04460 1120 L04460, TAD P00120
2396 04461 1055         TAD P00055
2397 04462 7141         CLL CIA
2398 04463 1015         TAD P00015
2399 04464 7630         SZL CLA 
2400 04465 5271         JMP L04471
2401 04466 1054 L04466, TAD P00054
2402 04467 3055         DCA P00055
2403 04470 4554         JMS I P00154
2404 04471 7307 L04471, CLA CLL RTL IAC
2405 04472 1055         TAD P00055
2406 04473 3025         DCA P00025
2407 04474 1023         TAD P00023
2408 04475 7700         SMA CLA 
2409 04476 5302         JMP L04502
2410 04477 1024         TAD D00024
2411 04500 3425         DCA I P00025
2412 04501 2025         ISZ P00025
2413 04502 1023 L04502, TAD P00023
2414 04503 3425         DCA I P00025
2415 04504 6201         CDF 0
2416 04505 1025         TAD P00025
2417 04506 4543         JMS I P00143
2418 04507 7301         CLA CLL IAC
2419 04510 1055         TAD P00055
2420 04511 3025         DCA P00025
2421 04512 4546         JMS I P00146
2422 04513 3055         DCA P00055
2423 04514 4552         JMS I P00152
2424 04515 7300 D04515, 7300
2425 04516 5717         JMP I P04517
2426 04517 4611 P04517, P04611
2427 04520 7640 P04520, L07640
2428 04521 4614 P04521, L04614
2429 04522 2600 P04522, D02600
2430 04523 4576 L04523, JMS I P00176
2431 04524 5230         JMP L04430
2432 04525 1023         TAD P00023
2433 04526 3105         DCA P00105
2434 04527 4722         JMS I P04522
2435 04530 7330         CLA CLL CML RAR 
2436 04531 4546         JMS I P00146
2437 04532 3023         DCA P00023
2438 04533 4515         JMS I P00115
2439 04534 7530         SPA SZL 
2440 04535 4554 L04535, JMS I P00154
2441 04536 3024         DCA D00024
2442 04537 4564 D04537, 4564
2443 04540 5367 D04540, 5367
2444 04541 4545         JMS I P00145
2445 04542 0023         AND P00023
2446 04543 4544 D04543, 4544
2447 04544 2611 D04544, 2611
2448 04545 4550         JMS I P00150
2449 04546 0023         AND P00023
2450 04547 4515         JMS I P00115
2451 04550 0135         AND D00135
2452 04551 7010 D04551, 7010
2453 04552 7640         SZA CLA 
2454 04553 5335         JMP L04535
2455 04554 1024         TAD D00024
2456 04555 0135         AND D00135
2457 04556 7640         SZA CLA 
2458 04557 5335         JMP L04535
2459 04560 1024         TAD D00024
2460 04561 4556         JMS I P00156
2461 04562 1072         TAD P00072
2462 04563 3024         DCA D00024
2463 04564 7332         CLA CLL CML RTR 
2464 04565 1023 D04565, 1023
2465 04566 3023         DCA P00023
2466 04567 4720 L04567, JMS I P04520
2467 04570 5230         JMP L04430
2468 04571 4605 P04571, L04605
2469 04572 1023 L04572, TAD P00023
2470 04573 7700 D04573, 7700
2471 04574 5771         JMP I P04571
2472 04575 7340         CLA CLL CMA 
2473 04576 1025 D04576, 1025
2474 04577 3025         DCA P00025
2475            
2476                    *4600
2477 04600 1425 L04600, TAD I P00025
2478 04601 7041         CIA
2479 04602 1024         TAD D00024
2480 04603 7640         SZA CLA 
2481 04604 5666         JMP I P04666
2482 04605 6201 L04605, CDF 0
2483 04606 7346         CLA CLL CMA RTL 
2484 04607 1025         TAD P00025
2485 04610 3025         DCA P00025
2486 04611 4551 P04611, D04551
2487 04612 6725         6725
2488 04613 5547         JMP I P00147
2489 04614 1026 L04614, TAD D00026
2490 04615 0260         AND D04660
2491 04616 1023         TAD P00023
2492 04617 4542         JMS I P00142
2493 04620 1075         TAD D00075
2494 04621 7410         SKP 
2495 04622 5667         JMP I P04667
2496 04623 1101         TAD D00101
2497 04624 7650         SNA CLA 
2498 04625 5271         JMP L04671
2499 04626 4545         JMS I P00145
2500 04627 0017         AND P00017
2501 04630 1026         TAD D00026
2502 04631 4543         JMS I P00143
2503 04632 4540         JMS I P00140
2504 04633 1026         TAD D00026
2505 04634 3025         DCA P00025
2506 04635 4546         JMS I P00146
2507 04636 3026         DCA D00026
2508 04637 4550         JMS I P00150
2509 04640 0017         AND P00017
2510 04641 1101         TAD D00101
2511 04642 1270         TAD D04670
2512 04643 3104         DCA P00104
2513 04644 6201         CDF 1
2514 04645 1504         TAD I P00104
2515 04646 6201         CDF 0
2516 04647 1025         TAD P00025
2517 04650 7640         SZA CLA 
2518 04651 5667         JMP I P04667
2519 04652 1101         TAD D00101
2520 04653 4543         JMS I P00143
2521 04654 4540         JMS I P00140
2522 04655 4540 L04655, JMS I P00140
2523 04656 4542         JMS I P00142
2524 04657 1376         TAD D04776
2525 04660 0037 D04660, 0037
2526 04661 4576         JMS I P00176
2527 04662 4554         JMS I P00154
2528 04663 4546         JMS I P00146
2529 04664 7001         IAC
2530 04665 5547         JMP I P00147
2531 04666 4455 P04666, L04455
2532 04667 4430 P04667, L04430
2533 04670 0432 D04670, 0432
2534 04671 4540 L04671, JMS I P00140
2535 04672 4565         JMS I P00165
2536 04673 4554         JMS I P00154
2537 04674 7350         CLA CLL CMA RAR 
2538 04675 1026         TAD D00026
2539 04676 4543         JMS I P00143
2540 04677 5255         JMP L04655
2541 04700 0000 S04700, 0000
2542 04701 7450         SNA 
2543 04702 1026         TAD D00026
2544 04703 7041         CIA
2545 04704 3104         DCA P00104
2546 04705 1700         TAD I S04700
2547 04706 3012         DCA P00012
2548 04707 0000 L04707, AND S00000
2549 04710 1412         TAD I P00012
2550 04711 6201         CDF 0
2551 04712 7510         SPA 
2552 04713 5324         JMP L04724
2553 04714 1104         TAD P00104
2554 04715 7640         SZA CLA 
2555 04716 5307         JMP L04707
2556 04717 1700         TAD I S04700
2557 04720 7040         CMA 
2558 04721 1012         TAD P00012
2559 04722 3101         DCA D00101
2560 04723 7410         SKP 
2561 04724 2300 L04724, ISZ S04700
2562 04725 2300         ISZ S04700
2563 04726 7300         CLA CLL 
2564 04727 3307         DCA L04707
2565 04730 5700         JMP I S04700
2566 04731 0000 S04731, 0000
2567 04732 7450         SNA 
2568 04733 1026         TAD D00026
2569 04734 7041         CIA
2570 04735 3104         DCA P00104
2571 04736 1731         TAD I S04731
2572 04737 3012         DCA P00012
2573 04740 2331         ISZ S04731
2574 04741 1412 L04741, TAD I P00012
2575 04742 7510         SPA 
2576 04743 5356         JMP L04756
2577 04744 1104         TAD P00104
2578 04745 7640         SZA CLA 
2579 04746 5341         JMP L04741
2580 04747 1012         TAD P00012
2581 04750 1731         TAD I S04731
2582 04751 3331         DCA S04731
2583 04752 6201         CDF 1
2584 04753 1731         TAD I S04731
2585 04754 6201         CDF 0
2586 04755 3331         DCA S04731
2587 04756 7300 L04756, CLA CLL 
2588 04757 2331         ISZ S04731
2589 04760 5731         JMP I S04731
2590 04761 7703 D04761, 7703
2591 04762 4540 L04762, JMS I P00140
2592 04763 1026         TAD D00026
2593 04764 1361         TAD D04761
2594 04765 7640         SZA CLA 
2595 04766 4554 L04766, JMS I P00154
2596 04767 4544         JMS I P00144
2597 04770 2611         ISZ I P04611
2598 04771 4575         JMS I P00175
2599 04772 5366         JMP L04766
2600 04773 4546         JMS I P00146
2601 04774 3062         DCA P00062
2602 04775 1062         TAD P00062
2603 04776 3030 D04776, 3030
2604 04777 4571         JMS I P00171
2605            
2606                    *5000
2607 05000 2600 P05000, D02600
2608 05001 4546 D05001, 4546
2609 05002 3055         DCA P00055
2610 05003 4546         JMS I P00146
2611 05004 3101         DCA D00101
2612 05005 4550         JMS I P00150
2613 05006 0017         AND P00017
2614 05007 5227         JMP L05027
2615 05010 3000 P05010, P03000
2616 05011 0511 D05011, 0511
2617 05012 3105 L05012, DCA P00105
2618 05013 4600         JMS I P05000
2619 05014 4546         JMS I P00146
2620 05015 7510         SPA 
2621 05016 5610         JMP I P05010
2622 05017 1211         TAD D05011
2623 05020 3105         DCA P00105
2624 05021 6201         CDF 1
2625 05022 1505         TAD I P00105
2626 05023 6201         CDF 0
2627 05024 3226         DCA D05026
2628 05025 4544         JMS I P00144
2629 05026 0000 D05026, 0000
2630 05027 4407 L05027, JMS I P00007
2631 05030 6010         6010
2632 05031 7514         SPA OSR 
2633 05032 0000         AND S00000
2634 05033 1114         TAD P00114
2635 05034 3025         DCA P00025
2636 05035 4637         JMS I P05037
2637 05036 5640         JMP I P05040
2638 05037 7640 P05037, L07640
2639 05040 2644 P05040, L02644
2640 05041 4575         JMS I P00175
2641 05042 4554         JMS I P00154
2642 05043 3037         DCA D00037
2643 05044 1117 P05044, D01117
2644 05045 3043         DCA D00043
2645 05046 5547         JMP I P00147
2646 05047 4407         JMS I P00007
2647 05050 6100         6100
2648 05051 0262         AND D05062
2649 05052 6150         6150
2650 05053 0660         AND I P05060
2651 05054 0000         AND S00000
2652 05055 5547         JMP I P00147
2653 05056 4357 P05056, D04357
2654 05057 6730 P05057, D06730
2655 05060 4354 P05060, L04354
2656 05061 3172 P05061, D03172
2657 05062 6014 D05062, 6014
2658 05063 0000         AND S00000
2659 05064 0000         AND S00000
2660 05065 7657 L05065, 7657
2661 05066 0425         AND I P00025
2662 05067 1656         TAD I P05056
2663 05070 6425         6425
2664 05071 6050         6050
2665 05072 5330         JMP L05130
2666 05073 0425         AND I P00025
2667 05074 6100         6100
2668 05075 3262         DCA D05062
2669 05076 2661         ISZ I P05061
2670 05077 6150         6150
2671 05100 5330         JMP L05130
2672 05101 0425         AND I P00025
2673 05102 6110         6110
2674 05103 5310         JMP L05110
2675 05104 0660         AND I P05060
2676 05105 4657         JMS I P05057
2677 05106 7657         7657
2678 05107 0425         AND I P00025
2679 05110 0000 L05110, AND S00000
2680 05111 4515 P05111, D04515
2681 05112 7510         SPA 
2682 05113 7041         CIA
2683 05114 7040         CMA 
2684 05115 3344         DCA D05144
2685 05116 4407 L05116, JMS I P00007
2686 05117 0660         AND I P05060
2687 05120 0000         AND S00000
2688 05121 5325         JMP L05125
2689 05122 4407 L05122, JMS I P00007
2690 05123 3657         DCA I P05057
2691 05124 0000         AND S00000
2692 05125 2344 L05125, ISZ D05144
2693 05126 5322         JMP L05122
2694 05127 5341         JMP L05141
2695 05130 0657 L05130, AND I P05057
2696 05131 0000         AND S00000
2697 05132 4544         JMS I P00144
2698 05133 7314         CLA CLL RAL RAR 
2699 05134 4407         JMS I P00007
2700 05135 3425         DCA I P00025
2701 05136 0000         AND S00000
2702 05137 4544         JMS I P00144
2703 05140 7200         CLA 
2704 05141 4407 L05141, JMS I P00007
2705 05142 5743         JMP I P05143
2706 05143 2711 P05143, L02711
2707 05144 0000 D05144, 0000
2708 05145 0000 S05145, 0000
2709 05146 7440         SZA 
2710 05147 5352         JMP L05152
2711 05150 7340         CLA CLL CMA 
2712 05151 1025         TAD P00025
2713 05152 3013 L05152, DCA P00013
2714 05153 7340         CLA CLL CMA 
2715 05154 1745         TAD I S05145
2716 05155 3014         DCA P00014
2717 05156 7346         CLA CLL CMA RTL 
2718 05157 3104         DCA P00104
2719 05160 4555 L05160, JMS I P00155
2720 05161 1413         TAD I P00013
2721 05162 6201         CDF 0
2722 05163 3414         DCA I P00014
2723 05164 2104         ISZ P00104
2724 05165 5360         JMP L05160
2725 05166 2345         ISZ S05145
2726 05167 5745         JMP I S05145
2727 05170 6046 L05170, TLS
2728 05171 6126         6126
2729 05172 6126         6126
2730 05173 6126         6126
2731 05174 6126         6126
2732 05175 6126         6126
2733 05176 6126         6126
2734 05177 6126         6126
2735            
2736                    *5200
2737 05200 5362 P05200, L05362
2738 05201 3350 L05201, DCA D05350
2739 05202 7010 D05202, 7010
2740 05203 3351 L05203, DCA D05351
2741 05204 1104         TAD P00104
2742 05205 3352         DCA D05352
2743 05206 1012 P05206, P01012
2744 05207 3353         DCA D05353
2745 05210 1101         TAD D00101
2746 05211 3354         DCA D05354
2747 05212 1555         TAD I P00155
2748 05213 3355 L05213, DCA D05355
2749 05214 1542         TAD I P00142
2750 05215 3361         DCA D05361
2751 05216 1777         TAD I P05377
2752 05217 3346         DCA D05346
2753 05220 3777         DCA I P05377
2754 05221 1776         TAD I P05376
2755 05222 3356 D05222, 3356
2756 05223 3003 L05223, DCA P00003
2757 05224 6011         RSF 
2758 05225 5237         JMP L05237
2759 05226 6012         RRB 
2760 05227 3005         DCA P00005
2761 05230 4775         JMS I P05375
2762 05231 5237         JMP L05237
2763 05232 4774         JMS I P05374
2764 05233 1373         TAD D05373
2765 05234 3772         DCA I P05372
2766 05235 1005 D05235, 1005
2767 05236 5737         JMP I P05337
2768 05237 6021 L05237, 6021
2769 05240 5245         JMP L05245
2770 05241 6022         6022
2771 05242 4771         JMS I P05371
2772 05243 5311         JMP L05311
2773 05244 4770         JMS I P05370
2774 05245 3005 L05245, DCA P00005
2775 05246 1367         TAD D05367
2776 05247 3347         DCA P05347
2777 05250 1747 L05250, TAD I P05347
2778 05251 1136         TAD P00136
2779 05252 3277         DCA D05277
2780 05253 7340         CLA CLL CMA 
2781 05254 1277         TAD D05277
2782 05255 3275         DCA D05275
2783 05256 1131         TAD P00131
2784 05257 1275         TAD D05275
2785 05260 3264         DCA D05264
2786 05261 1005         TAD P00005
2787 05262 6117 D05262, 6117
2788 05263 7200         CLA 
2789 05264 7402 D05264, 7402
2790 05265 7610         SKP CLA 
2791 05266 4772         JMS I P05372
2792 05267 1005         TAD P00005
2793 05270 6117 D05270, 6117
2794 05271 7110         CLL RAR 
2795 05272 7450         SNA 
2796 05273 7330 D05273, 7330
2797 05274 3005         DCA P00005
2798 05275 7402 D05275, 7402
2799 05276 5301         JMP L05301
2800 05277 7402 D05277, 7402
2801 05300 4770         JMS I P05370
2802 05301 2003 L05301, ISZ P00003
2803 05302 2347         ISZ P05347
2804 05303 1003         TAD P00003
2805 05304 1357         TAD D05357
2806 05305 7640 D05305, 7640
2807 05306 5250         JMP L05250
2808 05307 1360 P05307, P01360
2809 05310 6117 D05310, 6117
2810 05311 7200 L05311, CLA 
2811 05312 1512         TAD I P00112
2812 05313 7004         RAL 
2813 05314 7730         SPA SZL CLA 
2814 05315 5320         JMP L05320
2815 05316 1512         TAD I P00112
2816 05317 4774         JMS I P05374
2817 05320 1352 L05320, TAD D05352
2818 05321 3104         DCA P00104
2819 05322 1353         TAD D05353
2820 05323 3012 D05323, 3012
2821 05324 1354         TAD D05354
2822 05325 3101         DCA D00101
2823 05326 1346 D05326, 1346
2824 05327 3777         DCA I P05377
2825 05330 1355         TAD D05355
2826 05331 3555         DCA I P00155
2827 05332 1361         TAD D05361
2828 05333 3542         DCA I P00142
2829 05334 1356         TAD D05356
2830 05335 3776         DCA I P05376
2831 05336 2766         ISZ I P05366
2832 05337 0606 P05337, L00606
2833 05340 1351         TAD D05351
2834 05341 7104         CLL RAL 
2835 05342 1350         TAD D05350
2836 05343 6244         RMF
2837 05344 6001         ION
2838 05345 5400 L05345, JMP I S00000
2839 05346 0000 D05346, 0000
2840 05347 5170 P05347, L05170
2841 05350 0000 D05350, 0000
2842 05351 0000 D05351, 0000
2843 05352 0000 D05352, 0000
2844 05353 0000 D05353, 0000
2845 05354 0000 D05354, 0000
2846 05355 0000 D05355, 0000
2847 05356 0000 D05356, 0000
2848 05357 7777 D05357, 7777
2849 05360 0000 D05360, 0000
2850 05361 0000 D05361, 0000
2851 05362 6203 L05362, CIF 1
2852 05363 5764         JMP I P05364
2853 05364 0346 P05364, L00346
2854            
2855                    *5366
2856 05366 6370 P05366, P06370
2857 05367 5170 D05367, 5170
2858 05370 1273 P05370, S01273
2859 05371 7606 P05371, 7606
2860 05372 0600 P05372, S00600
2861 05373 5311 D05373, 5311
2862 05374 0305 P05374, P00305
2863 05375 7601 P05375, L07601
2864 05376 1326 P05376, S01326
2865 05377 4707 P05377, L04707
2866            
2867                    *5400
2868 05400 0000 S05400, 0000
2869 05401 7600 D05401, 7600
2870 05402 5205         JMP L05405
2871 05403 4777 L05403, JMS I P05577
2872 05404 2200 L05404, ISZ S05400
2873 05405 1600 L05405, TAD I S05400
2874 05406 7450         SNA 
2875 05407 5600         JMP I S05400
2876 05410 7006         RTL 
2877 05411 7006         RTL 
2878 05412 0120         AND P00120
2879 05413 3266         DCA D05466
2880 05414 1600         TAD I S05400
2881 05415 0376         AND D05576
2882 05416 7650         SNA CLA 
2883 05417 5222         JMP L05422
2884 05420 1200         TAD S05400
2885 05421 0201         AND D05401
2886 05422 3277 L05422, DCA P05477
2887 05423 1600         TAD I S05400
2888 05424 0121         AND P00121
2889 05425 1277         TAD P05477
2890 05426 3277         DCA P05477
2891 05427 7420         SNL 
2892 05430 5233         JMP L05433
2893 05431 1677         TAD I P05477
2894 05432 3277 D05432, 3277
2895 05433 7330 L05433, CLA CLL CML RAR 
2896 05434 0677         AND I P05477
2897 05435 3066         DCA P00066
2898 05436 1677         TAD I P05477
2899 05437 7640         SZA CLA 
2900 05440 7340         CLA CLL CMA 
2901 05441 3116         DCA D00116
2902 05442 1677         TAD I P05477
2903 05443 7012         RTR 
2904 05444 7010         RAR 
2905 05445 0375         AND D05575
2906 05446 3070         DCA P00070
2907 05447 1677         TAD I P05477
2908 05450 0120         AND P00120
2909 05451 3077 P05451, L03077
2910 05452 2277         ISZ P05477
2911 05453 1677         TAD I P05477
2912 05454 3076 P05454, L03076
2913 05455 2277         ISZ P05477
2914 05456 1677 P05456, L01677
2915 05457 3075         DCA D00075
2916 05460 7346         CLA CLL CMA RTL 
2917 05461 1277         TAD P05477
2918 05462 3014         DCA P00014
2919 05463 1266         TAD D05466
2920 05464 1374         TAD D05574
2921 05465 3266         DCA D05466
2922 05466 7402 D05466, 7402
2923 05467 5527 P05467, L05527
2924 05470 5654         JMP I P05454
2925 05471 5651         JMP I P05451
2926 05472 5730         JMP I P05530
2927 05473 6062         6062
2928 05474 5500         JMP I P00100
2929 05475 5504         JMP I P00104
2930 05476 5520         JMP I P00120
2931 05477 0000 P05477, S00000
2932 05500 7344         CLA CLL CMA RAL 
2933 05501 1277         TAD P05477
2934 05502 3200         DCA S05400
2935 05503 5205         JMP L05405
2936 05504 1600         TAD I S05400
2937 05505 7006         RTL 
2938 05506 7006         RTL 
2939 05507 7730         SPA SZL CLA 
2940 05510 5354         JMP L05554
2941 05511 1600 D05511, 1600
2942 05512 1311         TAD D05511
2943 05513 3315         DCA D05515
2944 05514 4342         JMS S05542
2945 05515 7402 D05515, 7402
2946 05516 2200         ISZ S05400
2947 05517 5203         JMP L05403
2948 05520 4342         JMS S05542
2949 05521 3414         DCA I P00014
2950 05522 1073         TAD D00073
2951 05523 3414         DCA I P00014
2952 05524 1072         TAD P00072
2953 05525 3414         DCA I P00014
2954 05526 5204         JMP L05404
2955 05527 1066 L05527, TAD P00066
2956 05530 3067 P05530, L03067
2957 05531 1070         TAD P00070
2958 05532 3071         DCA D00071
2959 05533 1077         TAD D00077
2960 05534 3074         DCA P00074
2961 05535 1076         TAD D00076
2962 05536 3073         DCA D00073
2963 05537 1075         TAD D00075
2964 05540 3072         DCA P00072
2965 05541 5204         JMP L05404
2966 05542 0000 S05542, 0000
2967 05543 1071         TAD D00071
2968 05544 7104         CLL RAL 
2969 05545 7500         SMA 
2970 05546 7106         CLL RTL 
2971 05547 7530         SPA SZL 
2972 05550 4554         JMS I P00154
2973 05551 1067         TAD D00067
2974 05552 1074         TAD P00074
2975 05553 5742         JMP I S05542
2976 05554 7330 L05554, CLA CLL CML RAR 
2977 05555 1066         TAD P00066
2978 05556 3066         DCA P00066
2979 05557 4773         JMS I P05573
2980 05560 1074         TAD P00074
2981 05561 7450         SNA 
2982 05562 1073         TAD D00073
2983 05563 7640         SZA CLA 
2984 05564 5203         JMP L05403
2985 05565 1072         TAD P00072
2986 05566 0136         AND P00136
2987 05567 7640         SZA CLA 
2988 05570 5203 P05570, L05203
2989 05571 5772         JMP I P05572
2990 05572 5770 P05572, L05770
2991 05573 5656 P05573, S05656
2992 05574 5667 D05574, 5667
2993 05575 0377 D05575, 0377
2994 05576 0200 D05576, 0200
2995 05577 6000 P05577, S06000
2996            
2997                    *5600
2998 05600 0000 S05600, 0000
2999 05601 1074         TAD P00074
3000 05602 7110         CLL RAR 
3001 05603 3074         DCA P00074
3002 05604 1073         TAD D00073
3003 05605 7010         RAR 
3004 05606 3073         DCA D00073
3005 05607 1072         TAD P00072
3006 05610 7010         RAR 
3007 05611 3072 D05611, 3072
3008 05612 7010         RAR 
3009 05613 3100         DCA P00100
3010 05614 5600         JMP I S05600
3011 05615 0000 S05615, 0000
3012 05616 1377         TAD D05777
3013 05617 3233         DCA S05633
3014 05620 7346         CLA CLL CMA RTL 
3015 05621 3200         DCA S05600
3016 05622 1633 L05622, TAD I S05633
3017 05623 7040         CMA 
3018 05624 7430         SZL 
3019 05625 7101         CLL IAC
3020 05626 3633         DCA I S05633
3021 05627 2233         ISZ S05633
3022 05630 2200         ISZ S05600
3023 05631 5222         JMP L05622
3024 05632 5615         JMP I S05615
3025 05633 0000 S05633, 0000
3026 05634 7100         CLL 
3027 05635 1072         TAD P00072
3028 05636 1075         TAD D00075
3029 05637 3072         DCA P00072
3030 05640 7004         RAL 
3031 05641 1073         TAD D00073
3032 05642 1076         TAD D00076
3033 05643 3073         DCA D00073
3034 05644 7004         RAL 
3035 05645 1074         TAD P00074
3036 05646 1077         TAD D00077
3037 05647 3074         DCA P00074
3038 05650 5633         JMP I S05633
3039 05651 7330         CLA CLL CML RAR 
3040 05652 1066         TAD P00066
3041 05653 3066         DCA P00066
3042 05654 4256         JMS S05656
3043 05655 5776         JMP I P05776
3044 05656 0000 S05656, 0000
3045 05657 2116         ISZ D00116
3046 05660 5656         JMP I S05656
3047 05661 1071         TAD D00071
3048 05662 7141         CLL CIA
3049 05663 1070         TAD P00070
3050 05664 7430         SZL 
3051 05665 5303         JMP L05703
3052 05666 3233         DCA S05633
3053 05667 1077 L05667, TAD D00077
3054 05670 7110         CLL RAR 
3055 05671 3077         DCA D00077
3056 05672 1076         TAD D00076
3057 05673 7010         RAR 
3058 05674 3076         DCA D00076
3059 05675 1075         TAD D00075
3060 05676 7010         RAR 
3061 05677 3075         DCA D00075
3062 05700 2233         ISZ S05633
3063 05701 5267         JMP L05667
3064 05702 5313         JMP L05713
3065 05703 7040 L05703, CMA 
3066 05704 3233         DCA S05633
3067 05705 1070         TAD P00070
3068 05706 3071         DCA D00071
3069 05707 7410         SKP 
3070 05710 4200 L05710, JMS S05600
3071 05711 2233         ISZ S05633
3072 05712 5310         JMP L05710
3073 05713 1067 L05713, TAD D00067
3074 05714 1066         TAD P00066
3075 05715 7710         SPA CLA 
3076 05716 4215         JMS S05615
3077 05717 4233         JMS S05633
3078 05720 1074         TAD P00074
3079 05721 7700         SMA CLA 
3080 05722 5656         JMP I S05656
3081 05723 7346         CLA CLL CMA RTL 
3082 05724 4215         JMS S05615
3083 05725 1066         TAD P00066
3084 05726 3067         DCA D00067
3085 05727 5656         JMP I S05656
3086 05730 2116         ISZ D00116
3087 05731 5370         JMP L05770
3088 05732 1067         TAD D00067
3089 05733 1066         TAD P00066
3090 05734 3067         DCA D00067
3091 05735 1071         TAD D00071
3092 05736 1070         TAD P00070
3093 05737 1375         TAD D05775
3094 05740 3071         DCA D00071
3095 05741 1074         TAD P00074
3096 05742 3066         DCA P00066
3097 05743 1073         TAD D00073
3098 05744 3070         DCA P00070
3099 05745 1072         TAD P00072
3100 05746 3104         DCA P00104
3101 05747 1374         TAD D05774
3102 05750 3105         DCA P00105
3103 05751 4200 L05751, JMS S05600
3104 05752 1066         TAD P00066
3105 05753 7010         RAR 
3106 05754 3066         DCA P00066
3107 05755 1070         TAD P00070
3108 05756 7010         RAR 
3109 05757 3070         DCA P00070
3110 05760 1104         TAD P00104
3111 05761 7010         RAR 
3112 05762 3104         DCA P00104
3113 05763 7430         SZL 
3114 05764 4233         JMS S05633
3115 05765 2105         ISZ P00105
3116 05766 5351         JMP L05751
3117 05767 5776         JMP I P05776
3118 05770 3074 L05770, DCA P00074
3119 05771 4773         JMS I P05773
3120 05772 5776         JMP I P05776
3121 05773 6130 P05773, S06130
3122 05774 7745 D05774, 7745
3123 05775 7577 D05775, 7577
3124 05776 5403 P05776, L05403
3125 05777 0075 D05777, 0075
3126            
3127                    *6000
3128 06000 0000 S06000, 0000
3129 06001 3100 L06001, DCA P00100
3130 06002 1074 L06002, TAD P00074
3131 06003 1131         TAD P00131
3132 06004 7710         SPA CLA 
3133 06005 5211         JMP L06011
3134 06006 4777         JMS I P06177
3135 06007 2071         ISZ D00071
3136 06010 5202         JMP L06002
3137 06011 1100 L06011, TAD P00100
3138 06012 7700         SMA CLA 
3139 06013 5223         JMP L06023
3140 06014 2072         ISZ P00072
3141 06015 5223 P06015, L05223
3142 06016 2073         ISZ D00073
3143 06017 5223         JMP L06023
3144 06020 2074         ISZ P00074
3145 06021 5201         JMP L06001
3146 06022 7340 L06022, CLA CLL CMA 
3147 06023 1071 L06023, TAD D00071
3148 06024 7510         SPA 
3149 06025 5235         JMP L06035
3150 06026 3071         DCA D00071
3151 06027 7346         CLA CLL CMA RTL 
3152 06030 1074         TAD P00074
3153 06031 7740         SZA SMA CLA 
3154 06032 5600         JMP I S06000
3155 06033 4247 P06033, L04247
3156 06034 5222         JMP L06022
3157 06035 7770 L06035, SNA SPA SZL CLA 
3158 06036 1074         TAD P00074
3159 06037 7450         SNA 
3160 06040 1073         TAD D00073
3161 06041 7450         SNA 
3162 06042 1072         TAD P00072
3163 06043 7640         SZA CLA 
3164 06044 4554         JMS I P00154
3165 06045 4330         JMS S06130
3166 06046 5600         JMP I S06000
3167 06047 0000 S06047, 0000
3168 06050 1072         TAD P00072
3169 06051 7104         CLL RAL 
3170 06052 3072         DCA P00072
3171 06053 1073         TAD D00073
3172 06054 7004         RAL 
3173 06055 3073         DCA D00073
3174 06056 1074         TAD P00074
3175 06057 7004         RAL 
3176 06060 3074         DCA P00074
3177 06061 5647         JMP I S06047
3178 06062 2116         ISZ D00116
3179 06063 4554         JMS I P00154
3180 06064 1067         TAD D00067
3181 06065 1066         TAD P00066
3182 06066 3067         DCA D00067
3183 06067 1070         TAD P00070
3184 06070 7041         CIA
3185 06071 1071         TAD D00071
3186 06072 1376         TAD D06176
3187 06073 3071         DCA D00071
3188 06074 3105         DCA P00105
3189 06075 1375         TAD D06175
3190 06076 3200         DCA S06000
3191 06077 7330 L06077, CLA CLL CML RAR 
3192 06100 0077         AND D00077
3193 06101 1074         TAD P00074
3194 06102 7700         SMA CLA 
3195 06103 4774         JMS I P06174
3196 06104 4773         JMS I P06173
3197 06105 1105         TAD P00105
3198 06106 7004         RAL 
3199 06107 3105         DCA P00105
3200 06110 1070         TAD P00070
3201 06111 7004         RAL 
3202 06112 3070         DCA P00070
3203 06113 1066         TAD P00066
3204 06114 7004         RAL 
3205 06115 3066         DCA P00066
3206 06116 4247         JMS S06047
3207 06117 2200         ISZ S06000
3208 06120 5277         JMP L06077
3209 06121 1066         TAD P00066
3210 06122 3074         DCA P00074
3211 06123 1070         TAD P00070
3212 06124 3073         DCA D00073
3213 06125 1105         TAD P00105
3214 06126 3072         DCA P00072
3215 06127 5772         JMP I P06172
3216 06130 0000 S06130, 0000
3217 06131 1074         TAD P00074
3218 06132 7650         SNA CLA 
3219 06133 5343         JMP L06143
3220 06134 1071 L06134, TAD D00071
3221 06135 1371         TAD D06171
3222 06136 7700         SMA CLA 
3223 06137 5350         JMP L06150
3224 06140 4777 D06140, 4777
3225 06141 2071         ISZ D00071
3226 06142 5334         JMP L06134
3227 06143 3071 L06143, DCA D00071
3228 06144 3067         DCA D00067
3229 06145 3074         DCA P00074
3230 06146 3073         DCA D00073
3231 06147 3072         DCA P00072
3232 06150 1072 L06150, TAD P00072
3233 06151 5730         JMP I S06130
3234 06152 0000 S06152, 0000
3235 06153 4247         JMS S06047
3236 06154 1072         TAD P00072
3237 06155 3075         DCA D00075
3238 06156 1073         TAD D00073
3239 06157 3076         DCA D00076
3240 06160 1074         TAD P00074
3241 06161 3077         DCA D00077
3242 06162 4247         JMS S06047
3243 06163 4247         JMS S06047
3244 06164 4773         JMS I P06173
3245 06165 5752         JMP I S06152
3246 06166 1544 D06166, 1544
3247 06167 1433         TAD I P00033
3248 06170 6750         6750
3249 06171 7545 D06171, 7545
3250 06172 5403 P06172, L05403
3251 06173 5633 P06173, S05633
3252 06174 5615 P06174, S05615
3253 06175 7743 D06175, 7743
3254 06176 0177 D06176, 0177
3255 06177 5600 P06177, S05600
3256            
3257                    *6200
3258 06200 0000 S06200, 0000
3259 06201 1377 D06201, 1377
3260 06202 3300 D06202, 3300
3261 06203 4301 D06203, 4301
3262 06204 4557         JMS I P00157
3263 06205 5210         JMP L06210
3264 06206 0011 D06206, 0011
3265 06207 5217         JMP L06217
3266 06210 4540 L06210, JMS I P00140
3267 06211 1300 D06211, 1300
3268 06212 3013         DCA P00013
3269 06213 4322         JMS S06322
3270 06214 1300         TAD D06300
3271 06215 7041         CIA
3272 06216 1013         TAD P00013
3273 06217 3013 L06217, DCA P00013
3274 06220 1342         TAD D06342
3275 06221 3071         DCA D00071
3276 06222 4407         JMS I P00007
3277 06223 6010         6010
3278 06224 7425         7425
3279 06225 0000         AND S00000
3280 06226 1300         TAD D06300
3281 06227 1206         TAD D06206
3282 06230 7650         SNA CLA 
3283 06231 4554 L06231, JMS I P00154
3284 06232 1026         TAD D00026
3285 06233 1376 P06233, P01376
3286 06234 7640         SZA CLA 
3287 06235 5255         JMP L06255
3288 06236 4540         JMS I P00140
3289 06237 7346         CLA CLL CMA RTL 
3290 06240 3300         DCA D06300
3291 06241 4301         JMS S06301
3292 06242 7326         CLA CLL CML RTL 
3293 06243 1300         TAD D06300
3294 06244 7710         SPA CLA 
3295 06245 5231         JMP L06231
3296 06246 1067         TAD D00067
3297 06247 7104         CLL RAL 
3298 06250 1072         TAD P00072
3299 06251 7430         SZL 
3300 06252 7041         CIA
3301 06253 1013         TAD P00013
3302 06254 3013         DCA P00013
3303 06255 1013 L06255, TAD P00013
3304 06256 7450         SNA 
3305 06257 5600         JMP I S06200
3306 06260 7710 D06260, 7710
3307 06261 5266         JMP L06266
3308 06262 1013         TAD P00013
3309 06263 7041         CIA
3310 06264 3013         DCA P00013
3311 06265 1324         TAD D06324
3312 06266 1374 L06266, TAD D06374
3313 06267 3272         DCA D06272
3314 06270 4407 L06270, JMS I P00007
3315 06271 0425         AND I P00025
3316 06272 7402 D06272, 7402
3317 06273 7425         7425
3318 06274 0000         AND S00000
3319 06275 2013         ISZ P00013
3320 06276 5270         JMP L06270
3321 06277 5600         JMP I S06200
3322 06300 0000 D06300, 0000
3323 06301 0000 S06301, 0000
3324 06302 3072         DCA P00072
3325 06303 3073         DCA D00073
3326 06304 3074         DCA P00074
3327 06305 3067         DCA D00067
3328 06306 1026         TAD D00026
3329 06307 1373         TAD D06373
3330 06310 7450         SNA 
3331 06311 5317         JMP L06317
3332 06312 7112         CLL RTR 
3333 06313 7640         SZA CLA 
3334 06314 5320         JMP L06320
3335 06315 7330         CLA CLL CML RAR 
3336 06316 3067         DCA D00067
3337 06317 4540 L06317, JMS I P00140
3338 06320 4322 L06320, JMS S06322
3339 06321 5701         JMP I S06301
3340 06322 0000 S06322, 0000
3341 06323 4557 L06323, JMS I P00157
3342 06324 7000 D06324, 7000
3343 06325 5722         JMP I S06322
3344 06326 4772         JMS I P06372
3345 06327 3077         DCA D00077
3346 06330 3076         DCA D00076
3347 06331 1101         TAD D00101
3348 06332 3075         DCA D00075
3349 06333 4771         JMS I P06371
3350 06334 4540         JMS I P00140
3351 06335 2300         ISZ D06300
3352 06336 5323         JMP L06323
3353 06337 4554 D06337, 4554
3354 06340 0000 S06340, 0000
3355 06341 4557         JMS I P00157
3356 06342 0233 D06342, 0233
3357 06343 4554 L06343, JMS I P00154
3358 06344 1134         TAD D00134
3359 06345 3300         DCA D06300
3360 06346 4301         JMS S06301
3361 06347 1073         TAD D00073
3362 06350 7650         SNA CLA 
3363 06351 1072         TAD P00072
3364 06352 7550         SNA SPA 
3365 06353 5343         JMP L06343
3366 06354 3030         DCA P00030
3367 06355 1030         TAD P00030
3368 06356 7001         IAC
3369 06357 7710         SPA CLA 
3370 06360 5343         JMP L06343
3371 06361 5740         JMP I S06340
3372 06362 1770         TAD I P06370
3373 06363 1064         TAD D00064
3374 06364 3063         DCA D00063
3375 06365 1370         TAD P06370
3376 06366 3064         DCA D00064
3377 06367 5547         JMP I P00147
3378 06370 0000 P06370, S00000
3379 06371 5633 P06371, S05633
3380 06372 6152 P06372, S06152
3381 06373 7725 D06373, 7725
3382 06374 4775 D06374, 4775
3383 06375 2570 P06375, 2570
3384 06376 7673 D06376, 7673
3385 06377 7767 D06377, 7767
3386            
3387                    *6400
3388 06400 0000 S06400, 0000
3389 06401 1067         TAD D00067
3390 06402 7710         SPA CLA 
3391 06403 1377         TAD D06577
3392 06404 1127         TAD P00127
3393 06405 4537         JMS I P00137
3394 06406 1074         TAD P00074
3395 06407 7640         SZA CLA 
3396 06410 5214         JMP L06414
3397 06411 1376         TAD D06576
3398 06412 4537         JMS I P00137
3399 06413 5600         JMP I S06400
3400 06414 4775 L06414, JMS I P06575
3401 06415 1374         TAD D06574
3402 06416 3105         DCA P00105
3403 06417 1373         TAD P06573
3404 06420 3013         DCA P00013
3405 06421 5226         JMP L06426
3406 06422 1074 L06422, TAD P00074
3407 06423 0372         AND D06572
3408 06424 3074         DCA P00074
3409 06425 4771         JMS I P06571
3410 06426 1074 L06426, TAD P00074
3411 06427 4556         JMS I P00156
3412 06430 0370         AND D06570
3413 06431 1376 D06431, 1376
3414 06432 3413         DCA I P00013
3415 06433 2105         ISZ P00105
3416 06434 5222         JMP L06422
3417 06435 1373         TAD P06573
3418 06436 3013         DCA P00013
3419 06437 7326         CLA CLL CML RTL 
3420 06440 1773         TAD I P06573
3421 06441 7450         SNA 
3422 06442 5300         JMP L06500
3423 06443 7510         SPA 
3424 06444 5250         JMP L06450
3425 06445 1131         TAD P00131
3426 06446 7710         SPA CLA 
3427 06447 5304         JMP L06504
3428 06450 7200 L06450, CLA 
3429 06451 1413         TAD I P00013
3430 06452 4537         JMS I P00137
3431 06453 1367         TAD D06567
3432 06454 4537         JMS I P00137
3433 06455 1134         TAD D00134
3434 06456 3105         DCA P00105
3435 06457 1413 L06457, TAD I P00013
3436 06460 4537         JMS I P00137
3437 06461 2105         ISZ P00105
3438 06462 5257         JMP L06457
3439 06463 1366         TAD D06566
3440 06464 4537         JMS I P00137
3441 06465 1773         TAD I P06573
3442 06466 7710         SPA CLA 
3443 06467 7326         CLA CLL CML RTL 
3444 06470 1365         TAD D06565
3445 06471 4537         JMS I P00137
3446 06472 1773         TAD I P06573
3447 06473 7510         SPA 
3448 06474 7041         CIA
3449 06475 2764         ISZ I P06564
3450 06476 4763         JMS I P06563
3451 06477 5600 D06477, 5600
3452 06500 1367 L06500, TAD D06567
3453 06501 4537         JMS I P00137
3454 06502 1376         TAD D06576
3455 06503 4537         JMS I P00137
3456 06504 1374 L06504, TAD D06574
3457 06505 3105         DCA P00105
3458 06506 1362         TAD D06562
3459 06507 3103 L06507, DCA P00103
3460 06510 1503         TAD I P00103
3461 06511 1361         TAD D06561
3462 06512 7640         SZA CLA 
3463 06513 5320         JMP L06520
3464 06514 2105         ISZ P00105
3465 06515 7340         CLA CLL CMA 
3466 06516 1103         TAD P00103
3467 06517 5307         JMP L06507
3468 06520 1773 L06520, TAD I P06573
3469 06521 1105         TAD P00105
3470 06522 7710         SPA CLA 
3471 06523 5327         JMP L06527
3472 06524 1773         TAD I P06573
3473 06525 7040         CMA 
3474 06526 3105         DCA P00105
3475 06527 7344 L06527, CLA CLL CMA RAL 
3476 06530 7040 L06530, CMA 
3477 06531 1773         TAD I P06573
3478 06532 7440         SZA 
3479 06533 5336         JMP L06536
3480 06534 1367         TAD D06567
3481 06535 4537         JMS I P00137
3482 06536 3773 L06536, DCA I P06573
3483 06537 1413         TAD I P00013
3484 06540 4537         JMS I P00137
3485 06541 2105         ISZ P00105
3486 06542 5330         JMP L06530
3487 06543 5600         JMP I S06400
3488 06544 4554         JMS I P00154
3489 06545 6030         6030
3490 06546 7634         SZL CLA OSR 
3491 06547 7766         SZA SMA SNL CLA OSR HLT
3492 06550 0000 P06550, S00000
3493 06551 3104         DCA P00104
3494 06552 1750         TAD I P06550
3495 06553 7040         CMA 
3496 06554 0104         AND P00104
3497 06555 1750         TAD I P06550
3498 06556 3512         DCA I P00112
3499 06557 5177         JMP L00177
3500            
3501                    *6561
3502 06561 7720 D06561, 7720
3503 06562 6733 D06562, 6733
3504 06563 0231 P06563, S00231
3505 06564 0277 P06564, D00277
3506 06565 0053 D06565, 0053
3507 06566 0105 D06566, 0105
3508 06567 0056 D06567, 0056
3509 06570 0017 D06570, 0017
3510 06571 6152 P06571, S06152
3511 06572 0177 D06572, 0177
3512 06573 6724 P06573, D06724
3513 06574 7771 D06574, 7771
3514 06575 6600 P06575, S06600
3515 06576 0060 D06576, 0060
3516 06577 0015 D06577, 0015
3517            
3518                    *6600
3519 06600 0000 S06600, 0000
3520 06601 1071         TAD D00071
3521 06602 1204         TAD D06604
3522 06603 3071         DCA D00071
3523 06604 7610 D06604, 7610
3524 06605 1324 L06605, TAD D06724
3525 06606 3324         DCA D06724
3526 06607 1074 L06607, TAD P00074
3527 06610 7006         RTL 
3528 06611 7630         SZL CLA 
3529 06612 5220         JMP L06620
3530 06613 4777         JMS I P06777
3531 06614 7340         CLA CLL CMA 
3532 06615 1071         TAD D00071
3533 06616 3071         DCA D00071
3534 06617 5207         JMP L06607
3535 06620 1071 L06620, TAD D00071
3536 06621 7540         SZA SMA 
3537 06622 5236 D06622, 5236
3538 06623 7200         CLA 
3539 06624 4776         JMS I P06776
3540 06625 4776         JMS I P06776
3541 06626 4776         JMS I P06776
3542 06627 4776         JMS I P06776
3543 06630 4775         JMS I P06775
3544 06631 7307         CLA CLL RTL IAC
3545 06632 1071         TAD D00071
3546 06633 3071         DCA D00071
3547 06634 7340         CLA CLL CMA 
3548 06635 5205         JMP L06605
3549 06636 1374 L06636, TAD D06774
3550 06637 7510         SPA 
3551 06640 5271         JMP L06671
3552 06641 7300 L06641, CLA CLL 
3553 06642 1133         TAD D00133
3554 06643 3105         DCA P00105
3555 06644 1074 L06644, TAD P00074
3556 06645 1373         TAD D06773
3557 06646 7500         SMA 
3558 06647 3074         DCA P00074
3559 06650 7200         CLA 
3560 06651 1072         TAD P00072
3561 06652 7004         RAL 
3562 06653 3072         DCA P00072
3563 06654 1073         TAD D00073
3564 06655 7004         RAL 
3565 06656 3073         DCA D00073
3566 06657 1074         TAD P00074
3567 06660 7004         RAL 
3568 06661 3074         DCA P00074
3569 06662 2105         ISZ P00105
3570 06663 5244         JMP L06644
3571 06664 1074         TAD P00074
3572 06665 0372         AND D06772
3573 06666 3074         DCA P00074
3574 06667 7301         CLA CLL IAC
3575 06670 5205         JMP L06605
3576 06671 3105 L06671, DCA P00105
3577 06672 7410         SKP 
3578 06673 4776 L06673, JMS I P06776
3579 06674 2105         ISZ P00105
3580 06675 5273         JMP L06673
3581 06676 1074         TAD P00074
3582 06677 1373         TAD D06773
3583 06700 7700         SMA CLA 
3584 06701 5241         JMP L06641
3585 06702 7100         CLL 
3586 06703 1371         TAD D06771
3587 06704 1072         TAD P00072
3588 06705 3072         DCA P00072
3589 06706 7430         SZL 
3590 06707 2073         ISZ D00073
3591 06710 7410         SKP 
3592 06711 2074         ISZ P00074
3593 06712 1074         TAD P00074
3594 06713 1373         TAD D06773
3595 06714 7640         SZA CLA 
3596 06715 5600         JMP I S06600
3597 06716 1322         TAD D06722
3598 06717 3074         DCA P00074
3599 06720 3072 L06720, DCA P00072
3600 06721 2324         ISZ D06724
3601 06722 0200 D06722, 0200
3602 06723 5600         JMP I S06600
3603 06724 0000 D06724, 0000
3604 06725 0000 D06725, 0000
3605 06726 0000         AND S00000
3606 06727 0000         AND S00000
3607 06730 0000 D06730, 0000
3608 06731 0000         AND S00000
3609 06732 0000         AND S00000
3610 06733 0000         AND S00000
3611 06734 0000 S06734, 0000
3612 06735 4407         JMS I P00007
3613 06736 6150         6150
3614 06737 1770         TAD I P06770
3615 06740 6100         6100
3616 06741 2770         ISZ I P06770
3617 06742 0000         AND S00000
3618 06743 4767         JMS I P06767
3619 06744 7110         CLL RAR 
3620 06745 1067         TAD D00067
3621 06746 7004         RAL 
3622 06747 7430         SZL 
3623 06750 7041         CIA
3624 06751 3200         DCA S06600
3625 06752 7100         CLL 
3626 06753 1074         TAD P00074
3627 06754 7450         SNA 
3628 06755 1073         TAD D00073
3629 06756 7640         SZA CLA 
3630 06757 7120         CLL CML 
3631 06760 1200         TAD S06600
3632 06761 5734         JMP I S06734
3633 06762 0015         AND P00015
3634 06763 0007         AND P00007
3635 06764 0177         AND L00177
3636 06765 0137         AND P00137
3637 06766 0100         AND P00100
3638 06767 6130 P06767, S06130
3639 06770 6166 P06770, D06166
3640 06771 2166 D06771, 2166
3641 06772 0377 D06772, 0377
3642 06773 5400 D06773, 5400
3643 06774 7773 D06774, 7773
3644 06775 6152 P06775, S06152
3645 06776 5600 P06776, S05600
3646 06777 6047 P06777, S06047
3647            
3648                    *7000
3649 07000 4407 L07000, JMS I P00007
3650 07001 7336 D07001, 7336
3651 07002 6040         6040
3652 07003 5235         JMP L07035
3653 07004 0000 D07004, 0000
3654 07005 1067         TAD D00067
3655 07006 7710         SPA CLA 
3656 07007 4554 D07007, 4554
3657 07010 1071 L07010, TAD D00071
3658 07011 1377         TAD D07177
3659 07012 7100         CLL 
3660 07013 7510         SPA 
3661 07014 7020         CML 
3662 07015 7010         RAR 
3663 07016 1371         TAD D07171
3664 07017 3071         DCA D00071
3665 07020 1376         TAD D07176
3666 07021 3237         DCA D07037
3667 07022 4407 L07022, JMS I P00007
3668 07023 7514         SPA OSR 
3669 07024 0336         AND D07136
3670 07025 4514         JMS I P00114
3671 07026 1514         TAD I P00114
3672 07027 0000         AND S00000
3673 07030 7340         CLA CLL CMA 
3674 07031 1071         TAD D00071
3675 07032 3071 P07032, D03071
3676 07033 2237         ISZ D07037
3677 07034 5222         JMP L07022
3678 07035 0000 L07035, AND S00000
3679 07036 5547         JMP I P00147
3680 07037 0000 D07037, 0000
3681 07040 4407         JMS I P00007
3682 07041 7775         7775
3683 07042 0000         AND S00000
3684 07043 4544         JMS I P00144
3685 07044 7057 P07044, D07057
3686 07045 4407         JMS I P00007
3687 07046 7514         SPA OSR 
3688 07047 0775         AND I P07175
3689 07050 0000         AND S00000
3690 07051 4544         JMS I P00144
3691 07052 7062         CML CMA BSW 
3692 07053 4407         JMS I P00007
3693 07054 4514         JMS I P00114
3694 07055 0000         AND S00000
3695 07056 5547 D07056, 5547
3696 07057 4407 D07057, 4407
3697 07060 1363         TAD D07163
3698 07061 6000         IOT
3699 07062 4407         JMS I P00007
3700 07063 4000         JMS 
3701 07064 7336         CLA CLL CML RTL RTR 
3702 07065 0000         AND S00000
3703 07066 4544         JMS I P00144
3704 07067 4000         JMS 
3705 07070 7330         CLA CLL CML RAR 
3706 07071 1067         TAD D00067
3707 07072 3067         DCA D00067
3708 07073 4407         JMS I P00007
3709 07074 1336         TAD D07136
3710 07075 0000         AND S00000
3711 07076 2071 D07076, 2071
3712 07077 2071         ISZ D00071
3713 07100 4407         JMS I P00007
3714 07101 7336 L07101, CLA CLL CML RTL RTR 
3715 07102 0000         AND S00000
3716 07103 3067         DCA D00067
3717 07104 4407         JMS I P00007
3718 07105 2774         ISZ I P07174
3719 07106 6140         6140
3720 07107 5320         JMP L07120
3721 07110 0336         AND D07136
3722 07111 0000         AND S00000
3723 07112 4544         JMS I P00144
3724 07113 5047         JMP P00047
3725 07114 2071 P07114, L02071
3726 07115 4407         JMS I P00007
3727 07116 2336 L07116, ISZ D07136
3728 07117 5301         JMP L07101
3729 07120 0336 L07120, AND D07136
3730 07121 3336         DCA D07136
3731 07122 7341         CLA CLL CIA
3732 07123 3347         DCA D07147
3733 07124 1352         TAD D07152
3734 07125 3341         DCA D07141
3735 07126 1355         TAD P07155
3736 07127 3341         DCA D07141
3737 07130 1360         TAD D07160
3738 07131 3341         DCA D07141
3739 07132 1363         TAD D07163
3740 07133 3336         DCA D07136
3741 07134 0000 D07134, 0000
3742 07135 5547         JMP I P00147
3743 07136 0000 D07136, 0000
3744 07137 0000         AND S00000
3745 07140 0000         AND S00000
3746 07141 0000 D07141, 0000
3747 07142 0000         AND S00000
3748 07143 0000         AND S00000
3749 07144 2036         ISZ D00036
3750 07145 2207         ISZ D07007
3751 07146 7325         CLA CLL CML RAL IAC
3752 07147 1644 D07147, 1644
3753 07150 7553         7553
3754 07151 6722         6722
3755 07152 5714 D07152, 5714
3756 07153 6203         CDF CIF 2
3757 07154 1423         TAD I P00023
3758 07155 1755 P07155, D01755
3759 07156 0632         AND I P07032
3760 07157 1276         TAD D07076
3761 07160 6005 D07160, 6005
3762 07161 1256         TAD D07056
3763 07162 7406         OSR HLT
3764 07163 2016 D07163, 2016
3765 07164 2207         ISZ D07007
3766 07165 7325         CLA CLL CML RAL IAC
3767 07166 0000 S07166, 0000
3768 07167 6211 D07167, 6211
3769 07170 5766         JMP I S07166
3770 07171 0200 D07171, 0200
3771            
3772                    *7174
3773 07174 4354 P07174, L04354
3774 07175 6730 P07175, D06730
3775 07176 7770 D07176, 7770
3776 07177 7600 D07177, 7600
3777            
3778                    *7200
3779 07200 4407 D07200, 4407
3780 07201 4260         JMS D07260
3781 07202 7777 L07202, 7777
3782 07203 0000         AND S00000
3783 07204 4544 P07204, D04544
3784 07205 4000         JMS 
3785 07206 7330         CLA CLL CML RAR 
3786 07207 1067         TAD D00067
3787 07210 3067         DCA D00067
3788 07211 4407         JMS I P00007
3789 07212 7255         CLA RAL RAR CIA
3790 07213 1777         TAD I P07377
3791 07214 7776         SNA SPA SZL CLA OSR HLT
3792 07215 3776         DCA I P07376
3793 07216 1263         TAD D07263
3794 07217 7777         7777
3795 07220 0255         AND D07255
3796 07221 0000         AND S00000
3797 07222 4515         JMS I P00115
3798 07223 7041         CIA
3799 07224 7001         IAC
3800 07225 3255         DCA D07255
3801 07226 4407         JMS I P00007
3802 07227 0266         AND D07266
3803 07230 4777         JMS I P07377
3804 07231 1271         TAD D07271
3805 07232 2776 P07232, D02776
3806 07233 7777         7777
3807 07234 0776         AND I P07376
3808 07235 3776         DCA I P07376
3809 07236 3274         DCA D07274
3810 07237 1777         TAD I P07377
3811 07240 7777         7777
3812 07241 0776         AND I P07376
3813 07242 4777         JMS I P07377
3814 07243 1277         TAD D07277
3815 07244 0000         AND S00000
3816 07245 1071         TAD D00071
3817 07246 1255         TAD D07255
3818 07247 3071         DCA D00071
3819 07250 4407         JMS I P00007
3820 07251 6010         6010
3821 07252 1775         TAD I P07375
3822 07253 0000         AND S00000
3823 07254 5547         JMP I P00147
3824 07255 0000 D07255, 0000
3825 07256 0000         AND S00000
3826 07257 0000         AND S00000
3827 07260 2005 D07260, 2005
3828 07261 4271         JMS D07271
3829 07262 0300         AND D07300
3830 07263 2075 D07263, 2075
3831 07264 3552         DCA I P00152
3832 07265 7022         CML BSW 
3833 07266 6124 D07266, 6124
3834 07267 6477         6477
3835 07270 0715         AND I P07315
3836 07271 2044 D07271, 2044
3837 07272 7643         7643
3838 07273 0062         AND P00062
3839 07274 1744 D07274, 1744
3840 07275 3372         DCA D07372
3841 07276 3400         DCA I S00000
3842 07277 2004 D07277, 2004
3843 07300 0000 D07300, 0000
3844 07301 0000         AND S00000
3845 07302 0000         AND S00000
3846 07303 2074 D07303, 2074
3847 07304 4000         JMS S00000
3848 07305 0000         AND S00000
3849 07306 0073         AND D00073
3850 07307 0054         AND P00054
3851 07310 0047         AND P00047
3852 07311 0042         AND P00042
3853 07312 0015         AND P00015
3854 07313 0134         AND D00134
3855 07314 4774         JMS I P07374
3856 07315 7750 P07315, D07750
3857 07316 4554         JMS I P00154
3858 07317 1071         TAD D00071
3859 07320 3367         DCA D07367
3860 07321 1372         TAD D07372
3861 07322 3071         DCA D00071
3862 07323 4407         JMS I P00007
3863 07324 7777         7777
3864 07325 1352         TAD D07352
3865 07326 7776         SNA SPA SZL CLA OSR HLT
3866 07327 0777         AND I P07377
3867 07330 2352         ISZ D07352
3868 07331 4776         JMS I P07376
3869 07332 7776         SNA SPA SZL CLA OSR HLT
3870 07333 3776         DCA I P07376
3871 07334 3355         DCA D07355
3872 07335 1360         TAD D07360
3873 07336 3776         DCA I P07376
3874 07337 3776         DCA I P07376
3875 07340 1363         TAD D07363
3876 07341 3776         DCA I P07376
3877 07342 2277         ISZ D07277
3878 07343 7776         SNA SPA SZL CLA OSR HLT
3879 07344 0366 P07344, D00366
3880 07345 2371         ISZ D07371
3881 07346 1776         TAD I P07376
3882 07347 3260         DCA D07260
3883 07350 0000         AND S00000
3884 07351 5547         JMP I P00147
3885 07352 2005 D07352, 2005
3886 07353 5202         JMP L07202
3887 07354 3632         DCA I P07232
3888 07355 2004 D07355, 2004
3889 07356 6207         CDF CIF 5
3890 07357 2521         ISZ I P00121
3891 07360 2007 D07360, 2007
3892 07361 5421         JMP I P00021
3893 07362 3604         DCA I P07204
3894 07363 2025 D07363, 2025
3895 07364 6125         6125
3896 07365 1007         TAD P00007
3897 07366 2174 D07366, 2174
3898 07367 0000 D07367, 0000
3899 07370 0000         AND S00000
3900 07371 2174 D07371, 2174
3901 07372 0200 D07372, 0200
3902 07373 0000         AND S00000
3903 07374 5542 P07374, S05542
3904 07375 7300 P07375, D07300
3905 07376 7141 P07376, D07141
3906 07377 7136 P07377, D07136
3907            
3908                    *7400
3909 07400 0000 D07400, 0000
3910 07401 1067         TAD D00067
3911 07402 3200         DCA D07400
3912 07403 3067         DCA D00067
3913 07404 4407         JMS I P00007
3914 07405 7777         7777
3915 07406 7776         SNA SPA SZL CLA OSR HLT
3916 07407 2275         ISZ D07475
3917 07410 6140 P07410, D06140
3918 07411 5265         JMP L07465
3919 07412 2300 P07412, D02300
3920 07413 6140         6140
3921 07414 5220         JMP L07420
3922 07415 0775         AND I P07575
3923 07416 4777 D07416, 4777
3924 07417 7777         7777
3925 07420 0774 L07420, AND I P07574
3926 07421 7773         7773
3927 07422 0777         AND I P07577
3928 07423 2303         ISZ D07503
3929 07424 6100         6100
3930 07425 5237         JMP L07437
3931 07426 0777         AND I P07577
3932 07427 1306         TAD D07506
3933 07430 7777 D07430, 7777
3934 07431 0272         AND D07472
3935 07432 4777         JMS I P07577
3936 07433 1306         TAD D07506
3937 07434 7777 P07434, D07777
3938 07435 0311         AND D07511
3939 07436 7773         7773
3940 07437 0777 L07437, AND I P07577
3941 07440 3777         DCA I P07577
3942 07441 7772         SNA SPA SZL CLA HLT
3943 07442 0314         AND D07514
3944 07443 3772         DCA I P07572
3945 07444 1317         TAD D07517
3946 07445 3772         DCA I P07572
3947 07446 1322         TAD D07522
3948 07447 3772         DCA I P07572
3949 07450 1325         TAD D07525
3950 07451 3772 D07451, 3772
3951 07452 1775         TAD I P07575
3952 07453 3777         DCA I P07577
3953 07454 1773         TAD I P07573
3954 07455 7777         7777
3955 07456 0776         AND I P07576
3956 07457 2775         ISZ I P07575
3957 07460 6140         6140
3958 07461 5265         JMP L07465
3959 07462 0771         AND I P07571
3960 07463 2777         ISZ I P07577
3961 07464 7777         7777
3962 07465 0777 L07465, AND I P07577
3963 07466 0000         AND S00000
3964 07467 1200         TAD D07400
3965 07470 3067         DCA D00067
3966 07471 5547         JMP I P00147
3967 07472 6034 D07472, 6034
3968 07473 0000         AND S00000
3969 07474 0000         AND S00000
3970 07475 1634 D07475, 1634
3971 07476 0000         AND S00000
3972 07477 0000         AND S00000
3973 07500 2007 D07500, 2007
3974 07501 7776         SNA SPA SZL CLA OSR HLT
3975 07502 0000         AND S00000
3976 07503 1774 D07503, 1774
3977 07504 2230         ISZ D07430
3978 07505 2427         ISZ I P00027
3979 07506 2016 D07506, 2016
3980 07507 7331         CLA CLL CML RAR IAC
3981 07510 7272 D07510, 7272
3982 07511 2004 D07511, 2004
3983 07512 1405         TAD I P00005
3984 07513 2216         ISZ D07416
3985 07514 1756 D07514, 1756
3986 07515 0462         AND I P00062
3987 07516 4562         JMS I P00162
3988 07517 5764 D07517, 5764
3989 07520 4000         JMS 
3990 07521 3403         DCA I P00003
3991 07522 1766 D07522, 1766
3992 07523 3141         DCA P00141
3993 07524 6672         6672
3994 07525 5775 D07525, 5775
3995 07526 2525         ISZ I P00125
3996 07527 2377         ISZ P07577
3997 07530 4407 L07530, JMS I P00007
3998 07531 7514         SPA OSR 
3999 07532 4770         JMS I P07570
4000 07533 0000         AND S00000
4001 07534 4544         JMS I P00144
4002 07535 4000         JMS 
4003 07536 4407         JMS I P00007
4004 07537 3770         DCA I P07570
4005 07540 2514         ISZ I P00114
4006 07541 0000         AND S00000
4007 07542 3067         DCA D00067
4008 07543 4515         JMS I P00115
4009 07544 5767         JMP I P07567
4010 07545 4544 L07545, JMS I P00144
4011 07546 3303         DCA D07503
4012 07547 7640         SZA CLA 
4013 07550 5547         JMP I P00147
4014 07551 1061         TAD P00061
4015 07552 1366         TAD P07566
4016 07553 7750         SNA SPA CLA 
4017 07554 5357         JMP L07557
4018 07555 1117         TAD P00117
4019 07556 4537 P07556, D04537
4020 07557 4572 L07557, JMS I P00172
4021 07560 4544         JMS I P00144
4022 07561 2612         ISZ I P07412
4023 07562 4510         JMS I P00110
4024 07563 7340         CLA CLL CMA 
4025 07564 5345 P07564, L05345
4026            
4027                    *7566
4028 07566 0016 P07566, P00016
4029 07567 3251 P07567, L03251
4030 07570 7303 P07570, D07303
4031 07571 7163 P07571, D07163
4032 07572 7255 P07572, D07255
4033 07573 1610 P07573, D01610
4034 07574 7300 P07574, D07300
4035 07575 4354 P07575, L04354
4036 07576 7136 P07576, D07136
4037 07577 7141 P07577, D07141
4038            
4039                    *7600
4040 07600 7601 P07600, L07601
4041 07601 1251 L07601, TAD P07651
4042 07602 3374         DCA D07774
4043 07603 1357         TAD L07757
4044 07604 3300         DCA L07700
4045 07605 1361         TAD D07761
4046 07606 3302         DCA D07702
4047 07607 1600 L07607, TAD I P07600
4048 07610 6201 D07610, 6201
4049 07611 3600 D07611, 3600
4050 07612 6201 D07612, 6201
4051 07613 2200 P07613, L02200
4052 07614 5207         JMP L07607
4053 07615 6203 D07615, 6203
4054 07616 5220 D07616, 5220
4055 07617 6201 D07617, 6201
4056 07620 6032 L07620, KCC
4057 07621 4260 L07621, JMS P07660
4058 07622 5221         JMP L07621
4059 07623 3215 L07623, DCA D07615
4060 07624 1217         TAD D07617
4061 07625 3244         DCA L07644
4062 07626 1216         TAD D07616
4063 07627 3210         DCA D07610
4064 07630 4277         JMS P07677
4065 07631 3211         DCA D07611
4066 07632 4260         JMS P07660
4067 07633 5311         JMP L07711
4068 07634 4251         JMS P07651
4069 07635 7420         SNL 
4070 07636 5244         JMP L07644
4071 07637 3213         DCA P07613
4072 07640 1210 L07640, TAD D07610
4073 07641 1211         TAD D07611
4074 07642 1215         TAD D07615
4075 07643 5223         JMP L07623
4076 07644 6201 L07644, CDF 0
4077 07645 3613         DCA I P07613
4078 07646 2213         ISZ P07613
4079 07647 7600 D07647, 7600
4080 07650 5240 L07650, JMP L07640
4081 07651 3376 P07651, P03376
4082 07652 1210         TAD D07610
4083 07653 7106 L07653, CLL RTL 
4084 07654 7006         RTL 
4085 07655 7006         RTL 
4086 07656 1211         TAD D07611
4087 07657 5651         JMP I P07651
4088 07660 7757 P07660, L07757
4089 07661 4277 L07661, JMS P07677
4090 07662 0276         AND D07676
4091 07663 1247         TAD D07647
4092 07664 7510         SPA 
4093 07665 2260         ISZ P07660
4094 07666 7750         SNA SPA CLA 
4095 07667 5660         JMP I P07660
4096 07670 1216         TAD D07616
4097 07671 0275         AND D07675
4098 07672 1212         TAD D07612
4099 07673 3217         DCA D07617
4100 07674 5261         JMP L07661
4101 07675 0070 D07675, 0070
4102 07676 0300 D07676, 0300
4103 07677 7775 P07677, L07775
4104 07700 6031 L07700, KSF 
4105 07701 5330         JMP L07730
4106 07702 6036 D07702, 6036
4107 07703 3216         DCA D07616
4108 07704 3335         DCA D07735
4109 07705 1337         TAD D07737
4110 07706 3336         DCA D07736
4111 07707 1216         TAD D07616
4112 07710 5677         JMP I P07677
4113 07711 4251 L07711, JMS P07651
4114 07712 7041         CIA
4115 07713 1215         TAD D07615
4116 07714 7440         SZA 
4117 07715 7402         HLT
4118 07716 2334         ISZ D07734
4119 07717 4277 L07717, JMS P07677
4120 07720 5317 L07720, JMP L07717
4121 07721 5340 L07721, JMP L07740
4122 07722 6012         RRB 
4123 07723 6032         KCC
4124 07724 7300         CLA CLL 
4125 07725 6203         CDF CIF 1
4126 07726 5727         JMP I P07727
4127 07727 2000 P07727, L02000
4128 07730 2335 L07730, ISZ D07735
4129 07731 5300         JMP L07700
4130 07732 2336         ISZ D07736
4131 07733 5300         JMP L07700
4132 07734 5321 D07734, 5321
4133 07735 0000 D07735, 0000
4134 07736 7760 D07736, 7760
4135 07737 7760 D07737, 7760
4136 07740 1337 L07740, TAD D07737
4137 07741 7402         HLT
4138            D07744=7744
4139            D07750=7750
4140            D07756=7756
4141            L07757=7757
4142            D07760=7760
4143            D07761=7761
4144            D07762=7762
4145            D07770=7770
4146            
4147                    *7774
4148 07774 5201 D07774, 5201
4149            L07775=7775
4150            D07776=7776
4151            D07777=7777
4152            
4153                    FIELD   1
4154            
4155                    *0000
4156 10000 7000 P10000, L07000
4157 10001 5000 P10001, P05000
4158 10002 0000 P10002, S00000
4159 10003 0000 S10003, 0000
4160 10004 0000 P10004, S00000
4161 10005 0000 P10005, S00000
4162 10006 0000 S10006, 0000
4163 10007 0000 P10007, S00000
4164            S10010=10010
4165            P10011=10011
4166            P10012=10012
4167            P10013=10013
4168            P10014=10014
4169            P10015=10015
4170            D10016=10016
4171            S10017=10017
4172            
4173                    *0020
4174 10020 0000 P10020, S00000
4175 10021 0000 P10021, S00000
4176 10022 0000 P10022, S00000
4177 10023 0000 P10023, S00000
4178            P10024=10024
4179            S10025=10025
4180            D10026=10026
4181            P10027=10027
4182            P10030=10030
4183            P10031=10031
4184            P10032=10032
4185            P10033=10033
4186            P10034=10034
4187            P10035=10035
4188            P10036=10036
4189            P10037=10037
4190            P10040=10040
4191            L10041=10041
4192            L10042=10042
4193            D10043=10043
4194            P10044=10044
4195            
4196                    *0045
4197 10045 0222 P10045, L00222
4198 10046 0050 P10046, P00050
4199 10047 2021 L10047, ISZ P10021
4200 10050 0334 D10050, 0334
4201 10051 0054 P10051, P00054
4202 10052 1413         TAD I P10013
4203 10053 2017 P10053, D02017
4204 10054 0133 P10054, D00133
4205 10055 0060 P10055, L00060
4206 10056 3221 D10056, 3221
4207 10057 3300 D10057, 3300
4208 10060 0437 D10060, 0437
4209 10061 0066         AND D10066
4210 10062 1532 P10062, L01532
4211 10063 1413 D10063, 1413
4212 10064 2015 D10064, 2015
4213 10065 3200 D10065, 3200
4214 10066 0534 D10066, 0534
4215 10067 0072 D10067, 0072
4216 10070 1532 P10070, L01532
4217 10071 3633 P10071, 3633
4218 10072 0636 D10072, 0636
4219 10073 0077 P10073, D00077
4220 10074 1532 P10074, L01532
4221 10075 1112         TAD P10112
4222 10076 1521 P10076, D01521
4223 10077 0735 P10077, L00735
4224 10100 0104 P10100, P00104
4225 10101 3020 P10101, D03020
4226 10102 1412 P10102, P01412
4227 10103 3500 P10103, D03500
4228 10104 1033 P10104, D01033
4229 10105 0110 P10105, P00110
4230 10106 3120 P10106, D03120
4231 10107 1500 P10107, L01500
4232 10110 1133 P10110, L01133
4233 10111 0114 D10111, 0114
4234 10112 3332 P10112, L03332
4235 10113 3100 P10113, D03100
4236 10114 1233 P10114, D01233
4237 10115 0120 P10115, P00120
4238 10116 3326 P10116, L03326
4239 10117 2200 P10117, L02200
4240 10120 1233 P10120, D01233
4241 10121 0124 P10121, D00124
4242 10122 1532 P10122, L01532
4243 10123 2200 P10123, L02200
4244 10124 0036 P10124, D00036
4245 10125 0131         AND P10131
4246 10126 1536 P10126, L01536
4247 10127 2133 P10127, D02133
4248 10130 2022         ISZ P10022
4249 10131 1334 P10131, L01334
4250 10132 0135 P10132, D00135
4251 10133 3020 P10133, D03020
4252 10134 1320 P10134, L01320
4253 10135 1422 P10135, D01422
4254 10136 0140 P10136, P00140
4255 10137 2631 P10137, D02631
4256 10140 1535 P10140, L01535
4257 10141 0145 P10141, P00145
4258 10142 2421         ISZ I P10021
4259 10143 1712 P10143, 1712
4260 10144 1100         TAD P10100
4261 10145 1635 D10145, 1635
4262 10146 0152 P10146, P00152
4263 10147 1515         TAD I P10115
4264 10150 2621 P10150, L02621
4265 10151 1300 P10151, L01300
4266 10152 1734 D10152, 1734
4267 10153 0156 P10153, P00156
4268 10154 3336 P10154, L03336
4269 10155 1336 P10155, L01336
4270 10156 2033 L10156, ISZ P10033
4271 10157 0162         AND D10162
4272 10160 2132         ISZ P10132
4273 10161 1300 P10161, L01300
4274 10162 2134 D10162, 2134
4275 10163 0166 P10163, P00166
4276 10164 2132 D10164, 2132
4277 10165 0513         AND I P10113
4278 10166 2333 P10166, 2333
4279 10167 0172 P10167, P00172
4280 10170 1336 P10170, L01336
4281 10171 3500         DCA I P10100
4282 10172 2434 D10172, 2434
4283 10173 0176 P10173, P00176
4284 10174 1413         TAD I P10013
4285 10175 3217 P10175, D03217
4286 10176 2534 P10176, L02534
4287 10177 0002 L10177, AND P10002
4288            
4289                    *0200
4290 10200 1327 P10200, D01327
4291 10201 3221 L10201, DCA D10221
4292 10202 2622         ISZ I P10222
4293 10203 0205         AND D10205
4294 10204 1320         TAD D10320
4295 10205 2722 D10205, 2722
4296 10206 0210         AND D10210
4297 10207 3121 D10207, 3121
4298 10210 3034 D10210, 3034
4299 10211 0214 D10211, 0214
4300 10212 2326         ISZ D10326
4301 10213 1413 P10213, D01413
4302 10214 3233 D10214, 3233
4303 10215 0220         AND D10220
4304 10216 3506         DCA I P10106
4305 10217 3200         DCA P10200
4306 10220 3233 D10220, 3233
4307 10221 0224 D10221, 0224
4308 10222 2132 P10222, D02132
4309 10223 1000 D10223, 1000
4310 10224 3237 D10224, 3237
4311 10225 0232         AND D10232
4312 10226 1434         TAD I P10034
4313 10227 1536         TAD I P10136
4314 10230 1334         TAD D10334
4315 10231 2700 D10231, 2700
4316 10232 3336 D10232, 3336
4317 10233 0237 P10233, D00237
4318 10234 3332 P10234, L03332
4319 10235 2332         ISZ P10332
4320 10236 1332         TAD P10332
4321 10237 3434 D10237, 3434
4322 10240 0243         AND D10243
4323 10241 3233         DCA P10233
4324 10242 2613         ISZ I P10213
4325 10243 3533 D10243, 3533
4326 10244 0247         AND D10247
4327 10245 2432         ISZ I P10032
4328 10246 0600         AND I P10200
4329 10247 3634 D10247, 3634
4330 10250 0253         AND D10253
4331 10251 1336         TAD D10336
4332 10252 1732         TAD I P10332
4333 10253 3733 D10253, 3733
4334 10254 0257         AND D10257
4335 10255 1512         TAD I P10112
4336 10256 2100         ISZ P10100
4337 10257 1211 D10257, 1211
4338 10260 0262         AND D10262
4339 10261 7000         NOP
4340 10262 3111 D10262, 3111
4341 10263 0265         AND D10265
4342 10264 0000         AND P10000
4343 10265 2344 D10265, 2344
4344 10266 0271         AND D10271
4345 10267 3427         DCA I P10027
4346 10270 1573         TAD I P10173
4347 10271 3633 D10271, 3633
4348 10272 0275         AND D10275
4349 10273 1713         TAD I P10313
4350 10274 1500         TAD I P10100
4351 10275 3633 D10275, 3633
4352 10276 0000 P10276, S00000
4353 10277 1713         TAD I P10313
4354 10300 1700 P10300, D01700
4355 10301 0000 D10301, 0000
4356 10302 0000 D10302, 0000
4357 10303 6007 L10303, 6007
4358 10304 6203 D10304, 6203
4359 10305 1337         TAD D10337
4360 10306 3346         DCA D10346
4361 10307 1740         TAD I P10340
4362 10310 6117         6117
4363 10311 5741         JMP I P10341
4364 10312 7200 L10312, CLA 
4365 10313 1342 P10313, P01342
4366 10314 3346         DCA D10346
4367 10315 1302         TAD D10302
4368 10316 7006         RTL 
4369 10317 7004         RAL 
4370 10320 0344 D10320, 0344
4371 10321 1304         TAD D10304
4372 10322 3332 P10322, L03332
4373 10323 1302         TAD D10302
4374 10324 0344         AND D10344
4375 10325 1366         TAD D10366
4376 10326 3333 D10326, 3333
4377 10327 1302 D10327, 1302
4378 10330 7004         RAL 
4379 10331 7200         CLA 
4380 10332 6201 P10332, D06201
4381 10333 6202 P10333, D06202
4382 10334 1301 D10334, 1301
4383 10335 6001         ION
4384 10336 5745 D10336, 5745
4385 10337 5312 D10337, 5312
4386 10340 5360 P10340, D05360
4387 10341 5170 P10341, L05170
4388 10342 3301 D10342, 3301
4389 10343 5303 D10343, 5303
4390 10344 0070 D10344, 0070
4391 10345 0000 P10345, S00000
4392 10346 3301 D10346, 3301
4393 10347 6634         6634
4394 10350 6674         6674
4395 10351 7200         CLA 
4396 10352 6102         6102
4397 10353 5365         JMP L10365
4398 10354 7010         RAR 
4399 10355 6234         RIB
4400 10356 3302         DCA D10302
4401 10357 1676         TAD I P10276
4402 10360 3345 L10360, DCA P10345
4403 10361 3676         DCA I P10276
4404 10362 1343         TAD D10343
4405 10363 3346         DCA D10346
4406 10364 7402         HLT
4407 10365 1301 L10365, TAD D10301
4408 10366 6202 D10366, 6202
4409 10367 5770         JMP I P10370
4410 10370 5201 P10370, L05201
4411 10371 2231         ISZ D10231
4412 10372 2207         ISZ D10207
4413 10373 2223         ISZ D10223
4414 10374 2223         ISZ D10223
4415 10375 2214         ISZ D10214
4416 10376 2213         ISZ P10213
4417 10377 2211         ISZ D10211
4418            
4419                    *0400
4420 10400 4073 D10400, 4073
4421 10401 4070 D10401, 4070
4422 10402 4064 D10402, 4064
4423 10403 3204         DCA D10404
4424 10404 3324 D10404, 3324
4425 10405 3177 D10405, 3177
4426 10406 3205         DCA D10405
4427 10407 3177         DCA L10177
4428 10410 3177         DCA L10177
4429 10411 3324         DCA D10524
4430 10412 3202         DCA D10402
4431 10413 3311         DCA P10511
4432 10414 3202         DCA D10402
4433 10415 3202         DCA D10402
4434 10416 3321 P10416, D03321
4435 10417 3177         DCA L10177
4436 10420 3317         DCA D10517
4437 10421 2231 D10421, 2231
4438 10422 2221         ISZ D10421
4439 10423 0074 P10423, P00074
4440 10424 0073 P10424, D00073
4441 10425 2223 P10425, D02223
4442 10426 3626 P10426, D03626
4443 10427 3627 P10427, D03627
4444 10430 3636         DCA I P10436
4445 10431 3636 D10431, 3636
4446 10432 3625         DCA I P10425
4447 10433 7662         SZA SNL CLA HLT
4448 10434 7655         7655
4449 10435 7662         SZA SNL CLA HLT
4450 10436 7660 P10436, P07660
4451 10437 7671         7671
4452 10440 7655         7655
4453 10441 7656         SNA CLA OSR HLT
4454 10442 7662         SZA SNL CLA HLT
4455 10443 7654         SNA CLA OSR 
4456 10444 7674         SNA SZL CLA OSR 
4457 10445 7650         SNA CLA 
4458 10446 7662         SZA SNL CLA HLT
4459 10447 1702 D10447, 1702
4460 10450 7006         RTL 
4461 10451 7006         RTL 
4462 10452 7006         RTL 
4463 10453 3703         DCA I P10503
4464 10454 1703 D10454, 1703
4465 10455 7010         RAR 
4466 10456 1624         TAD I P10424
4467 10457 0304         AND D10504
4468 10460 3705         DCA I P10505
4469 10461 7004 P10461, D07004
4470 10462 1623 P10462, 1623
4471 10463 1703         TAD I P10503
4472 10464 3703         DCA I P10503
4473 10465 1706         TAD I P10506
4474 10466 3702         DCA I P10502
4475 10467 1307         TAD D10507
4476 10470 3710         DCA I P10510
4477 10471 3711         DCA I P10511
4478 10472 1703         TAD I P10503
4479 10473 0312 P10473, 0312
4480 10474 3623         DCA I P10423
4481 10475 1705         TAD I P10505
4482 10476 3624         DCA I P10424
4483 10477 6202         CIF 0
4484 10500 5701         JMP I P10501
4485 10501 2454 P10501, L02454
4486 10502 0065 P10502, L00065
4487 10503 0063 P10503, D00063
4488 10504 7740 D10504, 7740
4489 10505 0064 P10505, D00064
4490 10506 0072 P10506, P00072
4491 10507 0200 D10507, 0200
4492 10510 0071 P10510, D00071
4493 10511 0067 P10511, D00067
4494 10512 0007 D10512, 0007
4495 10513 7062         CML CMA BSW 
4496 10514 7057         RTL RTR CIA
4497 10515 7401         7401
4498 10516 7200         CLA 
4499 10517 7314 D10517, 7314
4500 10520 2772         ISZ I P10572
4501 10521 7000 D10521, 7000
4502 10522 5047         JMP L10047
4503 10523 4336 P10523, D04336
4504 10524 1775 D10524, 1775
4505 10525 4000         JMS 
4506 10526 7040         CMA 
4507 10527 2247         ISZ D10447
4508 10530 0505         AND I P10105
4509 10531 1575         TAD I P10175
4510 10532 2236         ISZ P10436
4511 10533 2201         ISZ D10401
4512 10534 7654         SNA CLA OSR 
4513 10535 7653         7653
4514 10536 2473         ISZ I P10073
4515 10537 4000         JMS 
4516 10540 2205         ISZ D10405
4517 10541 1576         TAD I P10176
4518 10542 7666         SZA SNL CLA OSR HLT
4519 10543 0616         AND I P10416
4520 10544 7316         CLA CLL RTL RTR 
4521 10545 7007         RTL IAC
4522 10546 6063         6063
4523 10547 5550         JMP I P10150
4524 10550 6044         TPC
4525 10551 3625         DCA I P10425
4526 10552 0723         AND I P10523
4527 10553 3446         DCA I P10046
4528 10554 4470         JMS I P10070
4529 10555 2760         ISZ I P10560
4530 10556 2661         ISZ I P10461
4531 10557 6203         CDF 3
4532 10560 6337 P10560, D06337
4533 10561 3053         DCA P10053
4534 10562 3076         DCA P10076
4535 10563 3134         DCA P10134
4536 10564 4766         JMS I P10566
4537 10565 4401         JMS I P10001
4538 10566 4451 P10566, 4451
4539 10567 4535         JMS I P10135
4540 10570 4662         JMS I P10462
4541 10571 4673         JMS I P10473
4542 10572 7650 P10572, L07650
4543 10573 1254         TAD D10454
4544 10574 5042         JMP L10042
4545 10575 4256 P10575, D04256
4546 10576 4000         JMS 
4547 10577 0000         AND P10000
4548            
4549                    *0600
4550 10600 2453         ISZ I P10053
4551 10601 6544         6544
4552 10602 3230         DCA D10630
4553 10603 3311         DCA D10711
4554 10604 7701         7701
4555 10605 6343         6343
4556 10606 2553         ISZ I P10153
4557 10607 1207 D10607, 1207
4558 10610 1244         TAD D10644
4559 10611 1424         TAD I P10024
4560 10612 1444         TAD I P10044
4561 10613 1546 D10613, 1546
4562 10614 1473         TAD I P10073
4563 10615 1537         TAD I P10137
4564 10616 2400         ISZ I P10000
4565 10617 2407         ISZ I P10007
4566 10620 1047         TAD L10047
4567 10621 1114         TAD P10114
4568 10622 1124         TAD P10124
4569 10623 4364         JMS P10764
4570            D10630=10630
4571            D10644=10644
4572            D10711=10711
4573            
4574                    *0744
4575 10744 1375         TAD D10775
4576 10745 3373         DCA P10773
4577 10746 1776         TAD I P10776
4578 10747 3374         DCA D10774
4579 10750 7001         IAC
4580 10751 1377 L10751, TAD D10777
4581 10752 1773         TAD I P10773
4582 10753 3355         DCA D10755
4583 10754 7001         IAC
4584 10755 7402 D10755, 7402
4585 10756 2373         ISZ P10773
4586 10757 2374 L10757, ISZ D10774
4587 10760 5351         JMP L10751
4588 10761 7701         7701
4589 10762 7001         IAC
4590 10763 7421         7421
4591 10764 6203 P10764, D06203
4592 10765 1371         TAD D10771
4593 10766 3772         DCA I P10772
4594 10767 5770         JMP I P10770
4595 10770 0213 P10770, L00213
4596 10771 0764 D10771, 0764
4597 10772 0112 P10772, P00112
4598 10773 0000 P10773, S00000
4599 10774 0000 D10774, 0000
4600 10775 5170 D10775, 5170
4601 10776 5357 P10776, D05357
4602 10777 7766 D10777, 7766
4603            
4604                    *1000
4605 11000 5356         JMP L11156
4606 11001 0000 D11001, 0000
4607 11002 1201         TAD D11001
4608 11003 3206         DCA S11006
4609 11004 1132         TAD P10132
4610 11005 7410         SKP 
4611 11006 0000 S11006, 0000
4612 11007 1132         TAD P10132
4613 11010 3201         DCA D11001
4614 11011 1113         TAD P10113
4615 11012 3101         DCA P10101
4616 11013 7410         SKP 
4617 11014 2101 L11014, ISZ P10101
4618 11015 1101         TAD P10101
4619 11016 1632         TAD I P11032
4620 11017 7740         SZA SMA CLA 
4621 11020 5606         JMP I S11006
4622 11021 1201         TAD D11001
4623 11022 0501         AND I P10101
4624 11023 7650         SNA CLA 
4625 11024 5214         JMP L11014
4626 11025 1113         TAD P10113
4627 11026 7041         CIA
4628 11027 1101         TAD P10101
4629 11030 2206 D11030, 2206
4630 11031 5606         JMP I S11006
4631 11032 0230 P11032, D00230
4632 11033 0000 P11033, S00000
4633 11034 7106         CLL RTL 
4634 11035 7006         RTL 
4635 11036 7006         RTL 
4636 11037 5633         JMP I P11033
4637 11040 0000 P11040, S00000
4638 11041 4546         JMS I P10146
4639 11042 3107         DCA P10107
4640 11043 7344         CLA CLL CMA RAL 
4641 11044 1101         TAD P10101
4642 11045 7041         CIA
4643 11046 4546         JMS I P10146
4644 11047 7640 D11047, 7640
4645 11050 4554         JMS I P10154
4646 11051 4540         JMS I P10140
4647 11052 5640         JMP I P11040
4648 11053 7301         CLA CLL IAC
4649 11054 3025         DCA S10025
4650 11055 1103         TAD P10103
4651 11056 4543         JMS I P10143
4652 11057 4744 L11057, JMS I P11144
4653 11060 1051         TAD P10051
4654 11061 7640         SZA CLA 
4655 11062 5257         JMP L11057
4656 11063 1025         TAD S10025
4657 11064 3034         DCA P10034
4658 11065 4563         JMS I P10163
4659 11066 4554         JMS I P10154
4660 11067 4546         JMS I P10146
4661 11070 1346         TAD D11146
4662 11071 7450         SNA 
4663 11072 5307         JMP L11107
4664 11073 1347         TAD D11147
4665 11074 7640         SZA CLA 
4666 11075 5745         JMP I P11145
4667 11076 6002         IOF
4668 11077 4201         JMS D11001
4669 11100 7610         SKP CLA 
4670 11101 4554 L11101, JMS I P10154
4671 11102 1201         TAD D11001
4672 11103 1512         TAD I P10112
4673 11104 3512         DCA I P10112
4674 11105 6014         RFC 
4675 11106 5750         JMP I P11150
4676 11107 6002 L11107, IOF
4677 11110 4206         JMS S11006
4678 11111 7410         SKP 
4679 11112 5301         JMP L11101
4680 11113 1201         TAD D11001
4681 11114 1512         TAD I P10112
4682 11115 3512         DCA I P10112
4683 11116 6001         ION
4684 11117 5751         JMP I P11151
4685 11120 3037         DCA P10037
4686 11121 1117         TAD P10117
4687 11122 3043         DCA D10043
4688 11123 4566         JMS I P10166
4689 11124 1134         TAD P10134
4690 11125 7510         SPA 
4691 11126 5752         JMP I P11152
4692 11127 1353         TAD D11153
4693 11130 3102         DCA P10102
4694 11131 6201         CDF 1
4695 11132 1502         TAD I P10102
4696 11133 6201         CDF 0
4697 11134 3102         DCA P10102
4698 11135 5502         JMP I P10102
4699 11136 0002         AND P10002
4700 11137 0006         AND S10006
4701 11140 0012         AND P10012
4702 11141 0005         AND P10005
4703 11142 0011         AND P10011
4704 11143 0004         AND P10004
4705 11144 2555 P11144, D02555
4706 11145 0474 P11145, L00474
4707 11146 7503 D11146, 7503
4708 11147 0004 D11147, 0004
4709 11150 0505 P11150, L00505
4710 11151 2247 P11151, L02247
4711 11152 2561 P11152, L02561
4712 11153 0527 D11153, 0527
4713            L11156=11156
4714            
4715                    *1200
4716 11200 1773 P11200, D01773
4717 11201 3772         DCA I P11372
4718 11202 2372         ISZ P11372
4719 11203 2373         ISZ P11373
4720 11204 5356         JMP L11356
4721 11205 1371 P11205, D01371
4722 11206 3350         DCA L11350
4723 11207 1371         TAD P11371
4724 11210 3351         DCA D11351
4725 11211 5770         JMP I P11370
4726 11212 7573         7573
4727 11213 7576         SNA SPA SZL OSR HLT
4728 11214 7573         7573
4729 11215 7774         SNA SPA SZL CLA OSR 
4730 11216 6603         6603
4731 11217 6622 P11217, D06622
4732 11220 5374 D11220, 5374
4733 11221 7610         SKP CLA 
4734 11222 1774         TAD I P11374
4735 11223 3773         DCA I P11373
4736 11224 2373         ISZ P11373
4737 11225 2374         ISZ P11374
4738 11226 5356         JMP L11356
4739 11227 3354         DCA D11354
4740 11230 1372         TAD P11372
4741 11231 3355         DCA D11355
4742 11232 1371         TAD P11371
4743 11233 5770         JMP I P11370
4744 11234 7575         7575
4745 11235 0220         AND D11220
4746 11236 7577         7577
4747 11237 7575         7575
4748 11240 7775         7775
4749 11241 6766         6766
4750 11242 6771         6771
4751 11243 5376         JMP L11376
4752 11244 1377         TAD D11377
4753 11245 3030         DCA P10030
4754 11246 1376         TAD L11376
4755 11247 3031 P11247, D03031
4756 11250 5030         JMP P10030
4757 11251 0000         AND P10000
4758 11252 0000         AND P10000
4759 11253 0000         AND P10000
4760 11254 0000         AND P10000
4761 11255 0000         AND P10000
4762 11256 0000         AND P10000
4763 11257 0000         AND P10000
4764 11260 0000         AND P10000
4765 11261 0000         AND P10000
4766 11262 0000         AND P10000
4767 11263 0000         AND P10000
4768 11264 5031         JMP P10031
4769 11265 6733         6733
4770 11266 1772         TAD I P11372
4771 11267 3771         DCA I P11371
4772 11270 2371         ISZ P11371
4773 11271 2372         ISZ P11372
4774 11272 5356         JMP L11356
4775 11273 5350         JMP L11350
4776 11274 0000         AND P10000
4777 11275 0000         AND P10000
4778 11276 0000         AND P10000
4779 11277 0000         AND P10000
4780 11300 0000         AND P10000
4781 11301 7750 P11301, D07750
4782 11302 7773         7773
4783 11303 7600         7600 CLA 
4784 11304 6603         6603
4785 11305 6622         6622
4786 11306 5352         JMP P11352
4787 11307 5752         JMP I P11352
4788 11310 6774         6774
4789 11311 1377         TAD D11377
4790 11312 3354         DCA D11354
4791 11313 1376         TAD L11376
4792 11314 3355         DCA D11355
4793 11315 1375         TAD D11375
4794 11316 6766         6766
4795 11317 6771 P11317, D06771
4796 11320 5365         JMP L11365
4797 11321 1374         TAD P11374
4798 11322 6766         6766
4799 11323 6771 P11323, D06771
4800 11324 5371         JMP P11371
4801 11325 5200         JMP P11200
4802 11326 0220         AND D11220
4803 11327 0600         AND I P11200
4804 11330 7577         7577
4805 11331 7700         SMA CLA 
4806 11332 1114         TAD P10114
4807 11333 1405         TAD I P10005
4808 11334 0701         AND I P11301
4809 11335 1440         TAD I P10040
4810 11336 1723         TAD I P11323
4811 11337 5770 P11337, L05770
4812 11340 4004 D11340, 4004
4813 11341 0526         AND I P10126
4814 11342 1103         TAD P10103
4815 11343 0540         AND I P10140
4816 11344 0617         AND I P11217
4817 11345 2516         ISZ I P10116
4818 11346 0437         AND I P10037
4819 11347 0301         AND P11301
4820 11350 1647 L11350, TAD I P11247
4821 11351 2440 D11351, 2440
4822 11352 2301 P11352, L02301
4823 11353 2605         ISZ I P11205
4824 11354 4002 D11354, 4002
4825 11355 1717 D11355, 1717
4826 11356 2423 L11356, ISZ I P10023
4827 11357 2422         ISZ I P10022
4828 11360 0120         AND P10120
4829 11361 3737         DCA I P11337
4830 11362 0000         AND P10000
4831 11363 3737         DCA I P11337
4832 11364 2417         ISZ I S10017
4833 11365 4002 L11365, JMS P10002
4834 11366 1717         TAD I P11317
4835 11367 2423         ISZ I P10023
4836 11370 2422 P11370, L02422
4837 11371 0120 P11371, P00120
4838 11372 4002 P11372, S04002
4839 11373 0103 P11373, P00103
4840 11374 1340 P11374, D01340
4841 11375 0000 D11375, 0000
4842 11376 1723 L11376, TAD I P11323
4843 11377 5770 D11377, 5770
4844            
4845                    *1400
4846 11400 0000         AND P10000
4847 11401 4015         JMS P10015
4848 11402 1716         TAD I P11516
4849 11403 1124         TAD P10124
4850 11404 1722 P11404, D01722
4851 11405 7237 D11405, 7237
4852 11406 4040         JMS P10040
4853 11407 1417         TAD I S10017
4854 11410 0104         AND P10104
4855 11411 4001         JMS P10001
4856 11412 0404         AND I P10004
4857 11413 2205         ISZ D11405
4858 11414 2323         ISZ D11523
4859 11415 4060         JMS D10060
4860 11416 6766         6766
4861 11417 6060         6060
4862 11420 3740         DCA I P11540
4863 11421 4001         JMS P10001
4864 11422 1604         TAD I P11404
4865 11423 4023         JMS P10023
4866 11424 2401 D11424, 2401
4867 11425 2224         ISZ D11424
4868 11426 3737         DCA I P11537
4869 11427 0000         AND P10000
4870 11430 0411         AND I P10011
4871 11431 2313         ISZ D11513
4872 11432 0000         AND P10000
4873 11433 2401         ISZ I P10001
4874 11434 2005         ISZ P10005
4875 11435 0000         AND P10000
4876            D11513=11513
4877            P11516=11516
4878            P11522=11522
4879            D11523=11523
4880            P11537=11537
4881            P11540=11540
4882            
4883                    *1600
4884 11600 6211 P11600, D06211
4885 11601 1777         TAD I P11777
4886 11602 0376         AND D11776
4887 11603 1375         TAD D11775
4888 11604 7510         SPA 
4889 11605 5215         JMP L11615
4890 11606 7450         SNA 
4891 11607 5227         JMP L11627
4892 11610 1374         TAD D11774
4893 11611 7510         SPA 
4894 11612 5221         JMP L11621
4895 11613 7650         SNA CLA 
4896 11614 5226         JMP L11626
4897 11615 7200 L11615, CLA 
4898 11616 4773         JMS I P11773
4899 11617 1332         TAD D11732
4900 11620 5772         JMP I P11772
4901 11621 7200 L11621, CLA 
4902 11622 5225 D11622, 5225
4903 11623 7001 L11623, IAC
4904 11624 7001 L11624, IAC
4905 11625 7001 L11625, IAC
4906 11626 7001 L11626, IAC
4907 11627 7001 L11627, IAC
4908 11630 1371         TAD D11771
4909 11631 3253         DCA P11653
4910 11632 1653         TAD I P11653
4911 11633 3253         DCA P11653
4912 11634 6201 L11634, CDF 1
4913 11635 1653         TAD I P11653
4914 11636 2253         ISZ P11653
4915 11637 6201         CDF 0
4916 11640 3654         DCA I P11654
4917 11641 2254         ISZ P11654
4918 11642 5234         JMP L11634
4919 11643 6201         CDF 1
4920 11644 4773 D11644, 4773
4921 11645 1363         TAD D11763
4922 11646 4773         JMS I P11773
4923 11647 1376 D11647, 1376
4924 11650 4773         JMS I P11773
4925 11651 1401         TAD I P10001
4926 11652 5772         JMP I P11772
4927 11653 0000 P11653, S00000
4928 11654 7756 P11654, D07756
4929 11655 1244         TAD D11644
4930 11656 1310         TAD D11710
4931 11657 1266         TAD D11666
4932 11660 1200         TAD P11600
4933 11661 1222         TAD D11622
4934 11662 6201         CDF 1
4935 11663 1370         TAD P11770
4936 11664 6766         6766
4937 11665 6771 L11665, 6771
4938 11666 5265 D11666, 5265
4939 11667 1367         TAD D11767
4940 11670 3247         DCA D11647
4941 11671 5223         JMP L11623
4942 11672 6201         CDF 1
4943 11673 1366         TAD D11766
4944 11674 3247         DCA D11647
4945 11675 5224         JMP L11624
4946            D11710=11710
4947            D11732=11732
4948            D11763=11763
4949            
4950                    *1766
4951 11766 1430 D11766, 1430
4952 11767 1433 D11767, 1433
4953 11770 0600 P11770, S00600
4954 11771 1654 D11771, 1654
4955 11772 2003 P11772, L02003
4956 11773 2427 P11773, 2427
4957 11774 7670 D11774, 7670
4958 11775 7730 D11775, 7730
4959 11776 0770 D11776, 0770
4960 11777 7760 P11777, D07760
4961            
4962                    *2000
4963 12000 5203 P12000, L05203
4964 12001 7000         NOP
4965 12002 5777         JMP I P12177
4966 12003 6201 L12003, CDF 1
4967 12004 1732         TAD I P12132
4968 12005 6201         CDF 0
4969 12006 3733         DCA I P12133
4970 12007 2332         ISZ P12132
4971 12010 2333         ISZ P12133
4972 12011 2334         ISZ D12134
4973 12012 5203         JMP L12003
4974 12013 6201         CDF 0
4975 12014 1776         TAD I P12176
4976 12015 3775         DCA I P12175
4977 12016 6201         CDF 1
4978 12017 1730 L12017, TAD I P12130
4979 12020 7001         IAC
4980 12021 7110         CLL RAR 
4981 12022 3730         DCA I P12130
4982 12023 2330         ISZ P12130
4983 12024 2331         ISZ D12131
4984 12025 5217         JMP L12017
4985 12026 6201         CDF 1
4986 12027 6032         KCC
4987 12030 1374         TAD D12174
4988 12031 3326         DCA P12126
4989 12032 1373         TAD D12173
4990 12033 3327         DCA D12127
4991 12034 1372 L12034, TAD D12172
4992 12035 3726         DCA I P12126
4993 12036 2326         ISZ P12126
4994 12037 2327 P12037, D02327
4995 12040 5234         JMP L12034
4996 12041 4771         JMS I P12171
4997 12042 2510         ISZ I P10110
4998 12043 4771         JMS I P12171
4999 12044 2524         ISZ I P10124
5000 12045 4770         JMS I P12170
5001 12046 1367         TAD D12167
5002 12047 7540         SZA SMA 
5003 12050 5766         JMP I P12166
5004 12051 1365         TAD D12165
5005 12052 7550         SNA SPA 
5006 12053 5766         JMP I P12166
5007 12054 7041         CIA
5008 12055 3005         DCA P10005
5009 12056 5764         JMP I P12164
5010 12057 6201         CDF 1
5011 12060 1005         TAD P10005
5012 12061 7001         IAC
5013 12062 7650         SNA CLA 
5014 12063 5300         JMP L12100
5015 12064 4771 L12064, JMS I P12171
5016 12065 2637         ISZ I P12037
5017 12066 4770         JMS I P12170
5018 12067 1363 D12067, 1363
5019 12070 7450         SNA 
5020 12071 5301         JMP L12101
5021 12072 1362         TAD D12162
5022 12073 7650         SNA CLA 
5023 12074 5300         JMP L12100
5024 12075 4771         JMS I P12171
5025 12076 2476         ISZ I P10076
5026 12077 5264         JMP L12064
5027 12100 7340 L12100, CLA CLL CMA 
5028 12101 3007 L12101, DCA P10007
5029 12102 1007         TAD P10007
5030 12103 7650         SNA CLA 
5031 12104 5761         JMP I P12161
5032 12105 1374         TAD D12174
5033 12106 3326         DCA P12126
5034 12107 1005         TAD P10005
5035 12110 3327 P12110, D03327
5036 12111 1360         TAD D12160
5037 12112 3325         DCA D12125
5038 12113 2327 L12113, ISZ D12127
5039 12114 5316         JMP L12116
5040 12115 5757         JMP I P12157
5041 12116 1325 L12116, TAD D12125
5042 12117 3726         DCA I P12126
5043 12120 2326         ISZ P12126
5044 12121 1325         TAD D12125
5045 12122 1356         TAD D12156
5046 12123 3325         DCA D12125
5047 12124 5313         JMP L12113
5048 12125 0400 D12125, 0400
5049 12126 0000 P12126, S00000
5050 12127 0000 D12127, 0000
5051 12130 0537 P12130, L00537
5052 12131 7713 D12131, 7713
5053 12132 1000 P12132, L01000
5054 12133 7600 P12133, P07600
5055 12134 7622 D12134, 7622
5056            
5057                    *2156
5058 12156 0020 D12156, 0020
5059 12157 2200 P12157, L02200
5060 12160 0410 D12160, 0410
5061 12161 3200 P12161, P03200
5062 12162 0013 D12162, 0013
5063 12163 7447 D12163, 7447
5064 12164 2267 P12164, L02267
5065 12165 0010 D12165, 0010
5066 12166 2403 P12166, L02403
5067 12167 7510 D12167, 7510
5068 12170 2411 P12170, 2411
5069 12171 2427 P12171, 2427
5070 12172 0120 D12172, 0120
5071 12173 7774 D12173, 7774
5072 12174 7001 D12174, 7001
5073 12175 4175 P12175, D04175
5074 12176 2710 P12176, D02710
5075 12177 1600 P12177, L01600
5076            
5077                    *2200
5078 12200 1005 D12200, 1005
5079 12201 7001         IAC
5080 12202 7650         SNA CLA 
5081 12203 5777         JMP I P12377
5082 12204 4776 L12204, JMS I P12376
5083 12205 2672         ISZ I P12272
5084 12206 4775         JMS I P12375
5085 12207 1374         TAD D12374
5086 12210 7450         SNA 
5087 12211 5777         JMP I P12377
5088 12212 1373         TAD D12373
5089 12213 7650         SNA CLA 
5090 12214 5220         JMP L12220
5091 12215 4776         JMS I P12376
5092 12216 2476         ISZ I P10076
5093 12217 5204         JMP L12204
5094 12220 1005 L12220, TAD P10005
5095 12221 3232         DCA D12232
5096 12222 1372         TAD D12372
5097 12223 3231         DCA P12231
5098 12224 1371         TAD D12371
5099 12225 3770         DCA I P12370
5100 12226 2232 L12226, ISZ D12232
5101 12227 5233         JMP L12233
5102 12230 5777         JMP I P12377
5103 12231 0000 P12231, S00000
5104 12232 0000 D12232, 0000
5105 12233 4776 L12233, JMS I P12376
5106 12234 2655         ISZ I P12255
5107 12235 4775         JMS I P12375
5108 12236 1367         TAD D12367
5109 12237 7540         SZA SMA 
5110 12240 5766         JMP I P12366
5111 12241 1365         TAD D12365
5112 12242 7510         SPA 
5113 12243 5766         JMP I P12366
5114 12244 7106         CLL RTL 
5115 12245 7006         RTL 
5116 12246 7006         RTL 
5117 12247 3631         DCA I P12231
5118 12250 4775         JMS I P12375
5119 12251 1367         TAD D12367
5120 12252 7540         SZA SMA 
5121 12253 5766         JMP I P12366
5122 12254 1365         TAD D12365
5123 12255 7510 P12255, D07510
5124 12256 5766         JMP I P12366
5125 12257 7001         IAC
5126 12260 7106         CLL RTL 
5127 12261 7004         RAL 
5128 12262 1631 P12262, D01631
5129 12263 3631         DCA I P12231
5130 12264 2231         ISZ P12231
5131 12265 2770         ISZ I P12370
5132 12266 5226         JMP L12226
5133 12267 7301         CLA CLL IAC
5134 12270 3022         DCA P10022
5135 12271 1364         TAD D12364
5136 12272 3301 P12272, D03301
5137 12273 1304         TAD D12304
5138 12274 6201         CDF 0
5139 12275 3763         DCA I P12363
5140 12276 6201         CDF 1
5141 12277 1304         TAD D12304
5142 12300 3763         DCA I P12363
5143 12301 0000 L12301, AND P10000
5144 12302 1362         TAD D12362
5145 12303 3763         DCA I P12363
5146 12304 7000 D12304, 7000
5147 12305 1763         TAD I P12363
5148 12306 7410         SKP 
5149 12307 7402         HLT
5150 12310 6201         CDF 1
5151 12311 1763         TAD I P12363
5152 12312 7640         SZA CLA 
5153 12313 5761         JMP I P12361
5154 12314 1362         TAD D12362
5155 12315 6201         CDF 0
5156 12316 1763         TAD I P12363
5157 12317 7640         SZA CLA 
5158 12320 5761         JMP I P12361
5159 12321 2022         ISZ P10022
5160 12322 1301         TAD L12301
5161 12323 1360         TAD D12360
5162 12324 3301         DCA L12301
5163 12325 5301         JMP L12301
5164            
5165                    *2360
5166 12360 0010 D12360, 0010
5167 12361 2057 P12361, L02057
5168 12362 1000 D12362, 1000
5169 12363 0000 P12363, S00000
5170 12364 6221 D12364, 6221
5171 12365 0007 D12365, 0007
5172 12366 2400 P12366, L02400
5173 12367 7511 D12367, 7511
5174 12370 2662 P12370, L02662
5175 12371 4361 D12371, 4361
5176 12372 7001 D12372, 7001
5177 12373 0013 D12373, 0013
5178 12374 7447 D12374, 7447
5179 12375 2411 P12375, 2411
5180 12376 2427 P12376, 2427
5181 12377 3200 P12377, P03200
5182            
5183                    *2400
5184 12400 4227 D12400, 4227
5185 12401 2476 D12401, 2476
5186 12402 5777         JMP I P12577
5187 12403 4227 D12403, 4227
5188 12404 2476         ISZ I P10076
5189 12405 5776 D12405, 5776
5190 12406 4227         JMS S12427
5191 12407 2476         ISZ I P10076
5192 12410 5775         JMP I P12575
5193 12411 0000 P12411, S00000
5194 12412 6031 L12412, KSF 
5195 12413 5212         JMP L12412
5196 12414 6036         KRB
5197 12415 1374 D12415, 1374
5198 12416 7450         SNA 
5199 12417 5773         JMP I P12573
5200 12420 1372         TAD D12572
5201 12421 6046         TLS
5202 12422 6041 L12422, TSF 
5203 12423 5222 P12423, D05222
5204 12424 0371         AND D12571
5205 12425 1370         TAD D12570
5206 12426 5611 P12426, D05611
5207 12427 0000 S12427, 0000
5208 12430 7200         CLA 
5209 12431 1627         TAD I S12427
5210 12432 3275         DCA P12475
5211 12433 2227 D12433, 2227
5212 12434 1675 L12434, TAD I P12475
5213 12435 7112         CLL RTR 
5214 12436 7012         RTR 
5215 12437 7012 D12437, 7012
5216 12440 4245 D12440, 4245
5217 12441 1675         TAD I P12475
5218 12442 4245         JMS S12445
5219 12443 2275         ISZ P12475
5220 12444 5234         JMP L12434
5221 12445 0000 S12445, 0000
5222 12446 0367         AND D12567
5223 12447 7450         SNA 
5224 12450 5627         JMP I S12427
5225 12451 1366         TAD D12566
5226 12452 7450         SNA 
5227 12453 5271         JMP L12471
5228 12454 7510         SPA 
5229 12455 1365         TAD D12565
5230 12456 1364         TAD D12564
5231 12457 4261 L12457, JMS S12461
5232 12460 5645         JMP I S12445
5233 12461 0000 S12461, 0000
5234 12462 6046         TLS
5235 12463 7200         CLA 
5236 12464 6041 L12464, TSF 
5237 12465 5264         JMP L12464
5238 12466 6031         KSF 
5239 12467 5661         JMP I S12461
5240 12470 5627         JMP I S12427
5241 12471 1363 L12471, TAD D12563
5242 12472 4261         JMS S12461
5243 12473 1362         TAD D12562
5244 12474 5257         JMP L12457
5245 12475 0000 P12475, S00000
5246 12476 3711         DCA I P12511
5247 12477 1626         TAD I P12426
5248 12500 0114         AND P10114
5249 12501 1104         TAD P10104
5250 12502 4022         JMS P10022
5251 12503 0523         AND I P10123
5252 12504 2017         ISZ S10017
5253 12505 1623 D12505, 1623
5254 12506 0537 P12506, L00537
5255 12507 0000         AND P10000
5256 12510 3737         DCA I P12537
5257 12511 0504 P12511, D00504
5258 12512 2523         ISZ I P10123
5259 12513 3123         DCA P10123
5260 12514 2405         ISZ I P10005
5261 12515 1540         TAD I P10140
5262 12516 6260 P12516, D06260
5263 12517 4040         JMS P10040
5264 12520 0201         AND D12401
5265 12521 2311         ISZ P12511
5266 12522 0337         AND P12537
5267 12523 0000         AND P10000
5268 12524 3716         DCA I P12516
5269 12525 2515         ISZ I P10115
5270 12526 0205         AND D12405
5271 12527 2240         ISZ D12440
5272 12530 1706         TAD I P12506
5273 12531 4025         JMS S10025
5274 12532 2305         ISZ D12505
5275 12533 2223         ISZ P12423
5276 12534 4050         JMS D10050
5277 12535 6140         6140
5278 12536 2417         ISZ I S10017
5279 12537 4070 P12537, D04070
5280 12540 5177         JMP L10177
5281 12541 0000         AND P10000
5282            
5283                    *2562
5284 12562 0212 D12562, 0212
5285 12563 0215 D12563, 0215
5286 12564 0237 D12564, 0237
5287 12565 0100 D12565, 0100
5288 12566 7741 D12566, 7741
5289 12567 0077 D12567, 0077
5290 12570 0200 D12570, 0200
5291 12571 0177 D12571, 0177
5292 12572 0203 D12572, 0203
5293 12573 2026 P12573, L02026
5294 12574 7575 D12574, 7575
5295 12575 2056 P12575, L02056
5296 12576 2043 P12576, L02043
5297 12577 2233 P12577, L02233
5298            
5299                    *2600
5300 12600 2205         ISZ P12605
5301 12601 0104         AND P10104
5302 12602 0522         AND I P10122
5303 12603 4050 P12603, D04050
5304 12604 3140 P12604, D03140
5305 12605 1722 P12605, D01722
5306 12606 4016         JMS D10016
5307 12607 5177         JMP L10177
5308 12610 0000         AND P10000
5309 12611 3704         DCA I P12704
5310 12612 1740         TAD I P12740
5311 12613 3117         DCA P10117
5312 12614 2540 D12614, 2540
5313 12615 1001         TAD P10001
5314 12616 2605         ISZ I P12605
5315 12617 4001         JMS P10001
5316 12620 4010         JMS S10010
5317 12621 1107         TAD P10107
5318 12622 1040         TAD P10040
5319 12623 2320         ISZ P12720
5320 12624 0505 P12624, L00505
5321 12625 0440         AND I P10040
5322 12626 0000         AND P10000
5323 12627 2025         ISZ S10025
5324 12630 1603         TAD I P12603
5325 12631 1040         TAD P10040
5326 12632 5031         JMP P10031
5327 12633 4017         JMS S10017
5328 12634 2240         ISZ P12640
5329 12635 1651         TAD I P12651
5330 12636 7700         SMA CLA 
5331 12637 3720 P12637, L03720
5332 12640 0420 P12640, D00420
5333 12641 5570         JMP I P10170
5334 12642 5714         JMP I P12714
5335 12643 4003         JMS S10003
5336 12644 1715         TAD I P12715
5337 12645 2025         ISZ S10025
5338 12646 2405         ISZ I P10005
5339 12647 2240         ISZ P12640
5340 12650 5031         JMP P10031
5341 12651 4017 P12651, D04017
5342 12652 2240         ISZ P12640
5343 12653 1651         TAD I P12651
5344 12654 7700         SMA CLA 
5345 12655 3724         DCA I P12724
5346 12656 0514         AND I P10114
5347 12657 0524         AND I P10124
5348 12660 3120         DCA P10120
5349 12661 0540         AND I P10140
5350 12662 4000         JMS 
5351 12663 4004         JMS P10004
5352 12664 0526         AND I P10126
5353 12665 1103         TAD P10103
5354 12666 0540         AND I P10140
5355 12667 0317         AND D12717
5356 12670 0405         AND I P10005
5357 12671 7700         SMA CLA 
5358 12672 3723         DCA I P12723
5359 12673 2401         ISZ I P10001
5360 12674 1604         TAD I P12604
5361 12675 0122         AND P10122
5362 12676 0440         AND I P10040
5363 12677 2205         ISZ P12605
5364 12700 1517         TAD I P10117
5365 12701 2405 D12701, 2405
5366 12702 4024         JMS P10024
5367 12703 0514 P12703, D00514
5368 12704 0524 P12704, D00524
5369 12705 3120 D12705, 3120
5370 12706 0540 P12706, D00540
5371 12707 0317         AND D12717
5372 12710 0405         AND I P10005
5373 12711 2340         ISZ P12740
5374 12712 5031         JMP P10031
5375 12713 4017 D12713, 4017
5376 12714 2240 P12714, L02240
5377 12715 1651 P12715, D01651
5378 12716 7700 P12716, L07700
5379 12717 3706 D12717, 3706
5380 12720 1105 P12720, D01105
5381 12721 1404         TAD I P10004
5382 12722 4000 P12722, L04000
5383 12723 3724 P12723, D03724
5384 12724 1005 P12724, D01005
5385 12725 2205 P12725, L02205
5386 12726 4001         JMS P10001
5387 12727 2205 P12727, L02205
5388 12730 4000         JMS P10000
5389 12731 4002         JMS P10002
5390 12732 1417         TAD I S10017
5391 12733 0313         AND D12713
5392 12734 2340         ISZ P12740
5393 12735 1405         TAD I P10005
5394 12736 0624         AND I P12624
5395 12737 4011         JMS P10011
5396 12740 1640 P12740, D01640
5397 12741 2410         ISZ I S10010
5398 12742 1123         TAD P10123
5399 12743 4006         JMS S10006
5400 12744 1105         TAD P10105
5401 12745 1404         TAD I P10004
5402 12746 5637         JMP I P12637
5403 12747 4031         JMS P10031
5404 12750 1725         TAD I P12725
5405 12751 2240         ISZ P12640
5406 12752 0114         AND P10114
5407 12753 1417         TAD I S10017
5408 12754 0301         AND D12701
5409 12755 2411         ISZ I P10011
5410 12756 1716         TAD I P12716
5411 12757 4006         JMS S10006
5412 12760 1722         TAD I P12722
5413 12761 4025         JMS S10025
5414 12762 2305         ISZ D12705
5415 12763 2240         ISZ P12640
5416 12764 4000         JMS 
5417 12765 4027         JMS P10027
5418 12766 1114         TAD P10114
5419 12767 1440         TAD I P10040
5420 12770 0205         AND P12605
5421 12771 4010         JMS S10010
5422 12772 1727         TAD I P12727
5423 12773 4015         JMS P10015
5424 12774 0116         AND P10116
5425 12775 3140         DCA P10140
5426 12776 0214         AND D12614
5427 12777 1703         TAD I P12703
5428            
5429                    *3000
5430 13000 1323         TAD P13123
5431 13001 7700         SMA CLA 
5432 13002 3737         DCA I P13137
5433 13003 0516         AND I P10116
5434 13004 0440         AND I P10040
5435 13005 1706         TAD I P13106
5436 13006 4004         JMS P10004
5437 13007 1101         TAD P10101
5438 13010 1417         TAD I S10017
5439 13011 0725         AND I P13125
5440 13012 0537         AND I P10137
5441 13013 0000         AND P10000
5442 13014 3702         DCA I P13102
5443 13015 1417         TAD I S10017
5444 13016 0313         AND D13113
5445 13017 4023 P13017, D04023
5446 13020 1132         TAD P10132
5447 13021 0523         AND I P10123
5448 13022 4004 D13022, 4004
5449 13023 1716         TAD I P13116
5450 13024 4724 P13024, L04724
5451 13025 4027         JMS P10027
5452 13026 1722         TAD I P13122
5453 13027 1355         TAD D13155
5454 13030 5510         JMP I P10110
5455 13031 0126         AND P10126
5456 13032 0540         AND I P10140
5457 13033 2417         ISZ I S10017
5458 13034 4023         JMS P10023
5459 13035 2401         ISZ I P10001
5460 13036 2224         ISZ P13024
5461 13037 4001         JMS P10001
5462 13040 0701 P13040, D00701
5463 13041 1116         TAD P10116
5464 13042 3737         DCA I P13137
5465 13043 0000         AND P10000
5466 13044 3723         DCA I P13123
5467 13045 0115         AND P10115
5468 13046 0540         AND I P10140
5469 13047 0115         AND P10115
5470 13050 1725         TAD I P13125
5471 13051 1624 P13051, D01624
5472 13052 4017         JMS S10017
5473 13053 0640         AND I P13040
5474 13054 2324         ISZ P13124
5475 13055 1722         TAD I P13122
5476 13056 0107         AND P10107
5477 13057 0540         AND I P10140
5478 13060 0617         AND I P13017
5479 13061 2240         ISZ P13040
5480 13062 0114         AND P10114
5481 13063 1440         TAD I P10040
5482 13064 2523         ISZ I P10123
5483 13065 0522         AND I P10122
5484 13066 2377         ISZ D13177
5485 13067 0000         AND P10000
5486 13070 3711         DCA I P13111
5487 13071 2340         ISZ D13140
5488 13072 2410         ISZ I S10010
5489 13073 0540         AND I P10140
5490 13074 0102         AND P10102
5491 13075 1726         TAD I P13126
5492 13076 0540         AND I P10140
5493 13077 0317         AND D13117
5494 13100 2222         ISZ D13022
5495 13101 0503 P13101, D00503
5496 13102 2440 P13102, D02440
5497 13103 5031         JMP P10031
5498 13104 4017         JMS S10017
5499 13105 2240         ISZ P13040
5500 13106 1651 P13106, D01651
5501 13107 7700         SMA CLA 
5502            P13111=13111
5503            D13113=13113
5504            P13116=13116
5505            D13117=13117
5506            P13122=13122
5507            P13123=13123
5508            P13124=13124
5509            P13125=13125
5510            P13126=13126
5511            P13137=13137
5512            D13140=13140
5513            D13155=13155
5514            D13177=13177
5515            
5516                    *3200
5517 13200 6201 P13200, D06201
5518 13201 1377         TAD D13377
5519 13202 3776         DCA I P13376
5520 13203 1377         TAD D13377
5521 13204 3775         DCA I P13375
5522 13205 6201         CDF 1
5523 13206 4774         JMS I P13374
5524 13207 2611         ISZ I P13211
5525 13210 4774         JMS I P13374
5526 13211 2627 P13211, D02627
5527 13212 4773         JMS I P13373
5528 13213 1372         TAD D13372
5529 13214 7450         SNA 
5530 13215 5224         JMP L13224
5531 13216 1371         TAD D13371
5532 13217 7640         SZA CLA 
5533 13220 5243         JMP L13243
5534 13221 6201         CDF 0
5535 13222 3776         DCA I P13376
5536 13223 6201         CDF 1
5537 13224 4774 L13224, JMS I P13374
5538 13225 2611         ISZ I P13211
5539 13226 4774         JMS I P13374
5540 13227 2600 P13227, D02600
5541 13230 4773         JMS I P13373
5542 13231 1372         TAD D13372
5543 13232 7450         SNA 
5544 13233 5246         JMP L13246
5545 13234 1371         TAD D13371
5546 13235 7640         SZA CLA 
5547 13236 5243         JMP L13243
5548 13237 6201         CDF 0
5549 13240 3775         DCA I P13375
5550 13241 6201         CDF 1
5551 13242 5246         JMP L13246
5552 13243 4774 L13243, JMS I P13374
5553 13244 2476         ISZ I P10076
5554 13245 5200         JMP P13200
5555 13246 1005 L13246, TAD P10005
5556 13247 7001         IAC
5557 13250 7650         SNA CLA 
5558 13251 5770         JMP I P13370
5559 13252 4774         JMS I P13374
5560 13253 3044         DCA P10044
5561 13254 4773         JMS I P13373
5562 13255 1367         TAD D13367
5563 13256 7450         SNA 
5564 13257 5766         JMP I P13366
5565 13260 1365         TAD D13365
5566 13261 7650         SNA CLA 
5567 13262 5770         JMP I P13370
5568 13263 4774         JMS I P13374
5569 13264 2476         ISZ I P10076
5570 13265 5246         JMP L13246
5571            
5572                    *3365
5573 13365 7765 D13365, 7765
5574 13366 3403 P13366, L03403
5575 13367 7462 D13367, 7462
5576 13370 5200 P13370, P05200
5577 13371 0013 D13371, 0013
5578 13372 7447 D13372, 7447
5579 13373 2411 P13373, 2411
5580 13374 2427 P13374, 2427
5581 13375 7700 P13375, L07700
5582 13376 7711 P13376, L07711
5583 13377 7610 D13377, 7610
5584            
5585                    *3400
5586 13400 6211 P13400, D06211
5587 13401 4777         JMS I P13577
5588 13402 3014         DCA P10014
5589 13403 6201         CDF 1
5590 13404 1005         TAD P10005
5591 13405 3020         DCA P10020
5592 13406 1376         TAD D13576
5593 13407 3001         DCA P10001
5594 13410 1022         TAD P10022
5595 13411 7001         IAC
5596 13412 3006         DCA S10006
5597 13413 7340 L13413, CLA CLL CMA 
5598 13414 1006         TAD S10006
5599 13415 7550         SNA SPA 
5600 13416 5200         JMP P13400
5601 13417 3006         DCA S10006
5602 13420 4777         JMS I P13577
5603 13421 2717         ISZ I P13517
5604 13422 1375         TAD D13575
5605 13423 1006         TAD S10006
5606 13424 6046         TLS
5607 13425 6041 L13425, TSF 
5608 13426 5225         JMP L13425
5609 13427 7340         CLA CLL CMA 
5610 13430 1006         TAD S10006
5611 13431 7650         SNA CLA 
5612 13432 7344         CLA CLL CMA RAL 
5613 13433 1374         TAD D13574
5614 13434 3021         DCA P10021
5615 13435 4777 L13435, JMS I P13577
5616 13436 2723         ISZ I P13523
5617 13437 1021         TAD P10021
5618 13440 4773         JMS I P13573
5619 13441 4777         JMS I P13577
5620 13442 2731         ISZ I P13531
5621 13443 4772         JMS I P13572
5622 13444 1371         TAD D13571
5623 13445 7540         SZA SMA 
5624 13446 5342         JMP L13542
5625 13447 1370         TAD D13570
5626 13450 7550         SNA SPA 
5627 13451 5342         JMP L13542
5628 13452 3401         DCA I P10001
5629 13453 1005         TAD P10005
5630 13454 1401         TAD I P10001
5631 13455 7740         SZA SMA CLA 
5632 13456 5342         JMP L13542
5633 13457 2001         ISZ P10001
5634 13460 1006         TAD S10006
5635 13461 3401         DCA I P10001
5636 13462 2001         ISZ P10001
5637 13463 4777 L13463, JMS I P13577
5638 13464 2765         ISZ I P13565
5639 13465 3003         DCA S10003
5640 13466 4772 L13466, JMS I P13572
5641 13467 1367         TAD D13567
5642 13470 7450         SNA 
5643 13471 5311         JMP L13511
5644 13472 1366         TAD D13566
5645 13473 7540         SZA SMA 
5646 13474 5337         JMP L13537
5647 13475 1365         TAD P13565
5648 13476 7510         SPA 
5649 13477 5337         JMP L13537
5650 13500 3004         DCA P10004
5651 13501 1003         TAD S10003
5652 13502 7104         CLL RAL 
5653 13503 7006         RTL 
5654 13504 1003         TAD S10003
5655 13505 1003         TAD S10003
5656 13506 1004         TAD P10004
5657 13507 3003         DCA S10003
5658 13510 5266         JMP L13466
5659 13511 1003 L13511, TAD S10003
5660 13512 7570         SNA SPA SZL 
5661 13513 5337         JMP L13537
5662 13514 7041         CIA
5663 13515 1021         TAD P10021
5664 13516 7510         SPA 
5665 13517 5200 P13517, P05200
5666 13520 3021         DCA P10021
5667 13521 1003         TAD S10003
5668 13522 2020         ISZ P10020
5669 13523 7410 P13523, P07410
5670 13524 5345         JMP L13545
5671 13525 3401         DCA I P10001
5672 13526 2001         ISZ P10001
5673 13527 1021         TAD P10021
5674 13530 7640         SZA CLA 
5675 13531 5235 P13531, D05235
5676 13532 7340         CLA CLL CMA 
5677 13533 1006         TAD S10006
5678 13534 7710         SPA CLA 
5679 13535 5200         JMP P13400
5680 13536 5213         JMP L13413
5681 13537 4777 L13537, JMS I P13577
5682 13540 2476         ISZ I P10076
5683 13541 5263         JMP L13463
5684 13542 4777 L13542, JMS I P13577
5685 13543 2476         ISZ I P10076
5686 13544 5235         JMP L13435
5687 13545 1021 L13545, TAD P10021
5688 13546 3401         DCA I P10001
5689 13547 2001         ISZ P10001
5690 13550 5764         JMP I P13564
5691            
5692                    *3564
5693 13564 3600 P13564, S03600
5694 13565 0011 P13565, P00011
5695 13566 7724 D13566, 7724
5696 13567 7563 D13567, 7563
5697 13570 0010 D13570, 0010
5698 13571 7510 D13571, 7510
5699 13572 2411 P13572, 2411
5700 13573 4304 P13573, 4304
5701 13574 0020 D13574, 0020
5702 13575 0060 D13575, 0060
5703 13576 5000 D13576, 5000
5704 13577 2427 P13577, 2427
5705            
5706                    *3600
5707 13600 7303         CLA CLL BSW IAC
5708 13601 1377         TAD D13777
5709 13602 7640         SZA CLA 
5710 13603 5240         JMP L13640
5711 13604 1236         TAD D13636
5712 13605 7640         SZA CLA 
5713 13606 5242         JMP L13642
5714 13607 2236 D13607, 2236
5715 13610 1007         TAD P10007
5716 13611 7650 P13611, L07650
5717 13612 5241         JMP L13641
5718 13613 1634 L13613, TAD I P13634
5719 13614 3635         DCA I P13635
5720 13615 2234         ISZ P13634
5721 13616 2235         ISZ P13635
5722 13617 5213         JMP L13613
5723 13620 6201         CDF 0
5724 13621 1376         TAD D13776
5725 13622 3637         DCA I P13637
5726 13623 2237         ISZ P13637
5727 13624 1375         TAD D13775
5728 13625 3637         DCA I P13637
5729 13626 2237         ISZ P13637
5730 13627 1374         TAD D13774
5731 13630 3637         DCA I P13637
5732 13631 6201         CDF 1
5733 13632 1374         TAD D13774
5734 13633 5241         JMP L13641
5735 13634 0744 P13634, D00744
5736 13635 7744 P13635, D07744
5737 13636 0000 D13636, 0000
5738 13637 0207 P13637, D00207
5739 13640 3773 L13640, DCA I P13773
5740 13641 3023 L13641, DCA P10023
5741 13642 1372 L13642, TAD D13772
5742 13643 3001         DCA P10001
5743 13644 7325         CLA CLL CML RAL IAC
5744 13645 1372         TAD D13772
5745 13646 3002         DCA P10002
5746 13647 1005         TAD P10005
5747 13650 3020         DCA P10020
5748 13651 3021         DCA P10021
5749 13652 1001 L13652, TAD P10001
5750 13653 7001         IAC
5751 13654 3003         DCA S10003
5752 13655 1002         TAD P10002
5753 13656 7001         IAC
5754 13657 3004         DCA P10004
5755 13660 2020         ISZ P10020
5756 13661 7410         SKP 
5757 13662 5314         JMP L13714
5758 13663 1403         TAD I S10003
5759 13664 7041         CIA
5760 13665 1404         TAD I P10004
5761 13666 7750         SNA SPA CLA 
5762 13667 5305         JMP L13705
5763 13670 7346         CLA CLL CMA RTL 
5764 13671 3021         DCA P10021
5765 13672 1401 L13672, TAD I P10001
5766 13673 3000         DCA P10000
5767 13674 1402         TAD I P10002
5768 13675 3401         DCA I P10001
5769 13676 1000         TAD P10000
5770 13677 3402         DCA I P10002
5771 13700 2001         ISZ P10001
5772 13701 2002         ISZ P10002
5773 13702 2021         ISZ P10021
5774 13703 5272 D13703, 5272
5775 13704 2021         ISZ P10021
5776 13705 7326 L13705, CLA CLL CML RTL 
5777 13706 1003         TAD S10003
5778 13707 3001         DCA P10001
5779 13710 7326         CLA CLL CML RTL 
5780 13711 1004         TAD P10004
5781 13712 3002         DCA P10002
5782 13713 5252         JMP L13652
5783 13714 1021 L13714, TAD P10021
5784 13715 7640         SZA CLA 
5785 13716 5242         JMP L13642
5786 13717 5771         JMP I P13771
5787            P13744=13744
5788            
5789                    *3771
5790 13771 4000 P13771, L04000
5791 13772 5000 D13772, 5000
5792 13773 0303 P13773, D00303
5793 13774 7744 D13774, 7744
5794 13775 5611 D13775, 5611
5795 13776 6212 D13776, 6212
5796 13777 7700 D13777, 7700
5797            
5798                    *4000
5799 14000 1377         TAD D14177
5800 14001 3003         DCA S10003
5801 14002 1376         TAD D14176
5802 14003 3001         DCA P10001
5803 14004 1005         TAD P10005
5804 14005 3020         DCA P10020
5805 14006 1005         TAD P10005
5806 14007 3775         DCA I P14175
5807 14010 1774         TAD I P14174
5808 14011 3006 L14011, DCA S10006
5809 14012 7340         CLA CLL CMA 
5810 14013 1006         TAD S10006
5811 14014 7640         SZA CLA 
5812 14015 5227         JMP L14027
5813 14016 1023         TAD P10023
5814 14017 3314         DCA D14114
5815 14020 1005         TAD P10005
5816 14021 3021         DCA P10021
5817 14022 1373 L14022, TAD D14173
5818 14023 2021         ISZ P10021
5819 14024 5222 P14024, D05222
5820 14025 1372         TAD D14172
5821 14026 5231         JMP L14031
5822 14027 3314 L14027, DCA D14114
5823 14030 1371         TAD D14171
5824 14031 3313 L14031, DCA D14113
5825 14032 1401 L14032, TAD I P10001
5826 14033 2001         ISZ P10001
5827 14034 3403         DCA I S10003
5828 14035 2003         ISZ S10003
5829 14036 1401         TAD I P10001
5830 14037 7041         CIA
5831 14040 1006         TAD S10006
5832 14041 7640         SZA CLA 
5833 14042 5315         JMP L14115
5834 14043 2001         ISZ P10001
5835 14044 1006         TAD S10006
5836 14045 7104         CLL RAL 
5837 14046 7006         RTL 
5838 14047 1370         TAD D14170
5839 14050 3403         DCA I S10003
5840 14051 2003         ISZ S10003
5841 14052 1401         TAD I P10001
5842 14053 2001         ISZ P10001
5843 14054 7041         CIA
5844 14055 3021         DCA P10021
5845 14056 1367 L14056, TAD D14167
5846 14057 2021         ISZ P10021
5847 14060 5256         JMP L14056
5848 14061 3021         DCA P10021
5849 14062 7344         CLA CLL CMA RAL 
5850 14063 1314         TAD D14114
5851 14064 3403         DCA I S10003
5852 14065 2003         ISZ S10003
5853 14066 1021         TAD P10021
5854 14067 7041         CIA
5855 14070 1314         TAD D14114
5856 14071 3314         DCA D14114
5857 14072 7307         CLA CLL RTL IAC
5858 14073 1314         TAD D14114
5859 14074 7710         SPA CLA 
5860 14075 5305         JMP L14105
5861 14076 1314         TAD D14114
5862 14077 7510         SPA 
5863 14100 5327         JMP L14127
5864 14101 7041         CIA
5865 14102 1313         TAD D14113
5866 14103 7700         SMA CLA 
5867 14104 5327         JMP L14127
5868 14105 1314 L14105, TAD D14114
5869 14106 3403 L14106, DCA I S10003
5870 14107 2003         ISZ S10003
5871 14110 2020         ISZ P10020
5872 14111 5232         JMP L14032
5873 14112 5766         JMP I P14166
5874 14113 0000 D14113, 0000
5875 14114 0000 D14114, 0000
5876 14115 1001 L14115, TAD P10001
5877 14116 3006         DCA S10006
5878 14117 7340         CLA CLL CMA 
5879 14120 1001         TAD P10001
5880 14121 3001         DCA P10001
5881 14122 7340         CLA CLL CMA 
5882 14123 1003         TAD S10003
5883 14124 3003         DCA S10003
5884 14125 1406         TAD I S10006
5885 14126 5211         JMP L14011
5886 14127 7200 L14127, CLA 
5887 14130 1313         TAD D14113
5888 14131 5306         JMP L14106
5889            
5890                    *4166
5891 14166 4200 P14166, S04200
5892 14167 0400 D14167, 0400
5893 14170 6201 D14170, 6201
5894 14171 0022 D14171, 0022
5895 14172 0624 D14172, 0624
5896 14173 0051 D14173, 0051
5897 14174 5001 P14174, D05001
5898 14175 7134 P14175, D07134
5899 14176 5000 D14176, 5000
5900 14177 7200 D14177, 7200
5901            
5902                    *4200
5903 14200 1377 L14200, TAD D14377
5904 14201 3001         DCA P10001
5905 14202 3021         DCA P10021
5906 14203 1005         TAD P10005
5907 14204 3020         DCA P10020
5908 14205 7307         CLA CLL RTL IAC
5909 14206 1377         TAD D14377
5910 14207 3003         DCA S10003
5911 14210 2020 L14210, ISZ P10020
5912 14211 7410         SKP 
5913 14212 5246         JMP L14246
5914 14213 1401         TAD I P10001
5915 14214 7041         CIA
5916 14215 1403         TAD I S10003
5917 14216 7450         SNA 
5918 14217 5776         JMP I P14376
5919 14220 7700         SMA CLA 
5920 14221 5240         JMP L14240
5921 14222 1375         TAD D14375
5922 14223 3021         DCA P10021
5923 14224 1401 L14224, TAD I P10001
5924 14225 3002         DCA P10002
5925 14226 1403         TAD I S10003
5926 14227 3401         DCA I P10001
5927 14230 1002         TAD P10002
5928 14231 3403         DCA I S10003
5929 14232 2001         ISZ P10001
5930 14233 2003         ISZ S10003
5931 14234 2021         ISZ P10021
5932 14235 5224         JMP L14224
5933 14236 2021         ISZ P10021
5934 14237 1375         TAD D14375
5935 14240 1003 L14240, TAD S10003
5936 14241 3001         DCA P10001
5937 14242 7307         CLA CLL RTL IAC
5938 14243 1001         TAD P10001
5939 14244 3003         DCA S10003
5940 14245 5210         JMP L14210
5941 14246 1021 L14246, TAD P10021
5942 14247 7640         SZA CLA 
5943 14250 5200         JMP L14200
5944 14251 1377         TAD D14377
5945 14252 3001         DCA P10001
5946 14253 1005         TAD P10005
5947 14254 3020         DCA P10020
5948 14255 7001         IAC
5949 14256 1377         TAD D14377
5950 14257 3003         DCA S10003
5951 14260 7346 L14260, CLA CLL CMA RTL 
5952 14261 3021         DCA P10021
5953 14262 1403 L14262, TAD I S10003
5954 14263 3401         DCA I P10001
5955 14264 2001         ISZ P10001
5956 14265 2003         ISZ S10003
5957 14266 2021         ISZ P10021
5958 14267 5262         JMP L14262
5959 14270 2003         ISZ S10003
5960 14271 2020         ISZ P10020
5961 14272 5260         JMP L14260
5962 14273 4774         JMS I P14374
5963 14274 3070         DCA P10070
5964 14275 4773         JMS I P14373
5965 14276 1372         TAD D14372
5966 14277 7640         SZA CLA 
5967 14300 5771         JMP I P14371
5968 14301 4774         JMS I P14374
5969 14302 3002         DCA P10002
5970 14303 5770         JMP I P14370
5971 14304 0000 P14304, S00000
5972 14305 3340         DCA D14340
5973 14306 1367         TAD D14367
5974 14307 3336         DCA D14336
5975 14310 3337         DCA D14337
5976 14311 5314         JMP L14314
5977 14312 2337 L14312, ISZ D14337
5978 14313 3340         DCA D14340
5979 14314 1340 L14314, TAD D14340
5980 14315 1336         TAD D14336
5981 14316 7500         SMA 
5982 14317 5312         JMP L14312
5983 14320 7200         CLA 
5984 14321 1366         TAD D14366
5985 14322 1337         TAD D14337
5986 14323 6046         TLS
5987 14324 6041 L14324, TSF 
5988 14325 5324         JMP L14324
5989 14326 6032         KCC
5990 14327 2336         ISZ D14336
5991 14330 7410         SKP 
5992 14331 5704         JMP I P14304
5993 14332 7340         CLA CLL CMA 
5994 14333 3336         DCA D14336
5995 14334 3337         DCA D14337
5996 14335 5314         JMP L14314
5997 14336 0000 D14336, 0000
5998 14337 0000 D14337, 0000
5999 14340 0000 D14340, 0000
6000            
6001                    *4366
6002 14366 0060 D14366, 0060
6003 14367 7766 D14367, 7766
6004 14370 4400 P14370, P04400
6005 14371 2026 P14371, L02026
6006 14372 7447 D14372, 7447
6007 14373 2411 P14373, 2411
6008 14374 2427 P14374, 2427
6009 14375 7774 D14375, 7774
6010 14376 3400 P14376, S03400
6011 14377 7200 D14377, 7200
6012            
6013                    *4400
6014 14400 6201 P14400, D06201
6015 14401 1777         TAD I P14577
6016 14402 1005         TAD P10005
6017 14403 3777         DCA I P14577
6018 14404 1777         TAD I P14577
6019 14405 7041         CIA
6020 14406 3776         DCA I P14576
6021 14407 1005         TAD P10005
6022 14410 3775         DCA I P14575
6023 14411 6211 P14411, D06211
6024 14412 1374         TAD D14574
6025 14413 3021         DCA P10021
6026 14414 1373         TAD D14573
6027 14415 3001         DCA P10001
6028 14416 7340         CLA CLL CMA 
6029 14417 1005         TAD P10005
6030 14420 3305         DCA D14505
6031 14421 1005         TAD P10005
6032 14422 3020         DCA P10020
6033 14423 6201 L14423, CDF 1
6034 14424 1421         TAD I P10021
6035 14425 2021         ISZ P10021
6036 14426 6201         CDF 0
6037 14427 2305         ISZ D14505
6038 14430 5234 D14430, 5234
6039 14431 7240         CLA CMA 
6040 14432 3305         DCA D14505
6041 14433 1372         TAD D14572
6042 14434 1371 L14434, TAD D14571
6043 14435 3401         DCA I P10001
6044 14436 2001         ISZ P10001
6045 14437 2020         ISZ P10020
6046 14440 5223         JMP L14423
6047 14441 6201         CDF 0
6048 14442 1005         TAD P10005
6049 14443 3021         DCA P10021
6050 14444 2021 L14444, ISZ P10021
6051 14445 7410         SKP 
6052 14446 5251         JMP L14451
6053 14447 7130         CLL CML RAR 
6054 14450 5244         JMP L14444
6055 14451 3770 L14451, DCA I P14570
6056 14452 6201         CDF 1
6057 14453 1022 L14453, TAD P10022
6058 14454 7106         CLL RTL 
6059 14455 7004         RAL 
6060 14456 1367         TAD D14567
6061 14457 3275         DCA L14475
6062 14460 1275         TAD L14475
6063 14461 1366         TAD D14566
6064 14462 7650 L14462, SNA CLA 
6065 14463 5316         JMP L14516
6066 14464 1365         TAD D14565
6067 14465 3310         DCA L14510
6068 14466 1364         TAD D14564
6069 14467 3306         DCA P14506
6070 14470 3307 L14470, DCA P14507
6071 14471 6201 L14471, CDF 1
6072 14472 1706         TAD I P14506
6073 14473 2306         ISZ P14506
6074 14474 7000         NOP
6075 14475 6203 L14475, CDF 2
6076 14476 3707         DCA I P14507
6077 14477 2307         ISZ P14507
6078 14500 5311         JMP L14511
6079 14501 7340         CLA CLL CMA 
6080 14502 1022         TAD P10022
6081 14503 3022         DCA P10022
6082 14504 5253         JMP L14453
6083 14505 0000 D14505, 0000
6084 14506 0000 P14506, S00000
6085 14507 0000 P14507, S00000
6086 14510 0000 L14510, AND P10000
6087 14511 2310 L14511, ISZ L14510
6088 14512 5271         JMP L14471
6089 14513 7340         CLA CLL CMA 
6090 14514 3310         DCA L14510
6091 14515 5275         JMP L14475
6092 14516 1007 L14516, TAD P10007
6093 14517 7650         SNA CLA 
6094 14520 5763         JMP I P14563
6095 14521 6201         CDF 0
6096 14522 3762         DCA I P14562
6097 14523 3761         DCA I P14561
6098 14524 3760         DCA I P14560
6099 14525 3757         DCA I P14557
6100 14526 3756         DCA I P14556
6101 14527 3755         DCA I P14555
6102 14530 3754         DCA I P14554
6103 14531 6201         CDF 1
6104 14532 3753         DCA I P14553
6105 14533 5752         JMP I P14552
6106            
6107                    *4552
6108 14552 4611 P14552, P04611
6109 14553 0310 P14553, D00310
6110 14554 5310 P14554, D05310
6111 14555 5307 P14555, P05307
6112 14556 5270 P14556, D05270
6113 14557 5262 P14557, D05262
6114 14560 3431 P14560, D03431
6115 14561 3437 P14561, D03437
6116 14562 3436 P14562, D03436
6117 14563 4600 P14563, L04600
6118 14564 6000 D14564, 6000
6119 14565 7756 D14565, 7756
6120 14566 1567 D14566, 1567
6121 14567 6201 D14567, 6201
6122 14570 5360 P14570, D05360
6123 14571 6006 D14571, 6006
6124 14572 1172 D14572, 1172
6125 14573 5170 D14573, 5170
6126 14574 7000 D14574, 7000
6127 14575 5357 P14575, D05357
6128 14576 0112 P14576, P00112
6129 14577 0230 P14577, D00230
6130            
6131                    *4600
6132 14600 6201         CDF 1
6133 14601 1377         TAD D14777
6134 14602 3776         DCA I P14776
6135 14603 3775         DCA I P14775
6136 14604 1374         TAD D14774
6137 14605 3773         DCA I P14773
6138 14606 7301         CLA CLL IAC
6139 14607 6115         6115
6140 14610 7300         CLA CLL 
6141 14611 6201         CDF 1
6142 14612 1621 L14612, TAD I P14621
6143 14613 3622         DCA I P14622
6144 14614 2221         ISZ P14621
6145 14615 2222         ISZ P14622
6146 14616 2223         ISZ D14623
6147 14617 5212         JMP L14612
6148 14620 5772         JMP I P14772
6149 14621 6000 P14621, S06000
6150 14622 0000 P14622, S00000
6151 14623 7733 D14623, 7733
6152            D14705=14705
6153            D14706=14706
6154            D14711=14711
6155            
6156                    *4772
6157 14772 7010 P14772, L07010
6158 14773 0311 P14773, D00311
6159 14774 6126 D14774, 6126
6160 14775 0306 P14775, D00306
6161 14776 0305 P14776, P00305
6162 14777 6046 D14777, 6046
6163            
6164                    *5000
6165 15000 0000         AND P10000
6166            
6167                    *5200
6168 15200 1022 P15200, L01022
6169 15201 7106         CLL RTL 
6170 15202 7004         RAL 
6171 15203 1005         TAD P10005
6172 15204 1377         TAD D15377
6173 15205 3021         DCA P10021
6174 15206 1421         TAD I P10021
6175 15207 3021         DCA P10021
6176 15210 1376         TAD D15376
6177 15211 3001         DCA P10001
6178 15212 1005         TAD P10005
6179 15213 3020         DCA P10020
6180 15214 1421 L15214, TAD I P10021
6181 15215 7106         CLL RTL 
6182 15216 7006         RTL 
6183 15217 0375         AND D15375
6184 15220 7001         IAC
6185 15221 3401         DCA I P10001
6186 15222 2001         ISZ P10001
6187 15223 1421         TAD I P10021
6188 15224 7112         CLL RTR 
6189 15225 7012         RTR 
6190 15226 7012         RTR 
6191 15227 0375         AND D15375
6192 15230 3401         DCA I P10001
6193 15231 2001         ISZ P10001
6194 15232 1421         TAD I P10021
6195 15233 0374         AND D15374
6196 15234 3401         DCA I P10001
6197 15235 2021         ISZ P10021
6198 15236 2001         ISZ P10001
6199 15237 2020         ISZ P10020
6200 15240 5214         JMP L15214
6201 15241 5773         JMP I P15373
6202            P15274=15274
6203            
6204                    *5373
6205 15373 3600 P15373, S03600
6206 15374 0037 D15374, 0037
6207 15375 0007 D15375, 0007
6208 15376 5000 D15376, 5000
6209 15377 5674 D15377, 5674
6210            
6211                    *5400
6212 15400 0116         AND P10116
6213 15401 0107         AND P10107
6214 15402 1107         TAD P10107
6215 15403 0105         AND P10105
6216 15404 1105 L15404, TAD P10105
6217 15405 2104 L15405, ISZ P10104
6218 15406 0104 D15406, 0104
6219 15407 1104         TAD P10104
6220 15410 2103 D15410, 2103
6221 15411 3103         DCA P10103
6222 15412 0103         AND P10103
6223 15413 1103         TAD P10103
6224 15414 2103         ISZ P10103
6225 15415 3103         DCA P10103
6226 15416 4102         JMS P10102
6227 15417 0103         AND P10103
6228 15420 1103 D15420, 1103
6229 15421 2102         ISZ P10102
6230 15422 3102         DCA P10102
6231 15423 4102         JMS P10102
6232 15424 5102         JMP P10102
6233 15425 0102         AND P10102
6234 15426 1102         TAD P10102
6235 15427 2102         ISZ P10102
6236 15430 3102         DCA P10102
6237 15431 4102         JMS P10102
6238 15432 5102         JMP P10102
6239 15433 6102         6102
6240 15434 0102         AND P10102
6241 15435 1102         TAD P10102
6242 15436 2102         ISZ P10102
6243 15437 3102         DCA P10102
6244 15440 4102         JMS P10102
6245 15441 5102         JMP P10102
6246 15442 6101         6101
6247 15443 7101         CLL IAC
6248 15444 1116         TAD P10116
6249 15445 0220         AND D15420
6250 15446 0116         AND P10116
6251 15447 1210         TAD D15410
6252 15450 2210         ISZ D15410
6253 15451 0210         AND D15410
6254 15452 1210         TAD D15410
6255 15453 2107         ISZ P10107
6256 15454 3107         DCA P10107
6257 15455 0107         AND P10107
6258 15456 1107         TAD P10107
6259 15457 2206         ISZ D15406
6260 15460 3205         DCA L15405
6261 15461 4205         JMS L15405
6262 15462 0206         AND D15406
6263 15463 1205         TAD L15405
6264 15464 2205         ISZ L15405
6265 15465 3105         DCA P10105
6266 15466 4105         JMS P10105
6267 15467 5104         JMP P10104
6268 15470 0105         AND P10105
6269 15471 1105         TAD P10105
6270 15472 2104         ISZ P10104
6271 15473 3204         DCA L15404
6272 15474 4204         JMS L15404
6273 15475 5204         JMP L15404
6274 15476 6204         6204
6275 15477 0204         AND L15404
6276 15500 1204         TAD L15404
6277 15501 2204         ISZ L15404
6278 15502 3204         DCA L15404
6279 15503 4104         JMS P10104
6280 15504 5104         JMP P10104
6281 15505 6103 L15505, 6103
6282 15506 7103 D15506, 7103
6283 15507 2116         ISZ P10116
6284 15510 0220 D15510, 0220
6285 15511 1320         TAD D15520
6286 15512 0220         AND D15420
6287 15513 1116         TAD P10116
6288 15514 2310         ISZ D15510
6289 15515 3310         DCA D15510
6290 15516 0116         AND P10116
6291 15517 1210         TAD D15410
6292 15520 2210 D15520, 2210
6293 15521 3310         DCA D15510
6294 15522 4310         JMS D15510
6295 15523 0210         AND D15410
6296 15524 1210         TAD D15410
6297 15525 2310         ISZ D15510
6298 15526 3310         DCA D15510
6299 15527 4107         JMS P10107
6300 15530 5107         JMP P10107
6301 15531 0210         AND D15410
6302 15532 1210         TAD D15410
6303 15533 2107         ISZ P10107
6304 15534 3107         DCA P10107
6305 15535 4306         JMS D15506
6306 15536 5305         JMP L15505
6307 15537 6305         6305
6308 15540 0107         AND P10107
6309 15541 1107         TAD P10107
6310 15542 2206         ISZ D15406
6311 15543 3306         DCA D15506
6312 15544 4205         JMS L15405
6313 15545 5205         JMP L15405
6314 15546 6305         6305
6315 15547 7305         CLA CLL RAL IAC
6316 15550 3116         DCA P10116
6317 15551 0220         AND D15420
6318 15552 1320         TAD D15520
6319 15553 2420         ISZ I P10020
6320 15554 0220         AND D15420
6321 15555 1320         TAD D15520
6322 15556 2116         ISZ P10116
6323 15557 3410         DCA I S10010
6324 15560 4410         JMS I S10010
6325 15561 0220         AND D15420
6326 15562 1116         TAD P10116
6327 15563 2310         ISZ D15510
6328 15564 3310         DCA D15510
6329 15565 4410         JMS I S10010
6330 15566 5410         JMP I S10010
6331 15567 0116         AND P10116
6332 15570 1210         TAD D15410
6333 15571 2210         ISZ D15410
6334 15572 3310         DCA D15510
6335 15573 4310         JMS D15510
6336 15574 5410         JMP I S10010
6337 15575 6410         6410
6338 15576 6107         6107
6339 15577 7107         CLL RTL IAC
6340            
6341                    *5600
6342 15600 0210         AND P15610
6343 15601 1210         TAD P15610
6344 15602 2310         ISZ D15710
6345 15603 3310         DCA D15710
6346 15604 4410         JMS I S10010
6347 15605 5410         JMP I S10010
6348 15606 4116 P15606, L04116
6349 15607 0220 P15607, L00220
6350 15610 1320 P15610, L01320
6351 15611 2420         ISZ I P10020
6352 15612 3520         DCA I P10120
6353 15613 0220 P15613, L00220
6354 15614 1320         TAD D15720
6355 15615 2420         ISZ I P10020
6356 15616 3116         DCA P10116
6357 15617 4510         JMS I P10110
6358 15620 5510 P15620, 5510
6359 15621 0220 P15621, L00220
6360 15622 1320         TAD D15720
6361 15623 2116         ISZ P10116
6362 15624 3410         DCA I S10010
6363 15625 4410         JMS I S10010
6364 15626 5510         JMP I P10110
6365 15627 6510         6510
6366 15630 0220 P15630, L00220
6367 15631 1116         TAD P10116
6368 15632 2310         ISZ D15710
6369 15633 3310         DCA D15710
6370 15634 4410         JMS I S10010
6371 15635 5410         JMP I S10010
6372 15636 6510         6510
6373 15637 7510         SPA 
6374 15640 5116 P15640, L05116
6375 15641 0220 P15641, L00220
6376 15642 1320         TAD D15720
6377 15643 2420         ISZ I P10020
6378 15644 3520         DCA I P10120
6379 15645 4620         JMS I P15620
6380 15646 4116 P15646, L04116
6381 15647 0220         AND P15620
6382 15650 1320         TAD D15720
6383 15651 2420         ISZ I P10020
6384 15652 3520         DCA I P10120
6385 15653 5610         JMP I P15610
6386 15654 6610         6610
6387 15655 0220 P15655, L00220
6388 15656 1320         TAD D15720
6389 15657 2420         ISZ I P10020
6390 15660 3116         DCA P10116
6391 15661 4510         JMS I P10110
6392 15662 5510         JMP I P10110
6393 15663 6610         6610
6394 15664 7610         SKP CLA 
6395 15665 7116 P15665, L07116
6396 15666 6720 P15666, L06720
6397 15667 0220 P15667, L00220
6398 15670 1320         TAD D15720
6399 15671 2420         ISZ I P10020
6400 15672 4620         JMS I P15620
6401 15673 3520         DCA I P10120
6402 15674 5434         JMP I P10034
6403 15675 5425         JMP I S10025
6404 15676 5417         JMP I S10017
6405 15677 5412         JMP I P10012
6406 15700 5406         JMP I S10006
6407 15701 5403         JMP I S10003
6408 15702 5401         JMP I P10001
6409 15703 5400         JMP I P10000
6410 15704 5477         JMP I P10077
6411 15705 5470         JMP I P10070
6412 15706 5462         JMP I P10062
6413 15707 5455         JMP I P10055
6414 15710 5451 D15710, 5451
6415 15711 5446         JMP I P10046
6416 15712 5444         JMP I P10044
6417 15713 5445         JMP I P10045
6418 15714 5540         JMP I P10140
6419 15715 5531         JMP I P10131
6420 15716 5523         JMP I P10123
6421 15717 5516         JMP I P10116
6422 15720 5512 D15720, 5512
6423 15721 5507         JMP I P10107
6424 15722 5510         JMP I P10110
6425 15723 5445         JMP I P10045
6426 15724 5576         JMP I P10176
6427 15725 5567         JMP I P10167
6428 15726 5561         JMP I P10161
6429 15727 5554         JMP I P10154
6430 15730 5550         JMP I P10150
6431 15731 5551         JMP I P10151
6432 15732 5510         JMP I P10110
6433 15733 5445         JMP I P10045
6434 15734 5630         JMP I P15630
6435 15735 5621         JMP I P15621
6436 15736 5613         JMP I P15613
6437 15737 5606         JMP I P15606
6438 15740 5607         JMP I P15607
6439 15741 5551         JMP I P10151
6440 15742 5510         JMP I P10110
6441 15743 5445         JMP I P10045
6442 15744 5655         JMP I P15655
6443 15745 5646         JMP I P15646
6444 15746 5640         JMP I P15640
6445 15747 5641         JMP I P15641
6446 15750 5607         JMP I P15607
6447 15751 5551         JMP I P10151
6448 15752 5510         JMP I P10110
6449 15753 5445         JMP I P10045
6450 15754 5665         JMP I P15665
6451 15755 5666         JMP I P15666
6452 15756 5667         JMP I P15667
6453 15757 5641         JMP I P15641
6454 15760 5607         JMP I P15607
6455 15761 5551         JMP I P10151
6456 15762 5510         JMP I P10110
6457 15763 5445         JMP I P10045
6458            
6459                    *6000
6460 16000 7745 D16000, 7745
6461 16001 6206         CIF 6
6462 16002 5762         JMP I P16162
6463 16003 5156         JMP L10156
6464 16004 7762 P16004, D07762
6465 16005 4541         JMS I P10141
6466 16006 4471         JMS I P10071
6467 16007 7777         7777
6468 16010 4445         JMS I P10045
6469 16011 5445         JMP I P10045
6470 16012 6445         6445
6471 16013 4477         JMS I P10077
6472 16014 6750         6750
6473 16015 4164         JMS D10164
6474 16016 3777         DCA I P16177
6475 16017 7763         7763
6476 16020 6457         6457
6477 16021 6077         6077
6478 16022 6362         6362
6479 16023 1604         TAD I P16004
6480 16024 4267         JMS D16067
6481 16025 0474         AND I P10074
6482 16026 5041         JMP L10041
6483 16027 1117         TAD P10117
6484 16030 2451         ISZ I P10051
6485 16031 4254         JMS D16054
6486 16032 1414         TAD I P10014
6487 16033 2454         ISZ I P10054
6488 16034 2454         ISZ I P10054
6489 16035 1252         TAD D16052
6490 16036 1200         TAD D16000
6491 16037 0774         AND I P16174
6492 16040 7545         7545
6493 16041 2454         ISZ I P10054
6494 16042 1415         TAD I P10015
6495 16043 2374         ISZ P16174
6496 16044 1561         TAD I P10161
6497            D16052=16052
6498            D16054=16054
6499            D16067=16067
6500            P16162=16162
6501            P16174=16174
6502            P16177=16177
6503            
6504                    *7000
6505 17000 0040         AND P10040
6506 17001 0120         AND P10120
6507 17002 0120         AND P10120
6508 17003 0120         AND P10120
6509 17004 0120         AND P10120
6510 17005 0040         AND P10040
6511 17006 0040         AND P10040
6512 17007 0040         AND P10040
6513 17010 1377         TAD D17177
6514 17011 3335         DCA P17135
6515 17012 6201         CDF 1
6516 17013 3735 L17013, DCA I P17135
6517 17014 2335         ISZ P17135
6518 17015 1335         TAD P17135
6519 17016 1376         TAD P17176
6520 17017 7640         SZA CLA 
6521 17020 5213         JMP L17013
6522 17021 1377         TAD D17177
6523 17022 3335         DCA P17135
6524 17023 1375         TAD D17175
6525 17024 3336 P17024, L03336
6526 17025 1374         TAD D17174
6527 17026 3340         DCA P17140
6528 17027 1373         TAD D17173
6529 17030 3337         DCA P17137
6530 17031 1372         TAD D17172
6531 17032 3341         DCA P17141
6532 17033 1740 L17033, TAD I P17140
6533 17034 4351         JMS S17151
6534 17035 7307         CLA CLL RTL IAC
6535 17036 4342         JMS S17142
6536 17037 1371         TAD D17171
6537 17040 4351         JMS S17151
6538 17041 1370         TAD D17170
6539 17042 4342         JMS S17142
6540 17043 7340         CLA CLL CMA 
6541 17044 4351         JMS S17151
6542 17045 4351         JMS S17151
6543 17046 1741         TAD I P17141
6544 17047 1367         TAD D17167
6545 17050 4351         JMS S17151
6546 17051 1736         TAD I P17136
6547 17052 4351         JMS S17151
6548 17053 1366         TAD D17166
6549 17054 4342         JMS S17142
6550 17055 1365         TAD D17165
6551 17056 1737         TAD I P17137
6552 17057 4351         JMS S17151
6553 17060 1365         TAD D17165
6554 17061 1737         TAD I P17137
6555 17062 4351         JMS S17151
6556 17063 1365         TAD D17165
6557 17064 1737         TAD I P17137
6558 17065 4351         JMS S17151
6559 17066 1364         TAD D17164
6560 17067 1737         TAD I P17137
6561 17070 4351         JMS S17151
6562 17071 1364         TAD D17164
6563 17072 1737         TAD I P17137
6564 17073 4351         JMS S17151
6565 17074 7325         CLA CLL CML RAL IAC
6566 17075 4342         JMS S17142
6567 17076 1363         TAD D17163
6568 17077 1737         TAD I P17137
6569 17100 4351         JMS S17151
6570 17101 1363         TAD D17163
6571 17102 1737         TAD I P17137
6572 17103 4351         JMS S17151
6573 17104 1740         TAD I P17140
6574 17105 4351         JMS S17151
6575 17106 1362         TAD D17162
6576 17107 1737         TAD I P17137
6577 17110 4351         JMS S17151
6578 17111 1361         TAD D17161
6579 17112 1737         TAD I P17137
6580 17113 4351         JMS S17151
6581 17114 1366         TAD D17166
6582 17115 4342         JMS S17142
6583 17116 2336         ISZ P17136
6584 17117 2336         ISZ P17136
6585 17120 2336         ISZ P17136
6586 17121 2337         ISZ P17137
6587 17122 2337         ISZ P17137
6588 17123 2337         ISZ P17137
6589 17124 2340         ISZ P17140
6590 17125 2340         ISZ P17140
6591 17126 2340         ISZ P17140
6592 17127 2341         ISZ P17141
6593 17130 2334         ISZ D17134
6594 17131 5233         JMP L17033
6595 17132 6203         CDF CIF 0
6596 17133 5760         JMP I P17160
6597 17134 0000 D17134, 0000
6598 17135 0000 P17135, S00000
6599 17136 0000 P17136, S00000
6600 17137 0000 P17137, S00000
6601 17140 0000 P17140, S00000
6602 17141 0000 P17141, S00000
6603 17142 0000 S17142, 0000
6604 17143 7041         CIA
6605 17144 3224         DCA P17024
6606 17145 4351 L17145, JMS S17151
6607 17146 2224         ISZ P17024
6608 17147 5345         JMP L17145
6609 17150 5742         JMP I S17142
6610 17151 0000 S17151, 0000
6611 17152 3735         DCA I P17135
6612 17153 2335         ISZ P17135
6613 17154 5751 D17154, 5751
6614            
6615                    *7160
6616 17160 0354 P17160, L00354
6617 17161 0100 D17161, 0100
6618 17162 0162 D17162, 0162
6619 17163 0164 D17163, 0164
6620 17164 0000 D17164, 0000
6621 17165 0040 D17165, 0040
6622 17166 0005 D17166, 0005
6623 17167 5776 D17167, 5776
6624 17170 0010 D17170, 0010
6625 17171 0474 D17171, 0474
6626 17172 7000 D17172, 7000
6627 17173 7202 D17173, 7202
6628 17174 7201 D17174, 7201
6629 17175 7200 D17175, 7200
6630 17176 1000 P17176, L01000
6631 17177 0624 D17177, 0624
6632            $
